[config] num_tokens=4096, hidden=2048, num_topk=8
[layout] Kernel performance: 0.047 ms

[testing] Running with BF16, without top-k (async=False, previous=False) ... passed
[testing] Running with BF16, with top-k (async=False, previous=False) ... passed
[testing] Running with BF16, without top-k (async=False, previous=False) ... passed
[testing] Running with BF16, with top-k (async=False, previous=False) ... passed
[testing] Running with FP8, without top-k (async=False, previous=False) ... passed
[testing] Running with FP8, with top-k (async=False, previous=False) ... passed
[testing] Running with BF16, without top-k (async=True, previous=False) ... passed
[testing] Running with BF16, with top-k (async=True, previous=False) ... passed
[testing] Running with BF16, without top-k (async=True, previous=False) ... passed
[testing] Running with BF16, with top-k (async=True, previous=False) ... passed
[testing] Running with FP8, without top-k (async=True, previous=False) ... passed
[testing] Running with FP8, with top-k (async=True, previous=False) ... passed
[testing] Running with BF16, without top-k (async=False, previous=True) ... passed
[testing] Running with BF16, with top-k (async=False, previous=True) ... passed
[testing] Running with BF16, without top-k (async=False, previous=True) ... passed
[testing] Running with BF16, with top-k (async=False, previous=True) ... passed
[testing] Running with FP8, without top-k (async=False, previous=True) ... passed
[testing] Running with FP8, with top-k (async=False, previous=True) ... passed
[testing] Running with BF16, without top-k (async=True, previous=True) ... passed
[testing] Running with BF16, with top-k (async=True, previous=True) ... passed
[testing] Running with BF16, without top-k (async=True, previous=True) ... passed
[testing] Running with BF16, with top-k (async=True, previous=True) ... passed
[testing] Running with FP8, without top-k (async=True, previous=True) ... passed
[testing] Running with FP8, with top-k (async=True, previous=True) ... passed

[tuning] SMs 22, NVL chunk default: 133.17 GB/s (NVL), avg_t: 673.27 us
[tuning] SMs 22, NVL chunk 1: 29.93 GB/s (NVL), avg_t: 2995.74 us
[tuning] SMs 22, NVL chunk 2: 54.80 GB/s (NVL), avg_t: 1636.21 us
[tuning] SMs 22, NVL chunk 3: 79.70 GB/s (NVL), avg_t: 1124.97 us
[tuning] SMs 22, NVL chunk 4: 100.96 GB/s (NVL), avg_t: 888.09 us
[tuning] SMs 22, NVL chunk 5: 121.33 GB/s (NVL), avg_t: 738.95 us
[tuning] SMs 22, NVL chunk 6: 133.08 GB/s (NVL), avg_t: 673.69 us
[tuning] SMs 22, NVL chunk 7: 131.21 GB/s (NVL), avg_t: 683.30 us
[tuning] SMs 22, NVL chunk 8: 136.19 GB/s (NVL), avg_t: 658.32 us
[tuning] SMs 22, NVL chunk 9: 147.31 GB/s (NVL), avg_t: 608.64 us
[tuning] SMs 22, NVL chunk 10: 159.86 GB/s (NVL), avg_t: 560.84 us
[tuning] SMs 22, NVL chunk 11: 173.21 GB/s (NVL), avg_t: 517.62 us
[tuning] SMs 22, NVL chunk 12: 186.27 GB/s (NVL), avg_t: 481.33 us
[tuning] SMs 22, NVL chunk 13: 196.83 GB/s (NVL), avg_t: 455.51 us
[tuning] SMs 22, NVL chunk 14: 205.76 GB/s (NVL), avg_t: 435.75 us
[tuning] SMs 22, NVL chunk 15: 208.17 GB/s (NVL), avg_t: 430.70 us
[tuning] SMs 22, NVL chunk 16: 206.55 GB/s (NVL), avg_t: 434.07 us
[tuning] SMs 22, NVL chunk 17: 206.69 GB/s (NVL), avg_t: 433.77 us
[tuning] SMs 22, NVL chunk 18: 210.27 GB/s (NVL), avg_t: 426.39 us
[tuning] SMs 22, NVL chunk 19: 218.51 GB/s (NVL), avg_t: 410.30 us
[tuning] SMs 22, NVL chunk 20: 225.40 GB/s (NVL), avg_t: 397.78 us
[tuning] SMs 22, NVL chunk 21: 231.96 GB/s (NVL), avg_t: 386.53 us
[tuning] SMs 22, NVL chunk 22: 235.45 GB/s (NVL), avg_t: 380.79 us
[tuning] SMs 22, NVL chunk 23: 238.04 GB/s (NVL), avg_t: 376.65 us
[tuning] SMs 22, NVL chunk 24: 239.43 GB/s (NVL), avg_t: 374.46 us
[tuning] SMs 22, NVL chunk 25: 239.89 GB/s (NVL), avg_t: 373.74 us
[tuning] SMs 22, NVL chunk 26: 242.77 GB/s (NVL), avg_t: 369.31 us
[tuning] SMs 22, NVL chunk 27: 244.98 GB/s (NVL), avg_t: 365.98 us
[tuning] SMs 22, NVL chunk 28: 248.48 GB/s (NVL), avg_t: 360.82 us
[tuning] SMs 22, NVL chunk 29: 249.27 GB/s (NVL), avg_t: 359.68 us
[tuning] SMs 22, NVL chunk 30: 252.39 GB/s (NVL), avg_t: 355.23 us
[tuning] SMs 22, NVL chunk 31: 254.46 GB/s (NVL), avg_t: 352.34 us
[tuning] SMs 22, NVL chunk 32: 255.83 GB/s (NVL), avg_t: 350.46 us
[tuning] SMs 22, NVL chunk 33: 256.36 GB/s (NVL), avg_t: 349.73 us
[tuning] SMs 22, NVL chunk 34: 258.30 GB/s (NVL), avg_t: 347.11 us
[tuning] SMs 22, NVL chunk 35: 260.25 GB/s (NVL), avg_t: 344.51 us
[tuning] SMs 22, NVL chunk 36: 261.53 GB/s (NVL), avg_t: 342.82 us
[tuning] SMs 22, NVL chunk 37: 262.58 GB/s (NVL), avg_t: 341.44 us
[tuning] SMs 22, NVL chunk 38: 263.52 GB/s (NVL), avg_t: 340.22 us
[tuning] SMs 22, NVL chunk 39: 264.38 GB/s (NVL), avg_t: 339.12 us
[tuning] SMs 22, NVL chunk 40: 265.60 GB/s (NVL), avg_t: 337.57 us
[tuning] SMs 22, NVL chunk 41: 264.91 GB/s (NVL), avg_t: 338.44 us
[tuning] SMs 22, NVL chunk 42: 265.67 GB/s (NVL), avg_t: 337.47 us
[tuning] SMs 22, NVL chunk 43: 265.96 GB/s (NVL), avg_t: 337.11 us
[tuning] SMs 22, NVL chunk 44: 267.76 GB/s (NVL), avg_t: 334.84 us
[tuning] SMs 22, NVL chunk 45: 269.49 GB/s (NVL), avg_t: 332.70 us
[tuning] SMs 22, NVL chunk 46: 270.32 GB/s (NVL), avg_t: 331.67 us
[tuning] SMs 22, NVL chunk 47: 267.73 GB/s (NVL), avg_t: 334.88 us
[tuning] SMs 22, NVL chunk 48: 268.59 GB/s (NVL), avg_t: 333.81 us
[tuning] SMs 22, NVL chunk 49: 267.87 GB/s (NVL), avg_t: 334.71 us
[tuning] SMs 22, NVL chunk 50: 268.22 GB/s (NVL), avg_t: 334.27 us
[tuning] SMs 22, NVL chunk 51: 268.96 GB/s (NVL), avg_t: 333.35 us
[tuning] SMs 22, NVL chunk 52: 270.63 GB/s (NVL), avg_t: 331.29 us
[tuning] SMs 22, NVL chunk 53: 271.30 GB/s (NVL), avg_t: 330.47 us
[tuning] SMs 22, NVL chunk 54: 272.59 GB/s (NVL), avg_t: 328.90 us
[tuning] SMs 22, NVL chunk 55: 274.37 GB/s (NVL), avg_t: 326.77 us
[tuning] SMs 22, NVL chunk 56: 274.00 GB/s (NVL), avg_t: 327.22 us
[tuning] SMs 22, NVL chunk 57: 272.59 GB/s (NVL), avg_t: 328.91 us
[tuning] SMs 22, NVL chunk 58: 271.06 GB/s (NVL), avg_t: 330.77 us
[tuning] SMs 22, NVL chunk 59: 269.50 GB/s (NVL), avg_t: 332.68 us
[tuning] SMs 22, NVL chunk 60: 269.78 GB/s (NVL), avg_t: 332.33 us
[tuning] SMs 22, NVL chunk 61: 268.63 GB/s (NVL), avg_t: 333.76 us
[tuning] SMs 22, NVL chunk 62: 268.70 GB/s (NVL), avg_t: 333.67 us
[tuning] SMs 22, NVL chunk 63: 267.70 GB/s (NVL), avg_t: 334.92 us
[tuning] SMs 22, NVL chunk 64: 269.44 GB/s (NVL), avg_t: 332.76 us
[tuning] Best dispatch (BF16): SMs 22, NVL chunk 55, 274.37 GB/s (NVL), t: 326.77 us

[tuning] SMs 22, NVL chunk default: 100.12 GB/s (NVL), avg_t: 895.54 us
[tuning] SMs 22, NVL chunk 1: 30.70 GB/s (NVL), avg_t: 2920.68 us
[tuning] SMs 22, NVL chunk 2: 57.05 GB/s (NVL), avg_t: 1571.56 us
[tuning] SMs 22, NVL chunk 3: 82.14 GB/s (NVL), avg_t: 1091.54 us
[tuning] SMs 22, NVL chunk 4: 99.95 GB/s (NVL), avg_t: 897.02 us
[tuning] SMs 22, NVL chunk 5: 122.86 GB/s (NVL), avg_t: 729.78 us
[tuning] SMs 22, NVL chunk 6: 143.08 GB/s (NVL), avg_t: 626.64 us
[tuning] SMs 22, NVL chunk 7: 145.11 GB/s (NVL), avg_t: 617.85 us
[tuning] SMs 22, NVL chunk 8: 160.85 GB/s (NVL), avg_t: 557.38 us
[tuning] SMs 22, NVL chunk 9: 176.42 GB/s (NVL), avg_t: 508.21 us
[tuning] SMs 22, NVL chunk 10: 160.53 GB/s (NVL), avg_t: 558.52 us
[tuning] SMs 22, NVL chunk 11: 174.38 GB/s (NVL), avg_t: 514.15 us
[tuning] SMs 22, NVL chunk 12: 187.09 GB/s (NVL), avg_t: 479.21 us
[tuning] SMs 22, NVL chunk 13: 197.55 GB/s (NVL), avg_t: 453.84 us
[tuning] SMs 22, NVL chunk 14: 208.61 GB/s (NVL), avg_t: 429.78 us
[tuning] SMs 22, NVL chunk 15: 220.72 GB/s (NVL), avg_t: 406.21 us
[tuning] SMs 22, NVL chunk 16: 227.97 GB/s (NVL), avg_t: 393.28 us
[tuning] SMs 22, NVL chunk 17: 240.01 GB/s (NVL), avg_t: 373.55 us
[tuning] SMs 22, NVL chunk 18: 249.09 GB/s (NVL), avg_t: 359.94 us
[tuning] SMs 22, NVL chunk 19: 250.90 GB/s (NVL), avg_t: 357.34 us
[tuning] SMs 22, NVL chunk 20: 259.37 GB/s (NVL), avg_t: 345.67 us
[tuning] SMs 22, NVL chunk 21: 266.70 GB/s (NVL), avg_t: 336.18 us
[tuning] SMs 22, NVL chunk 22: 248.98 GB/s (NVL), avg_t: 360.10 us
[tuning] SMs 22, NVL chunk 23: 260.52 GB/s (NVL), avg_t: 344.15 us
[tuning] SMs 22, NVL chunk 24: 264.54 GB/s (NVL), avg_t: 338.92 us
[tuning] SMs 22, NVL chunk 25: 259.95 GB/s (NVL), avg_t: 344.90 us
[tuning] SMs 22, NVL chunk 26: 267.97 GB/s (NVL), avg_t: 334.58 us
[tuning] SMs 22, NVL chunk 27: 273.51 GB/s (NVL), avg_t: 327.81 us
[tuning] SMs 22, NVL chunk 28: 273.63 GB/s (NVL), avg_t: 327.66 us
[tuning] SMs 22, NVL chunk 29: 279.67 GB/s (NVL), avg_t: 320.58 us
[tuning] SMs 22, NVL chunk 30: 281.44 GB/s (NVL), avg_t: 318.57 us
[tuning] SMs 22, NVL chunk 31: 281.04 GB/s (NVL), avg_t: 319.02 us
[tuning] SMs 22, NVL chunk 32: 285.69 GB/s (NVL), avg_t: 313.83 us
[tuning] SMs 22, NVL chunk 33: 288.64 GB/s (NVL), avg_t: 310.62 us
[tuning] SMs 22, NVL chunk 34: 279.87 GB/s (NVL), avg_t: 320.35 us
[tuning] SMs 22, NVL chunk 35: 287.09 GB/s (NVL), avg_t: 312.30 us
[tuning] SMs 22, NVL chunk 36: 287.08 GB/s (NVL), avg_t: 312.30 us
[tuning] SMs 22, NVL chunk 37: 284.20 GB/s (NVL), avg_t: 315.47 us
[tuning] SMs 22, NVL chunk 38: 289.49 GB/s (NVL), avg_t: 309.70 us
[tuning] SMs 22, NVL chunk 39: 290.87 GB/s (NVL), avg_t: 308.24 us
[tuning] SMs 22, NVL chunk 40: 286.68 GB/s (NVL), avg_t: 312.74 us
[tuning] SMs 22, NVL chunk 41: 288.61 GB/s (NVL), avg_t: 310.65 us
[tuning] SMs 22, NVL chunk 42: 288.94 GB/s (NVL), avg_t: 310.30 us
[tuning] SMs 22, NVL chunk 43: 289.48 GB/s (NVL), avg_t: 309.72 us
[tuning] SMs 22, NVL chunk 44: 292.01 GB/s (NVL), avg_t: 307.04 us
[tuning] SMs 22, NVL chunk 45: 291.78 GB/s (NVL), avg_t: 307.28 us
[tuning] SMs 22, NVL chunk 46: 289.20 GB/s (NVL), avg_t: 310.02 us
[tuning] SMs 22, NVL chunk 47: 291.51 GB/s (NVL), avg_t: 307.56 us
[tuning] SMs 22, NVL chunk 48: 292.82 GB/s (NVL), avg_t: 306.19 us
[tuning] SMs 22, NVL chunk 49: 290.95 GB/s (NVL), avg_t: 308.15 us
[tuning] SMs 22, NVL chunk 50: 291.18 GB/s (NVL), avg_t: 307.91 us
[tuning] SMs 22, NVL chunk 51: 291.04 GB/s (NVL), avg_t: 308.05 us
[tuning] SMs 22, NVL chunk 52: 291.06 GB/s (NVL), avg_t: 308.04 us
[tuning] SMs 22, NVL chunk 53: 291.39 GB/s (NVL), avg_t: 307.69 us
[tuning] SMs 22, NVL chunk 54: 291.11 GB/s (NVL), avg_t: 307.98 us
[tuning] SMs 22, NVL chunk 55: 290.58 GB/s (NVL), avg_t: 308.55 us
[tuning] SMs 22, NVL chunk 56: 289.33 GB/s (NVL), avg_t: 309.88 us
[tuning] SMs 22, NVL chunk 57: 289.48 GB/s (NVL), avg_t: 309.72 us
[tuning] SMs 22, NVL chunk 58: 290.41 GB/s (NVL), avg_t: 308.72 us
[tuning] SMs 22, NVL chunk 59: 290.27 GB/s (NVL), avg_t: 308.88 us
[tuning] SMs 22, NVL chunk 60: 290.60 GB/s (NVL), avg_t: 308.52 us
[tuning] SMs 22, NVL chunk 61: 289.10 GB/s (NVL), avg_t: 310.13 us
[tuning] SMs 22, NVL chunk 62: 289.54 GB/s (NVL), avg_t: 309.66 us
[tuning] SMs 22, NVL chunk 63: 288.36 GB/s (NVL), avg_t: 310.92 us
[tuning] SMs 22, NVL chunk 64: 289.39 GB/s (NVL), avg_t: 309.81 us
[tuning] Best combine: SMs 22, NVL chunk 48: 292.82 GB/s (NVL), t: 306.19 us


[config] num_tokens=4096, hidden=2048, num_topk=8
[layout] Kernel performance: 0.047 ms

[testing] Running with BF16, without top-k (async=False, previous=False) ... passed
[testing] Running with BF16, with top-k (async=False, previous=False) ... passed
[testing] Running with BF16, without top-k (async=False, previous=False) ... passed
[testing] Running with BF16, with top-k (async=False, previous=False) ... passed
[testing] Running with FP8, without top-k (async=False, previous=False) ... passed
[testing] Running with FP8, with top-k (async=False, previous=False) ... passed
[testing] Running with BF16, without top-k (async=True, previous=False) ... passed
[testing] Running with BF16, with top-k (async=True, previous=False) ... passed
[testing] Running with BF16, without top-k (async=True, previous=False) ... passed
[testing] Running with BF16, with top-k (async=True, previous=False) ... passed
[testing] Running with FP8, without top-k (async=True, previous=False) ... passed
[testing] Running with FP8, with top-k (async=True, previous=False) ... passed
[testing] Running with BF16, without top-k (async=False, previous=True) ... passed
[testing] Running with BF16, with top-k (async=False, previous=True) ... passed
[testing] Running with BF16, without top-k (async=False, previous=True) ... passed
[testing] Running with BF16, with top-k (async=False, previous=True) ... passed
[testing] Running with FP8, without top-k (async=False, previous=True) ... passed
[testing] Running with FP8, with top-k (async=False, previous=True) ... passed
[testing] Running with BF16, without top-k (async=True, previous=True) ... passed
[testing] Running with BF16, with top-k (async=True, previous=True) ... passed
[testing] Running with BF16, without top-k (async=True, previous=True) ... passed
[testing] Running with BF16, with top-k (async=True, previous=True) ... passed
[testing] Running with FP8, without top-k (async=True, previous=True) ... passed
[testing] Running with FP8, with top-k (async=True, previous=True) ... passed

[tuning] SMs 24, NVL chunk default: 145.84 GB/s (NVL), avg_t: 616.49 us
[tuning] SMs 24, NVL chunk 1: 32.50 GB/s (NVL), avg_t: 2766.20 us
[tuning] SMs 24, NVL chunk 2: 59.48 GB/s (NVL), avg_t: 1511.66 us
[tuning] SMs 24, NVL chunk 3: 86.37 GB/s (NVL), avg_t: 1040.96 us
[tuning] SMs 24, NVL chunk 4: 108.93 GB/s (NVL), avg_t: 825.41 us
[tuning] SMs 24, NVL chunk 5: 131.30 GB/s (NVL), avg_t: 684.79 us
[tuning] SMs 24, NVL chunk 6: 145.15 GB/s (NVL), avg_t: 619.42 us
[tuning] SMs 24, NVL chunk 7: 143.26 GB/s (NVL), avg_t: 627.59 us
[tuning] SMs 24, NVL chunk 8: 147.66 GB/s (NVL), avg_t: 608.92 us
[tuning] SMs 24, NVL chunk 9: 159.77 GB/s (NVL), avg_t: 562.76 us
[tuning] SMs 24, NVL chunk 10: 173.71 GB/s (NVL), avg_t: 517.58 us
[tuning] SMs 24, NVL chunk 11: 187.88 GB/s (NVL), avg_t: 478.56 us
[tuning] SMs 24, NVL chunk 12: 201.38 GB/s (NVL), avg_t: 446.49 us
[tuning] SMs 24, NVL chunk 13: 213.03 GB/s (NVL), avg_t: 422.06 us
[tuning] SMs 24, NVL chunk 14: 222.07 GB/s (NVL), avg_t: 404.87 us
[tuning] SMs 24, NVL chunk 15: 226.74 GB/s (NVL), avg_t: 396.53 us
[tuning] SMs 24, NVL chunk 16: 224.96 GB/s (NVL), avg_t: 399.68 us
[tuning] SMs 24, NVL chunk 17: 224.60 GB/s (NVL), avg_t: 400.32 us
[tuning] SMs 24, NVL chunk 18: 227.78 GB/s (NVL), avg_t: 394.73 us
[tuning] SMs 24, NVL chunk 19: 235.42 GB/s (NVL), avg_t: 381.92 us
[tuning] SMs 24, NVL chunk 20: 243.45 GB/s (NVL), avg_t: 369.32 us
[tuning] SMs 24, NVL chunk 21: 250.11 GB/s (NVL), avg_t: 359.49 us
[tuning] SMs 24, NVL chunk 22: 254.72 GB/s (NVL), avg_t: 352.99 us
[tuning] SMs 24, NVL chunk 23: 257.41 GB/s (NVL), avg_t: 349.29 us
[tuning] SMs 24, NVL chunk 24: 259.20 GB/s (NVL), avg_t: 346.88 us
[tuning] SMs 24, NVL chunk 25: 258.02 GB/s (NVL), avg_t: 348.47 us
[tuning] SMs 24, NVL chunk 26: 260.66 GB/s (NVL), avg_t: 344.93 us
[tuning] SMs 24, NVL chunk 27: 264.92 GB/s (NVL), avg_t: 339.40 us
[tuning] SMs 24, NVL chunk 28: 267.28 GB/s (NVL), avg_t: 336.39 us
[tuning] SMs 24, NVL chunk 29: 269.09 GB/s (NVL), avg_t: 334.13 us
[tuning] SMs 24, NVL chunk 30: 273.15 GB/s (NVL), avg_t: 329.16 us
[tuning] SMs 24, NVL chunk 31: 272.90 GB/s (NVL), avg_t: 329.46 us
[tuning] SMs 24, NVL chunk 32: 275.73 GB/s (NVL), avg_t: 326.08 us
[tuning] SMs 24, NVL chunk 33: 278.79 GB/s (NVL), avg_t: 322.51 us
[tuning] SMs 24, NVL chunk 34: 278.60 GB/s (NVL), avg_t: 322.72 us
[tuning] SMs 24, NVL chunk 35: 280.87 GB/s (NVL), avg_t: 320.12 us
[tuning] SMs 24, NVL chunk 36: 282.34 GB/s (NVL), avg_t: 318.45 us
[tuning] SMs 24, NVL chunk 37: 282.11 GB/s (NVL), avg_t: 318.71 us
[tuning] SMs 24, NVL chunk 38: 282.49 GB/s (NVL), avg_t: 318.28 us
[tuning] SMs 24, NVL chunk 39: 283.88 GB/s (NVL), avg_t: 316.72 us
[tuning] SMs 24, NVL chunk 40: 283.76 GB/s (NVL), avg_t: 316.85 us
[tuning] SMs 24, NVL chunk 41: 285.75 GB/s (NVL), avg_t: 314.65 us
[tuning] SMs 24, NVL chunk 42: 288.53 GB/s (NVL), avg_t: 311.62 us
[tuning] SMs 24, NVL chunk 43: 288.21 GB/s (NVL), avg_t: 311.96 us
[tuning] SMs 24, NVL chunk 44: 287.27 GB/s (NVL), avg_t: 312.99 us
[tuning] SMs 24, NVL chunk 45: 287.17 GB/s (NVL), avg_t: 313.10 us
[tuning] SMs 24, NVL chunk 46: 287.13 GB/s (NVL), avg_t: 313.14 us
[tuning] SMs 24, NVL chunk 47: 287.61 GB/s (NVL), avg_t: 312.61 us
[tuning] SMs 24, NVL chunk 48: 289.83 GB/s (NVL), avg_t: 310.22 us
[tuning] SMs 24, NVL chunk 49: 290.66 GB/s (NVL), avg_t: 309.34 us
[tuning] SMs 24, NVL chunk 50: 291.81 GB/s (NVL), avg_t: 308.11 us
[tuning] SMs 24, NVL chunk 51: 293.63 GB/s (NVL), avg_t: 306.21 us
[tuning] SMs 24, NVL chunk 52: 292.28 GB/s (NVL), avg_t: 307.62 us
[tuning] SMs 24, NVL chunk 53: 290.44 GB/s (NVL), avg_t: 309.57 us
[tuning] SMs 24, NVL chunk 54: 289.81 GB/s (NVL), avg_t: 310.25 us
[tuning] SMs 24, NVL chunk 55: 287.47 GB/s (NVL), avg_t: 312.77 us
[tuning] SMs 24, NVL chunk 56: 286.26 GB/s (NVL), avg_t: 314.08 us
[tuning] SMs 24, NVL chunk 57: 287.35 GB/s (NVL), avg_t: 312.90 us
[tuning] SMs 24, NVL chunk 58: 287.13 GB/s (NVL), avg_t: 313.14 us
[tuning] SMs 24, NVL chunk 59: 288.45 GB/s (NVL), avg_t: 311.71 us
[tuning] SMs 24, NVL chunk 60: 290.21 GB/s (NVL), avg_t: 309.81 us
[tuning] SMs 24, NVL chunk 61: 292.54 GB/s (NVL), avg_t: 307.35 us
[tuning] SMs 24, NVL chunk 62: 292.97 GB/s (NVL), avg_t: 306.90 us
[tuning] SMs 24, NVL chunk 63: 294.79 GB/s (NVL), avg_t: 305.00 us
[tuning] SMs 24, NVL chunk 64: 294.62 GB/s (NVL), avg_t: 305.18 us
[tuning] Best dispatch (BF16): SMs 24, NVL chunk 63, 294.79 GB/s (NVL), t: 305.00 us

[tuning] SMs 24, NVL chunk default: 109.51 GB/s (NVL), avg_t: 821.07 us
[tuning] SMs 24, NVL chunk 1: 33.31 GB/s (NVL), avg_t: 2698.85 us
[tuning] SMs 24, NVL chunk 2: 61.20 GB/s (NVL), avg_t: 1469.24 us
[tuning] SMs 24, NVL chunk 3: 87.68 GB/s (NVL), avg_t: 1025.44 us
[tuning] SMs 24, NVL chunk 4: 109.71 GB/s (NVL), avg_t: 819.55 us
[tuning] SMs 24, NVL chunk 5: 133.98 GB/s (NVL), avg_t: 671.09 us
[tuning] SMs 24, NVL chunk 6: 155.81 GB/s (NVL), avg_t: 577.06 us
[tuning] SMs 24, NVL chunk 7: 158.97 GB/s (NVL), avg_t: 565.59 us
[tuning] SMs 24, NVL chunk 8: 175.38 GB/s (NVL), avg_t: 512.66 us
[tuning] SMs 24, NVL chunk 9: 192.21 GB/s (NVL), avg_t: 467.79 us
[tuning] SMs 24, NVL chunk 10: 174.71 GB/s (NVL), avg_t: 514.63 us
[tuning] SMs 24, NVL chunk 11: 188.97 GB/s (NVL), avg_t: 475.80 us
[tuning] SMs 24, NVL chunk 12: 202.17 GB/s (NVL), avg_t: 444.74 us
[tuning] SMs 24, NVL chunk 13: 212.83 GB/s (NVL), avg_t: 422.46 us
[tuning] SMs 24, NVL chunk 14: 226.39 GB/s (NVL), avg_t: 397.15 us
[tuning] SMs 24, NVL chunk 15: 238.03 GB/s (NVL), avg_t: 377.74 us
[tuning] SMs 24, NVL chunk 16: 247.85 GB/s (NVL), avg_t: 362.76 us
[tuning] SMs 24, NVL chunk 17: 258.99 GB/s (NVL), avg_t: 347.17 us
[tuning] SMs 24, NVL chunk 18: 267.55 GB/s (NVL), avg_t: 336.05 us
[tuning] SMs 24, NVL chunk 19: 273.28 GB/s (NVL), avg_t: 329.00 us
[tuning] SMs 24, NVL chunk 20: 282.81 GB/s (NVL), avg_t: 317.92 us
[tuning] SMs 24, NVL chunk 21: 288.92 GB/s (NVL), avg_t: 311.20 us
[tuning] SMs 24, NVL chunk 22: 272.05 GB/s (NVL), avg_t: 330.50 us
[tuning] SMs 24, NVL chunk 23: 279.93 GB/s (NVL), avg_t: 321.19 us
[tuning] SMs 24, NVL chunk 24: 286.69 GB/s (NVL), avg_t: 313.62 us
[tuning] SMs 24, NVL chunk 25: 282.53 GB/s (NVL), avg_t: 318.23 us
[tuning] SMs 24, NVL chunk 26: 289.50 GB/s (NVL), avg_t: 310.57 us
[tuning] SMs 24, NVL chunk 27: 296.64 GB/s (NVL), avg_t: 303.10 us
[tuning] SMs 24, NVL chunk 28: 295.05 GB/s (NVL), avg_t: 304.73 us
[tuning] SMs 24, NVL chunk 29: 301.55 GB/s (NVL), avg_t: 298.16 us
[tuning] SMs 24, NVL chunk 30: 304.51 GB/s (NVL), avg_t: 295.27 us
[tuning] SMs 24, NVL chunk 31: 302.05 GB/s (NVL), avg_t: 297.67 us
[tuning] SMs 24, NVL chunk 32: 308.15 GB/s (NVL), avg_t: 291.78 us
[tuning] SMs 24, NVL chunk 33: 311.85 GB/s (NVL), avg_t: 288.31 us
[tuning] SMs 24, NVL chunk 34: 302.18 GB/s (NVL), avg_t: 297.55 us
[tuning] SMs 24, NVL chunk 35: 309.07 GB/s (NVL), avg_t: 290.91 us
[tuning] SMs 24, NVL chunk 36: 310.64 GB/s (NVL), avg_t: 289.43 us
[tuning] SMs 24, NVL chunk 37: 308.12 GB/s (NVL), avg_t: 291.81 us
[tuning] SMs 24, NVL chunk 38: 312.22 GB/s (NVL), avg_t: 287.98 us
[tuning] SMs 24, NVL chunk 39: 313.19 GB/s (NVL), avg_t: 287.08 us
[tuning] SMs 24, NVL chunk 40: 311.45 GB/s (NVL), avg_t: 288.69 us
[tuning] SMs 24, NVL chunk 41: 311.74 GB/s (NVL), avg_t: 288.42 us
[tuning] SMs 24, NVL chunk 42: 314.14 GB/s (NVL), avg_t: 286.21 us
[tuning] SMs 24, NVL chunk 43: 312.83 GB/s (NVL), avg_t: 287.41 us
[tuning] SMs 24, NVL chunk 44: 314.58 GB/s (NVL), avg_t: 285.81 us
[tuning] SMs 24, NVL chunk 45: 314.92 GB/s (NVL), avg_t: 285.51 us
[tuning] SMs 24, NVL chunk 46: 311.27 GB/s (NVL), avg_t: 288.85 us
[tuning] SMs 24, NVL chunk 47: 315.41 GB/s (NVL), avg_t: 285.06 us
[tuning] SMs 24, NVL chunk 48: 315.80 GB/s (NVL), avg_t: 284.71 us
[tuning] SMs 24, NVL chunk 49: 314.14 GB/s (NVL), avg_t: 286.22 us
[tuning] SMs 24, NVL chunk 50: 315.48 GB/s (NVL), avg_t: 285.00 us
[tuning] SMs 24, NVL chunk 51: 316.31 GB/s (NVL), avg_t: 284.25 us
[tuning] SMs 24, NVL chunk 52: 313.12 GB/s (NVL), avg_t: 287.14 us
[tuning] SMs 24, NVL chunk 53: 313.60 GB/s (NVL), avg_t: 286.71 us
[tuning] SMs 24, NVL chunk 54: 314.04 GB/s (NVL), avg_t: 286.30 us
[tuning] SMs 24, NVL chunk 55: 311.67 GB/s (NVL), avg_t: 288.48 us
[tuning] SMs 24, NVL chunk 56: 313.06 GB/s (NVL), avg_t: 287.20 us
[tuning] SMs 24, NVL chunk 57: 315.32 GB/s (NVL), avg_t: 285.14 us
[tuning] SMs 24, NVL chunk 58: 313.04 GB/s (NVL), avg_t: 287.22 us
[tuning] SMs 24, NVL chunk 59: 314.17 GB/s (NVL), avg_t: 286.18 us
[tuning] SMs 24, NVL chunk 60: 314.47 GB/s (NVL), avg_t: 285.92 us
[tuning] SMs 24, NVL chunk 61: 310.57 GB/s (NVL), avg_t: 289.51 us
[tuning] SMs 24, NVL chunk 62: 312.41 GB/s (NVL), avg_t: 287.80 us
[tuning] SMs 24, NVL chunk 63: 311.39 GB/s (NVL), avg_t: 288.74 us
[tuning] SMs 24, NVL chunk 64: 309.17 GB/s (NVL), avg_t: 290.81 us
[tuning] Best combine: SMs 24, NVL chunk 51: 316.31 GB/s (NVL), t: 284.25 us


[config] num_tokens=4096, hidden=2048, num_topk=8
[layout] Kernel performance: 0.048 ms

[testing] Running with BF16, without top-k (async=False, previous=False) ... passed
[testing] Running with BF16, with top-k (async=False, previous=False) ... passed
[testing] Running with BF16, without top-k (async=False, previous=False) ... passed
[testing] Running with BF16, with top-k (async=False, previous=False) ... passed
[testing] Running with FP8, without top-k (async=False, previous=False) ... passed
[testing] Running with FP8, with top-k (async=False, previous=False) ... passed
[testing] Running with BF16, without top-k (async=True, previous=False) ... passed
[testing] Running with BF16, with top-k (async=True, previous=False) ... passed
[testing] Running with BF16, without top-k (async=True, previous=False) ... passed
[testing] Running with BF16, with top-k (async=True, previous=False) ... passed
[testing] Running with FP8, without top-k (async=True, previous=False) ... passed
[testing] Running with FP8, with top-k (async=True, previous=False) ... passed
[testing] Running with BF16, without top-k (async=False, previous=True) ... passed
[testing] Running with BF16, with top-k (async=False, previous=True) ... passed
[testing] Running with BF16, without top-k (async=False, previous=True) ... passed
[testing] Running with BF16, with top-k (async=False, previous=True) ... passed
[testing] Running with FP8, without top-k (async=False, previous=True) ... passed
[testing] Running with FP8, with top-k (async=False, previous=True) ... passed
[testing] Running with BF16, without top-k (async=True, previous=True) ... passed
[testing] Running with BF16, with top-k (async=True, previous=True) ... passed
[testing] Running with BF16, without top-k (async=True, previous=True) ... passed
[testing] Running with BF16, with top-k (async=True, previous=True) ... passed
[testing] Running with FP8, without top-k (async=True, previous=True) ... passed
[testing] Running with FP8, with top-k (async=True, previous=True) ... passed

[tuning] SMs 26, NVL chunk default: 154.69 GB/s (NVL), avg_t: 580.11 us
[tuning] SMs 26, NVL chunk 1: 34.68 GB/s (NVL), avg_t: 2587.50 us
[tuning] SMs 26, NVL chunk 2: 63.26 GB/s (NVL), avg_t: 1418.53 us
[tuning] SMs 26, NVL chunk 3: 92.10 GB/s (NVL), avg_t: 974.38 us
[tuning] SMs 26, NVL chunk 4: 115.62 GB/s (NVL), avg_t: 776.16 us
[tuning] SMs 26, NVL chunk 5: 139.23 GB/s (NVL), avg_t: 644.53 us
[tuning] SMs 26, NVL chunk 6: 154.72 GB/s (NVL), avg_t: 580.02 us
[tuning] SMs 26, NVL chunk 7: 152.85 GB/s (NVL), avg_t: 587.10 us
[tuning] SMs 26, NVL chunk 8: 158.09 GB/s (NVL), avg_t: 567.66 us
[tuning] SMs 26, NVL chunk 9: 169.27 GB/s (NVL), avg_t: 530.15 us
[tuning] SMs 26, NVL chunk 10: 184.27 GB/s (NVL), avg_t: 487.00 us
[tuning] SMs 26, NVL chunk 11: 198.72 GB/s (NVL), avg_t: 451.60 us
[tuning] SMs 26, NVL chunk 12: 213.74 GB/s (NVL), avg_t: 419.86 us
[tuning] SMs 26, NVL chunk 13: 224.79 GB/s (NVL), avg_t: 399.22 us
[tuning] SMs 26, NVL chunk 14: 236.34 GB/s (NVL), avg_t: 379.71 us
[tuning] SMs 26, NVL chunk 15: 240.86 GB/s (NVL), avg_t: 372.57 us
[tuning] SMs 26, NVL chunk 16: 238.64 GB/s (NVL), avg_t: 376.05 us
[tuning] SMs 26, NVL chunk 17: 238.90 GB/s (NVL), avg_t: 375.64 us
[tuning] SMs 26, NVL chunk 18: 243.32 GB/s (NVL), avg_t: 368.81 us
[tuning] SMs 26, NVL chunk 19: 250.62 GB/s (NVL), avg_t: 358.07 us
[tuning] SMs 26, NVL chunk 20: 257.77 GB/s (NVL), avg_t: 348.13 us
[tuning] SMs 26, NVL chunk 21: 264.41 GB/s (NVL), avg_t: 339.39 us
[tuning] SMs 26, NVL chunk 22: 270.87 GB/s (NVL), avg_t: 331.30 us
[tuning] SMs 26, NVL chunk 23: 273.12 GB/s (NVL), avg_t: 328.58 us
[tuning] SMs 26, NVL chunk 24: 275.77 GB/s (NVL), avg_t: 325.41 us
[tuning] SMs 26, NVL chunk 25: 274.05 GB/s (NVL), avg_t: 327.45 us
[tuning] SMs 26, NVL chunk 26: 276.27 GB/s (NVL), avg_t: 324.82 us
[tuning] SMs 26, NVL chunk 27: 281.17 GB/s (NVL), avg_t: 319.17 us
[tuning] SMs 26, NVL chunk 28: 283.90 GB/s (NVL), avg_t: 316.09 us
[tuning] SMs 26, NVL chunk 29: 283.75 GB/s (NVL), avg_t: 316.26 us
[tuning] SMs 26, NVL chunk 30: 289.23 GB/s (NVL), avg_t: 310.27 us
[tuning] SMs 26, NVL chunk 31: 290.93 GB/s (NVL), avg_t: 308.45 us
[tuning] SMs 26, NVL chunk 32: 291.34 GB/s (NVL), avg_t: 308.03 us
[tuning] SMs 26, NVL chunk 33: 292.05 GB/s (NVL), avg_t: 307.27 us
[tuning] SMs 26, NVL chunk 34: 294.95 GB/s (NVL), avg_t: 304.26 us
[tuning] SMs 26, NVL chunk 35: 295.34 GB/s (NVL), avg_t: 303.85 us
[tuning] SMs 26, NVL chunk 36: 298.43 GB/s (NVL), avg_t: 300.70 us
[tuning] SMs 26, NVL chunk 37: 297.57 GB/s (NVL), avg_t: 301.57 us
[tuning] SMs 26, NVL chunk 38: 298.38 GB/s (NVL), avg_t: 300.76 us
[tuning] SMs 26, NVL chunk 39: 301.54 GB/s (NVL), avg_t: 297.61 us
[tuning] SMs 26, NVL chunk 40: 302.18 GB/s (NVL), avg_t: 296.98 us
[tuning] SMs 26, NVL chunk 41: 302.72 GB/s (NVL), avg_t: 296.44 us
[tuning] SMs 26, NVL chunk 42: 304.44 GB/s (NVL), avg_t: 294.77 us
[tuning] SMs 26, NVL chunk 43: 303.03 GB/s (NVL), avg_t: 296.14 us
[tuning] SMs 26, NVL chunk 44: 304.43 GB/s (NVL), avg_t: 294.78 us
[tuning] SMs 26, NVL chunk 45: 306.76 GB/s (NVL), avg_t: 292.54 us
[tuning] SMs 26, NVL chunk 46: 307.18 GB/s (NVL), avg_t: 292.14 us
[tuning] SMs 26, NVL chunk 47: 306.78 GB/s (NVL), avg_t: 292.52 us
[tuning] SMs 26, NVL chunk 48: 308.79 GB/s (NVL), avg_t: 290.62 us
[tuning] SMs 26, NVL chunk 49: 306.91 GB/s (NVL), avg_t: 292.40 us
[tuning] SMs 26, NVL chunk 50: 304.97 GB/s (NVL), avg_t: 294.26 us
[tuning] SMs 26, NVL chunk 51: 303.92 GB/s (NVL), avg_t: 295.27 us
[tuning] SMs 26, NVL chunk 52: 304.86 GB/s (NVL), avg_t: 294.36 us
[tuning] SMs 26, NVL chunk 53: 304.07 GB/s (NVL), avg_t: 295.13 us
[tuning] SMs 26, NVL chunk 54: 304.09 GB/s (NVL), avg_t: 295.11 us
[tuning] SMs 26, NVL chunk 55: 305.34 GB/s (NVL), avg_t: 293.90 us
[tuning] SMs 26, NVL chunk 56: 306.12 GB/s (NVL), avg_t: 293.15 us
[tuning] SMs 26, NVL chunk 57: 308.09 GB/s (NVL), avg_t: 291.27 us
[tuning] SMs 26, NVL chunk 58: 309.70 GB/s (NVL), avg_t: 289.76 us
[tuning] SMs 26, NVL chunk 59: 311.78 GB/s (NVL), avg_t: 287.83 us
[tuning] SMs 26, NVL chunk 60: 311.14 GB/s (NVL), avg_t: 288.42 us
[tuning] SMs 26, NVL chunk 61: 310.78 GB/s (NVL), avg_t: 288.75 us
[tuning] SMs 26, NVL chunk 62: 308.67 GB/s (NVL), avg_t: 290.73 us
[tuning] SMs 26, NVL chunk 63: 308.01 GB/s (NVL), avg_t: 291.35 us
[tuning] SMs 26, NVL chunk 64: 304.81 GB/s (NVL), avg_t: 294.41 us
[tuning] Best dispatch (BF16): SMs 26, NVL chunk 59, 311.78 GB/s (NVL), t: 287.83 us

[tuning] SMs 26, NVL chunk default: 116.32 GB/s (NVL), avg_t: 771.49 us
[tuning] SMs 26, NVL chunk 1: 35.71 GB/s (NVL), avg_t: 2513.20 us
[tuning] SMs 26, NVL chunk 2: 65.76 GB/s (NVL), avg_t: 1364.63 us
[tuning] SMs 26, NVL chunk 3: 94.83 GB/s (NVL), avg_t: 946.35 us
[tuning] SMs 26, NVL chunk 4: 116.40 GB/s (NVL), avg_t: 770.96 us
[tuning] SMs 26, NVL chunk 5: 142.22 GB/s (NVL), avg_t: 631.00 us
[tuning] SMs 26, NVL chunk 6: 165.77 GB/s (NVL), avg_t: 541.33 us
[tuning] SMs 26, NVL chunk 7: 166.62 GB/s (NVL), avg_t: 538.58 us
[tuning] SMs 26, NVL chunk 8: 185.12 GB/s (NVL), avg_t: 484.77 us
[tuning] SMs 26, NVL chunk 9: 200.18 GB/s (NVL), avg_t: 448.29 us
[tuning] SMs 26, NVL chunk 10: 185.29 GB/s (NVL), avg_t: 484.31 us
[tuning] SMs 26, NVL chunk 11: 200.29 GB/s (NVL), avg_t: 448.04 us
[tuning] SMs 26, NVL chunk 12: 213.96 GB/s (NVL), avg_t: 419.42 us
[tuning] SMs 26, NVL chunk 13: 225.84 GB/s (NVL), avg_t: 397.37 us
[tuning] SMs 26, NVL chunk 14: 238.08 GB/s (NVL), avg_t: 376.94 us
[tuning] SMs 26, NVL chunk 15: 250.59 GB/s (NVL), avg_t: 358.12 us
[tuning] SMs 26, NVL chunk 16: 259.71 GB/s (NVL), avg_t: 345.54 us
[tuning] SMs 26, NVL chunk 17: 273.02 GB/s (NVL), avg_t: 328.69 us
[tuning] SMs 26, NVL chunk 18: 280.78 GB/s (NVL), avg_t: 319.61 us
[tuning] SMs 26, NVL chunk 19: 283.87 GB/s (NVL), avg_t: 316.13 us
[tuning] SMs 26, NVL chunk 20: 293.01 GB/s (NVL), avg_t: 306.27 us
[tuning] SMs 26, NVL chunk 21: 298.71 GB/s (NVL), avg_t: 300.42 us
[tuning] SMs 26, NVL chunk 22: 284.46 GB/s (NVL), avg_t: 315.47 us
[tuning] SMs 26, NVL chunk 23: 293.62 GB/s (NVL), avg_t: 305.63 us
[tuning] SMs 26, NVL chunk 24: 296.85 GB/s (NVL), avg_t: 302.31 us
[tuning] SMs 26, NVL chunk 25: 293.35 GB/s (NVL), avg_t: 305.91 us
[tuning] SMs 26, NVL chunk 26: 304.82 GB/s (NVL), avg_t: 294.40 us
[tuning] SMs 26, NVL chunk 27: 307.91 GB/s (NVL), avg_t: 291.44 us
[tuning] SMs 26, NVL chunk 28: 308.36 GB/s (NVL), avg_t: 291.02 us
[tuning] SMs 26, NVL chunk 29: 315.39 GB/s (NVL), avg_t: 284.54 us
[tuning] SMs 26, NVL chunk 30: 316.29 GB/s (NVL), avg_t: 283.72 us
[tuning] SMs 26, NVL chunk 31: 315.75 GB/s (NVL), avg_t: 284.21 us
[tuning] SMs 26, NVL chunk 32: 321.77 GB/s (NVL), avg_t: 278.89 us
[tuning] SMs 26, NVL chunk 33: 320.90 GB/s (NVL), avg_t: 279.65 us
[tuning] SMs 26, NVL chunk 34: 315.38 GB/s (NVL), avg_t: 284.54 us
[tuning] SMs 26, NVL chunk 35: 322.89 GB/s (NVL), avg_t: 277.92 us
[tuning] SMs 26, NVL chunk 36: 321.57 GB/s (NVL), avg_t: 279.07 us
[tuning] SMs 26, NVL chunk 37: 316.19 GB/s (NVL), avg_t: 283.81 us
[tuning] SMs 26, NVL chunk 38: 325.91 GB/s (NVL), avg_t: 275.35 us
[tuning] SMs 26, NVL chunk 39: 325.26 GB/s (NVL), avg_t: 275.90 us
[tuning] SMs 26, NVL chunk 40: 321.46 GB/s (NVL), avg_t: 279.16 us
[tuning] SMs 26, NVL chunk 41: 324.52 GB/s (NVL), avg_t: 276.53 us
[tuning] SMs 26, NVL chunk 42: 327.07 GB/s (NVL), avg_t: 274.38 us
[tuning] SMs 26, NVL chunk 43: 323.62 GB/s (NVL), avg_t: 277.30 us
[tuning] SMs 26, NVL chunk 44: 327.96 GB/s (NVL), avg_t: 273.63 us
[tuning] SMs 26, NVL chunk 45: 325.70 GB/s (NVL), avg_t: 275.53 us
[tuning] SMs 26, NVL chunk 46: 326.20 GB/s (NVL), avg_t: 275.10 us
[tuning] SMs 26, NVL chunk 47: 326.22 GB/s (NVL), avg_t: 275.09 us
[tuning] SMs 26, NVL chunk 48: 325.13 GB/s (NVL), avg_t: 276.01 us
[tuning] SMs 26, NVL chunk 49: 323.10 GB/s (NVL), avg_t: 277.74 us
[tuning] SMs 26, NVL chunk 50: 326.21 GB/s (NVL), avg_t: 275.10 us
[tuning] SMs 26, NVL chunk 51: 326.81 GB/s (NVL), avg_t: 274.59 us
[tuning] SMs 26, NVL chunk 52: 324.53 GB/s (NVL), avg_t: 276.52 us
[tuning] SMs 26, NVL chunk 53: 324.76 GB/s (NVL), avg_t: 276.32 us
[tuning] SMs 26, NVL chunk 54: 325.40 GB/s (NVL), avg_t: 275.78 us
[tuning] SMs 26, NVL chunk 55: 322.97 GB/s (NVL), avg_t: 277.85 us
[tuning] SMs 26, NVL chunk 56: 324.09 GB/s (NVL), avg_t: 276.90 us
[tuning] SMs 26, NVL chunk 57: 323.71 GB/s (NVL), avg_t: 277.23 us
[tuning] SMs 26, NVL chunk 58: 322.12 GB/s (NVL), avg_t: 278.59 us
[tuning] SMs 26, NVL chunk 59: 323.87 GB/s (NVL), avg_t: 277.09 us
[tuning] SMs 26, NVL chunk 60: 324.79 GB/s (NVL), avg_t: 276.30 us
[tuning] SMs 26, NVL chunk 61: 322.13 GB/s (NVL), avg_t: 278.58 us
[tuning] SMs 26, NVL chunk 62: 321.69 GB/s (NVL), avg_t: 278.96 us
[tuning] SMs 26, NVL chunk 63: 318.88 GB/s (NVL), avg_t: 281.42 us
[tuning] SMs 26, NVL chunk 64: 318.92 GB/s (NVL), avg_t: 281.38 us
[tuning] Best combine: SMs 26, NVL chunk 44: 327.96 GB/s (NVL), t: 273.63 us


[config] num_tokens=4096, hidden=2048, num_topk=8
[layout] Kernel performance: 0.047 ms

[testing] Running with BF16, without top-k (async=False, previous=False) ... passed
[testing] Running with BF16, with top-k (async=False, previous=False) ... passed
[testing] Running with BF16, without top-k (async=False, previous=False) ... passed
[testing] Running with BF16, with top-k (async=False, previous=False) ... passed
[testing] Running with FP8, without top-k (async=False, previous=False) ... passed
[testing] Running with FP8, with top-k (async=False, previous=False) ... passed
[testing] Running with BF16, without top-k (async=True, previous=False) ... passed
[testing] Running with BF16, with top-k (async=True, previous=False) ... passed
[testing] Running with BF16, without top-k (async=True, previous=False) ... passed
[testing] Running with BF16, with top-k (async=True, previous=False) ... passed
[testing] Running with FP8, without top-k (async=True, previous=False) ... passed
[testing] Running with FP8, with top-k (async=True, previous=False) ... passed
[testing] Running with BF16, without top-k (async=False, previous=True) ... passed
[testing] Running with BF16, with top-k (async=False, previous=True) ... passed
[testing] Running with BF16, without top-k (async=False, previous=True) ... passed
[testing] Running with BF16, with top-k (async=False, previous=True) ... passed
[testing] Running with FP8, without top-k (async=False, previous=True) ... passed
[testing] Running with FP8, with top-k (async=False, previous=True) ... passed
[testing] Running with BF16, without top-k (async=True, previous=True) ... passed
[testing] Running with BF16, with top-k (async=True, previous=True) ... passed
[testing] Running with BF16, without top-k (async=True, previous=True) ... passed
[testing] Running with BF16, with top-k (async=True, previous=True) ... passed
[testing] Running with FP8, without top-k (async=True, previous=True) ... passed
[testing] Running with FP8, with top-k (async=True, previous=True) ... passed

[tuning] SMs 28, NVL chunk default: 166.65 GB/s (NVL), avg_t: 535.19 us
[tuning] SMs 28, NVL chunk 1: 37.22 GB/s (NVL), avg_t: 2396.41 us
[tuning] SMs 28, NVL chunk 2: 67.97 GB/s (NVL), avg_t: 1312.12 us
[tuning] SMs 28, NVL chunk 3: 98.54 GB/s (NVL), avg_t: 905.09 us
[tuning] SMs 28, NVL chunk 4: 124.09 GB/s (NVL), avg_t: 718.70 us
[tuning] SMs 28, NVL chunk 5: 149.05 GB/s (NVL), avg_t: 598.35 us
[tuning] SMs 28, NVL chunk 6: 166.68 GB/s (NVL), avg_t: 535.09 us
[tuning] SMs 28, NVL chunk 7: 163.85 GB/s (NVL), avg_t: 544.31 us
[tuning] SMs 28, NVL chunk 8: 168.44 GB/s (NVL), avg_t: 529.50 us
[tuning] SMs 28, NVL chunk 9: 180.78 GB/s (NVL), avg_t: 493.35 us
[tuning] SMs 28, NVL chunk 10: 196.57 GB/s (NVL), avg_t: 453.72 us
[tuning] SMs 28, NVL chunk 11: 212.95 GB/s (NVL), avg_t: 418.82 us
[tuning] SMs 28, NVL chunk 12: 227.00 GB/s (NVL), avg_t: 392.89 us
[tuning] SMs 28, NVL chunk 13: 240.43 GB/s (NVL), avg_t: 370.94 us
[tuning] SMs 28, NVL chunk 14: 251.53 GB/s (NVL), avg_t: 354.58 us
[tuning] SMs 28, NVL chunk 15: 256.41 GB/s (NVL), avg_t: 347.82 us
[tuning] SMs 28, NVL chunk 16: 254.33 GB/s (NVL), avg_t: 350.67 us
[tuning] SMs 28, NVL chunk 17: 254.10 GB/s (NVL), avg_t: 350.99 us
[tuning] SMs 28, NVL chunk 18: 259.24 GB/s (NVL), avg_t: 344.03 us
[tuning] SMs 28, NVL chunk 19: 266.60 GB/s (NVL), avg_t: 334.53 us
[tuning] SMs 28, NVL chunk 20: 274.35 GB/s (NVL), avg_t: 325.09 us
[tuning] SMs 28, NVL chunk 21: 282.91 GB/s (NVL), avg_t: 315.25 us
[tuning] SMs 28, NVL chunk 22: 287.11 GB/s (NVL), avg_t: 310.64 us
[tuning] SMs 28, NVL chunk 23: 290.21 GB/s (NVL), avg_t: 307.31 us
[tuning] SMs 28, NVL chunk 24: 293.63 GB/s (NVL), avg_t: 303.73 us
[tuning] SMs 28, NVL chunk 25: 293.93 GB/s (NVL), avg_t: 303.43 us
[tuning] SMs 28, NVL chunk 26: 295.86 GB/s (NVL), avg_t: 301.44 us
[tuning] SMs 28, NVL chunk 27: 300.35 GB/s (NVL), avg_t: 296.94 us
[tuning] SMs 28, NVL chunk 28: 301.75 GB/s (NVL), avg_t: 295.56 us
[tuning] SMs 28, NVL chunk 29: 304.54 GB/s (NVL), avg_t: 292.86 us
[tuning] SMs 28, NVL chunk 30: 307.26 GB/s (NVL), avg_t: 290.26 us
[tuning] SMs 28, NVL chunk 31: 310.66 GB/s (NVL), avg_t: 287.08 us
[tuning] SMs 28, NVL chunk 32: 311.59 GB/s (NVL), avg_t: 286.23 us
[tuning] SMs 28, NVL chunk 33: 313.05 GB/s (NVL), avg_t: 284.90 us
[tuning] SMs 28, NVL chunk 34: 312.90 GB/s (NVL), avg_t: 285.03 us
[tuning] SMs 28, NVL chunk 35: 315.52 GB/s (NVL), avg_t: 282.66 us
[tuning] SMs 28, NVL chunk 36: 318.36 GB/s (NVL), avg_t: 280.15 us
[tuning] SMs 28, NVL chunk 37: 318.50 GB/s (NVL), avg_t: 280.02 us
[tuning] SMs 28, NVL chunk 38: 317.51 GB/s (NVL), avg_t: 280.89 us
[tuning] SMs 28, NVL chunk 39: 318.81 GB/s (NVL), avg_t: 279.75 us
[tuning] SMs 28, NVL chunk 40: 320.26 GB/s (NVL), avg_t: 278.48 us
[tuning] SMs 28, NVL chunk 41: 321.59 GB/s (NVL), avg_t: 277.33 us
[tuning] SMs 28, NVL chunk 42: 323.70 GB/s (NVL), avg_t: 275.52 us
[tuning] SMs 28, NVL chunk 43: 325.67 GB/s (NVL), avg_t: 273.85 us
[tuning] SMs 28, NVL chunk 44: 325.45 GB/s (NVL), avg_t: 274.04 us
[tuning] SMs 28, NVL chunk 45: 324.52 GB/s (NVL), avg_t: 274.82 us
[tuning] SMs 28, NVL chunk 46: 321.91 GB/s (NVL), avg_t: 277.05 us
[tuning] SMs 28, NVL chunk 47: 319.94 GB/s (NVL), avg_t: 278.76 us
[tuning] SMs 28, NVL chunk 48: 318.84 GB/s (NVL), avg_t: 279.72 us
[tuning] SMs 28, NVL chunk 49: 320.40 GB/s (NVL), avg_t: 278.36 us
[tuning] SMs 28, NVL chunk 50: 320.27 GB/s (NVL), avg_t: 278.48 us
[tuning] SMs 28, NVL chunk 51: 321.83 GB/s (NVL), avg_t: 277.12 us
[tuning] SMs 28, NVL chunk 52: 324.73 GB/s (NVL), avg_t: 274.64 us
[tuning] SMs 28, NVL chunk 53: 325.98 GB/s (NVL), avg_t: 273.59 us
[tuning] SMs 28, NVL chunk 54: 328.92 GB/s (NVL), avg_t: 271.15 us
[tuning] SMs 28, NVL chunk 55: 329.38 GB/s (NVL), avg_t: 270.77 us
[tuning] SMs 28, NVL chunk 56: 327.37 GB/s (NVL), avg_t: 272.43 us
[tuning] SMs 28, NVL chunk 57: 327.36 GB/s (NVL), avg_t: 272.44 us
[tuning] SMs 28, NVL chunk 58: 324.84 GB/s (NVL), avg_t: 274.56 us
[tuning] SMs 28, NVL chunk 59: 322.62 GB/s (NVL), avg_t: 276.45 us
[tuning] SMs 28, NVL chunk 60: 320.36 GB/s (NVL), avg_t: 278.40 us
[tuning] SMs 28, NVL chunk 61: 319.15 GB/s (NVL), avg_t: 279.45 us
[tuning] SMs 28, NVL chunk 62: 318.16 GB/s (NVL), avg_t: 280.32 us
[tuning] SMs 28, NVL chunk 63: 316.75 GB/s (NVL), avg_t: 281.57 us
[tuning] SMs 28, NVL chunk 64: 315.73 GB/s (NVL), avg_t: 282.48 us
[tuning] Best dispatch (BF16): SMs 28, NVL chunk 55, 329.38 GB/s (NVL), t: 270.77 us

[tuning] SMs 28, NVL chunk default: 123.74 GB/s (NVL), avg_t: 720.75 us
[tuning] SMs 28, NVL chunk 1: 38.01 GB/s (NVL), avg_t: 2346.69 us
[tuning] SMs 28, NVL chunk 2: 69.46 GB/s (NVL), avg_t: 1283.91 us
[tuning] SMs 28, NVL chunk 3: 99.46 GB/s (NVL), avg_t: 896.69 us
[tuning] SMs 28, NVL chunk 4: 123.90 GB/s (NVL), avg_t: 719.80 us
[tuning] SMs 28, NVL chunk 5: 150.97 GB/s (NVL), avg_t: 590.77 us
[tuning] SMs 28, NVL chunk 6: 175.76 GB/s (NVL), avg_t: 507.42 us
[tuning] SMs 28, NVL chunk 7: 178.88 GB/s (NVL), avg_t: 498.58 us
[tuning] SMs 28, NVL chunk 8: 197.82 GB/s (NVL), avg_t: 450.84 us
[tuning] SMs 28, NVL chunk 9: 215.61 GB/s (NVL), avg_t: 413.65 us
[tuning] SMs 28, NVL chunk 10: 197.33 GB/s (NVL), avg_t: 451.96 us
[tuning] SMs 28, NVL chunk 11: 212.99 GB/s (NVL), avg_t: 418.73 us
[tuning] SMs 28, NVL chunk 12: 228.47 GB/s (NVL), avg_t: 390.36 us
[tuning] SMs 28, NVL chunk 13: 239.45 GB/s (NVL), avg_t: 372.47 us
[tuning] SMs 28, NVL chunk 14: 253.24 GB/s (NVL), avg_t: 352.18 us
[tuning] SMs 28, NVL chunk 15: 266.02 GB/s (NVL), avg_t: 335.26 us
[tuning] SMs 28, NVL chunk 16: 274.18 GB/s (NVL), avg_t: 325.28 us
[tuning] SMs 28, NVL chunk 17: 287.43 GB/s (NVL), avg_t: 310.29 us
[tuning] SMs 28, NVL chunk 18: 298.53 GB/s (NVL), avg_t: 298.75 us
[tuning] SMs 28, NVL chunk 19: 300.86 GB/s (NVL), avg_t: 296.43 us
[tuning] SMs 28, NVL chunk 20: 312.54 GB/s (NVL), avg_t: 285.36 us
[tuning] SMs 28, NVL chunk 21: 319.49 GB/s (NVL), avg_t: 279.15 us
[tuning] SMs 28, NVL chunk 22: 301.19 GB/s (NVL), avg_t: 296.12 us
[tuning] SMs 28, NVL chunk 23: 314.23 GB/s (NVL), avg_t: 283.82 us
[tuning] SMs 28, NVL chunk 24: 316.79 GB/s (NVL), avg_t: 281.53 us
[tuning] SMs 28, NVL chunk 25: 311.97 GB/s (NVL), avg_t: 285.88 us
[tuning] SMs 28, NVL chunk 26: 321.57 GB/s (NVL), avg_t: 277.35 us
[tuning] SMs 28, NVL chunk 27: 327.57 GB/s (NVL), avg_t: 272.27 us
[tuning] SMs 28, NVL chunk 28: 324.70 GB/s (NVL), avg_t: 274.67 us
[tuning] SMs 28, NVL chunk 29: 331.52 GB/s (NVL), avg_t: 269.02 us
[tuning] SMs 28, NVL chunk 30: 336.53 GB/s (NVL), avg_t: 265.02 us
[tuning] SMs 28, NVL chunk 31: 334.05 GB/s (NVL), avg_t: 266.98 us
[tuning] SMs 28, NVL chunk 32: 339.22 GB/s (NVL), avg_t: 262.91 us
[tuning] SMs 28, NVL chunk 33: 343.56 GB/s (NVL), avg_t: 259.60 us
[tuning] SMs 28, NVL chunk 34: 333.16 GB/s (NVL), avg_t: 267.70 us
[tuning] SMs 28, NVL chunk 35: 342.49 GB/s (NVL), avg_t: 260.40 us
[tuning] SMs 28, NVL chunk 36: 340.76 GB/s (NVL), avg_t: 261.73 us
[tuning] SMs 28, NVL chunk 37: 337.93 GB/s (NVL), avg_t: 263.92 us
[tuning] SMs 28, NVL chunk 38: 341.56 GB/s (NVL), avg_t: 261.11 us
[tuning] SMs 28, NVL chunk 39: 342.30 GB/s (NVL), avg_t: 260.55 us
[tuning] SMs 28, NVL chunk 40: 338.75 GB/s (NVL), avg_t: 263.28 us
[tuning] SMs 28, NVL chunk 41: 344.08 GB/s (NVL), avg_t: 259.20 us
[tuning] SMs 28, NVL chunk 42: 343.41 GB/s (NVL), avg_t: 259.71 us
[tuning] SMs 28, NVL chunk 43: 343.98 GB/s (NVL), avg_t: 259.28 us
[tuning] SMs 28, NVL chunk 44: 344.79 GB/s (NVL), avg_t: 258.67 us
[tuning] SMs 28, NVL chunk 45: 346.33 GB/s (NVL), avg_t: 257.52 us
[tuning] SMs 28, NVL chunk 46: 342.16 GB/s (NVL), avg_t: 260.65 us
[tuning] SMs 28, NVL chunk 47: 343.04 GB/s (NVL), avg_t: 259.99 us
[tuning] SMs 28, NVL chunk 48: 343.57 GB/s (NVL), avg_t: 259.59 us
[tuning] SMs 28, NVL chunk 49: 342.28 GB/s (NVL), avg_t: 260.56 us
[tuning] SMs 28, NVL chunk 50: 343.92 GB/s (NVL), avg_t: 259.32 us
[tuning] SMs 28, NVL chunk 51: 347.21 GB/s (NVL), avg_t: 256.86 us
[tuning] SMs 28, NVL chunk 52: 343.15 GB/s (NVL), avg_t: 259.91 us
[tuning] SMs 28, NVL chunk 53: 343.36 GB/s (NVL), avg_t: 259.74 us
[tuning] SMs 28, NVL chunk 54: 342.16 GB/s (NVL), avg_t: 260.65 us
[tuning] SMs 28, NVL chunk 55: 340.18 GB/s (NVL), avg_t: 262.17 us
[tuning] SMs 28, NVL chunk 56: 341.43 GB/s (NVL), avg_t: 261.21 us
[tuning] SMs 28, NVL chunk 57: 339.36 GB/s (NVL), avg_t: 262.80 us
[tuning] SMs 28, NVL chunk 58: 339.12 GB/s (NVL), avg_t: 262.99 us
[tuning] SMs 28, NVL chunk 59: 339.74 GB/s (NVL), avg_t: 262.52 us
[tuning] SMs 28, NVL chunk 60: 339.66 GB/s (NVL), avg_t: 262.58 us
[tuning] SMs 28, NVL chunk 61: 337.81 GB/s (NVL), avg_t: 264.02 us
[tuning] SMs 28, NVL chunk 62: 337.23 GB/s (NVL), avg_t: 264.46 us
[tuning] SMs 28, NVL chunk 63: 337.00 GB/s (NVL), avg_t: 264.65 us
[tuning] SMs 28, NVL chunk 64: 336.42 GB/s (NVL), avg_t: 265.10 us
[tuning] Best combine: SMs 28, NVL chunk 51: 347.21 GB/s (NVL), t: 256.86 us


[config] num_tokens=4096, hidden=2048, num_topk=8
[layout] Kernel performance: 0.048 ms

[testing] Running with BF16, without top-k (async=False, previous=False) ... passed
[testing] Running with BF16, with top-k (async=False, previous=False) ... passed
[testing] Running with BF16, without top-k (async=False, previous=False) ... passed
[testing] Running with BF16, with top-k (async=False, previous=False) ... passed
[testing] Running with FP8, without top-k (async=False, previous=False) ... passed
[testing] Running with FP8, with top-k (async=False, previous=False) ... passed
[testing] Running with BF16, without top-k (async=True, previous=False) ... passed
[testing] Running with BF16, with top-k (async=True, previous=False) ... passed
[testing] Running with BF16, without top-k (async=True, previous=False) ... passed
[testing] Running with BF16, with top-k (async=True, previous=False) ... passed
[testing] Running with FP8, without top-k (async=True, previous=False) ... passed
[testing] Running with FP8, with top-k (async=True, previous=False) ... passed
[testing] Running with BF16, without top-k (async=False, previous=True) ... passed
[testing] Running with BF16, with top-k (async=False, previous=True) ... passed
[testing] Running with BF16, without top-k (async=False, previous=True) ... passed
[testing] Running with BF16, with top-k (async=False, previous=True) ... passed
[testing] Running with FP8, without top-k (async=False, previous=True) ... passed
[testing] Running with FP8, with top-k (async=False, previous=True) ... passed
[testing] Running with BF16, without top-k (async=True, previous=True) ... passed
[testing] Running with BF16, with top-k (async=True, previous=True) ... passed
[testing] Running with BF16, without top-k (async=True, previous=True) ... passed
[testing] Running with BF16, with top-k (async=True, previous=True) ... passed
[testing] Running with FP8, without top-k (async=True, previous=True) ... passed
[testing] Running with FP8, with top-k (async=True, previous=True) ... passed

[tuning] SMs 30, NVL chunk default: 178.06 GB/s (NVL), avg_t: 504.33 us
[tuning] SMs 30, NVL chunk 1: 39.83 GB/s (NVL), avg_t: 2254.76 us
[tuning] SMs 30, NVL chunk 2: 71.98 GB/s (NVL), avg_t: 1247.66 us
[tuning] SMs 30, NVL chunk 3: 104.84 GB/s (NVL), avg_t: 856.55 us
[tuning] SMs 30, NVL chunk 4: 131.13 GB/s (NVL), avg_t: 684.82 us
[tuning] SMs 30, NVL chunk 5: 158.62 GB/s (NVL), avg_t: 566.14 us
[tuning] SMs 30, NVL chunk 6: 177.97 GB/s (NVL), avg_t: 504.57 us
[tuning] SMs 30, NVL chunk 7: 175.14 GB/s (NVL), avg_t: 512.72 us
[tuning] SMs 30, NVL chunk 8: 179.71 GB/s (NVL), avg_t: 499.70 us
[tuning] SMs 30, NVL chunk 9: 191.97 GB/s (NVL), avg_t: 467.79 us
[tuning] SMs 30, NVL chunk 10: 208.58 GB/s (NVL), avg_t: 430.53 us
[tuning] SMs 30, NVL chunk 11: 224.49 GB/s (NVL), avg_t: 400.03 us
[tuning] SMs 30, NVL chunk 12: 240.93 GB/s (NVL), avg_t: 372.72 us
[tuning] SMs 30, NVL chunk 13: 254.14 GB/s (NVL), avg_t: 353.35 us
[tuning] SMs 30, NVL chunk 14: 266.13 GB/s (NVL), avg_t: 337.43 us
[tuning] SMs 30, NVL chunk 15: 274.12 GB/s (NVL), avg_t: 327.59 us
[tuning] SMs 30, NVL chunk 16: 270.96 GB/s (NVL), avg_t: 331.42 us
[tuning] SMs 30, NVL chunk 17: 270.28 GB/s (NVL), avg_t: 332.25 us
[tuning] SMs 30, NVL chunk 18: 273.57 GB/s (NVL), avg_t: 328.25 us
[tuning] SMs 30, NVL chunk 19: 282.85 GB/s (NVL), avg_t: 317.48 us
[tuning] SMs 30, NVL chunk 20: 290.82 GB/s (NVL), avg_t: 308.78 us
[tuning] SMs 30, NVL chunk 21: 298.38 GB/s (NVL), avg_t: 300.96 us
[tuning] SMs 30, NVL chunk 22: 302.48 GB/s (NVL), avg_t: 296.88 us
[tuning] SMs 30, NVL chunk 23: 308.20 GB/s (NVL), avg_t: 291.37 us
[tuning] SMs 30, NVL chunk 24: 311.08 GB/s (NVL), avg_t: 288.68 us
[tuning] SMs 30, NVL chunk 25: 311.46 GB/s (NVL), avg_t: 288.32 us
[tuning] SMs 30, NVL chunk 26: 315.07 GB/s (NVL), avg_t: 285.02 us
[tuning] SMs 30, NVL chunk 27: 315.98 GB/s (NVL), avg_t: 284.20 us
[tuning] SMs 30, NVL chunk 28: 318.16 GB/s (NVL), avg_t: 282.25 us
[tuning] SMs 30, NVL chunk 29: 321.77 GB/s (NVL), avg_t: 279.08 us
[tuning] SMs 30, NVL chunk 30: 325.92 GB/s (NVL), avg_t: 275.53 us
[tuning] SMs 30, NVL chunk 31: 325.23 GB/s (NVL), avg_t: 276.12 us
[tuning] SMs 30, NVL chunk 32: 327.40 GB/s (NVL), avg_t: 274.28 us
[tuning] SMs 30, NVL chunk 33: 331.18 GB/s (NVL), avg_t: 271.16 us
[tuning] SMs 30, NVL chunk 34: 332.22 GB/s (NVL), avg_t: 270.31 us
[tuning] SMs 30, NVL chunk 35: 332.91 GB/s (NVL), avg_t: 269.75 us
[tuning] SMs 30, NVL chunk 36: 333.09 GB/s (NVL), avg_t: 269.60 us
[tuning] SMs 30, NVL chunk 37: 332.26 GB/s (NVL), avg_t: 270.27 us
[tuning] SMs 30, NVL chunk 38: 333.62 GB/s (NVL), avg_t: 269.17 us
[tuning] SMs 30, NVL chunk 39: 338.19 GB/s (NVL), avg_t: 265.54 us
[tuning] SMs 30, NVL chunk 40: 339.86 GB/s (NVL), avg_t: 264.23 us
[tuning] SMs 30, NVL chunk 41: 342.11 GB/s (NVL), avg_t: 262.49 us
[tuning] SMs 30, NVL chunk 42: 341.29 GB/s (NVL), avg_t: 263.12 us
[tuning] SMs 30, NVL chunk 43: 338.35 GB/s (NVL), avg_t: 265.41 us
[tuning] SMs 30, NVL chunk 44: 337.43 GB/s (NVL), avg_t: 266.13 us
[tuning] SMs 30, NVL chunk 45: 337.09 GB/s (NVL), avg_t: 266.40 us
[tuning] SMs 30, NVL chunk 46: 336.47 GB/s (NVL), avg_t: 266.89 us
[tuning] SMs 30, NVL chunk 47: 337.73 GB/s (NVL), avg_t: 265.90 us
[tuning] SMs 30, NVL chunk 48: 340.32 GB/s (NVL), avg_t: 263.87 us
[tuning] SMs 30, NVL chunk 49: 342.74 GB/s (NVL), avg_t: 262.01 us
[tuning] SMs 30, NVL chunk 50: 343.23 GB/s (NVL), avg_t: 261.63 us
[tuning] SMs 30, NVL chunk 51: 347.24 GB/s (NVL), avg_t: 258.62 us
[tuning] SMs 30, NVL chunk 52: 345.29 GB/s (NVL), avg_t: 260.08 us
[tuning] SMs 30, NVL chunk 53: 343.62 GB/s (NVL), avg_t: 261.34 us
[tuning] SMs 30, NVL chunk 54: 341.95 GB/s (NVL), avg_t: 262.61 us
[tuning] SMs 30, NVL chunk 55: 341.47 GB/s (NVL), avg_t: 262.98 us
[tuning] SMs 30, NVL chunk 56: 336.37 GB/s (NVL), avg_t: 266.97 us
[tuning] SMs 30, NVL chunk 57: 335.13 GB/s (NVL), avg_t: 267.95 us
[tuning] SMs 30, NVL chunk 58: 334.70 GB/s (NVL), avg_t: 268.30 us
[tuning] SMs 30, NVL chunk 59: 333.31 GB/s (NVL), avg_t: 269.42 us
[tuning] SMs 30, NVL chunk 60: 333.38 GB/s (NVL), avg_t: 269.36 us
[tuning] SMs 30, NVL chunk 61: 331.83 GB/s (NVL), avg_t: 270.62 us
[tuning] SMs 30, NVL chunk 62: 330.93 GB/s (NVL), avg_t: 271.36 us
[tuning] SMs 30, NVL chunk 63: 333.23 GB/s (NVL), avg_t: 269.48 us
[tuning] SMs 30, NVL chunk 64: 334.38 GB/s (NVL), avg_t: 268.56 us
[tuning] Best dispatch (BF16): SMs 30, NVL chunk 51, 347.24 GB/s (NVL), t: 258.62 us

[tuning] SMs 30, NVL chunk default: 131.87 GB/s (NVL), avg_t: 680.96 us
[tuning] SMs 30, NVL chunk 1: 40.79 GB/s (NVL), avg_t: 2201.58 us
[tuning] SMs 30, NVL chunk 2: 73.92 GB/s (NVL), avg_t: 1214.79 us
[tuning] SMs 30, NVL chunk 3: 106.05 GB/s (NVL), avg_t: 846.76 us
[tuning] SMs 30, NVL chunk 4: 132.20 GB/s (NVL), avg_t: 679.26 us
[tuning] SMs 30, NVL chunk 5: 159.70 GB/s (NVL), avg_t: 562.29 us
[tuning] SMs 30, NVL chunk 6: 187.22 GB/s (NVL), avg_t: 479.66 us
[tuning] SMs 30, NVL chunk 7: 189.95 GB/s (NVL), avg_t: 472.75 us
[tuning] SMs 30, NVL chunk 8: 210.76 GB/s (NVL), avg_t: 426.09 us
[tuning] SMs 30, NVL chunk 9: 226.79 GB/s (NVL), avg_t: 395.96 us
[tuning] SMs 30, NVL chunk 10: 210.89 GB/s (NVL), avg_t: 425.81 us
[tuning] SMs 30, NVL chunk 11: 226.84 GB/s (NVL), avg_t: 395.88 us
[tuning] SMs 30, NVL chunk 12: 241.33 GB/s (NVL), avg_t: 372.11 us
[tuning] SMs 30, NVL chunk 13: 254.22 GB/s (NVL), avg_t: 353.24 us
[tuning] SMs 30, NVL chunk 14: 267.38 GB/s (NVL), avg_t: 335.86 us
[tuning] SMs 30, NVL chunk 15: 282.36 GB/s (NVL), avg_t: 318.04 us
[tuning] SMs 30, NVL chunk 16: 290.55 GB/s (NVL), avg_t: 309.07 us
[tuning] SMs 30, NVL chunk 17: 304.90 GB/s (NVL), avg_t: 294.52 us
[tuning] SMs 30, NVL chunk 18: 313.07 GB/s (NVL), avg_t: 286.83 us
[tuning] SMs 30, NVL chunk 19: 318.32 GB/s (NVL), avg_t: 282.11 us
[tuning] SMs 30, NVL chunk 20: 327.31 GB/s (NVL), avg_t: 274.36 us
[tuning] SMs 30, NVL chunk 21: 331.77 GB/s (NVL), avg_t: 270.67 us
[tuning] SMs 30, NVL chunk 22: 315.38 GB/s (NVL), avg_t: 284.74 us
[tuning] SMs 30, NVL chunk 23: 326.48 GB/s (NVL), avg_t: 275.06 us
[tuning] SMs 30, NVL chunk 24: 331.56 GB/s (NVL), avg_t: 270.85 us
[tuning] SMs 30, NVL chunk 25: 330.01 GB/s (NVL), avg_t: 272.11 us
[tuning] SMs 30, NVL chunk 26: 337.39 GB/s (NVL), avg_t: 266.17 us
[tuning] SMs 30, NVL chunk 27: 340.00 GB/s (NVL), avg_t: 264.12 us
[tuning] SMs 30, NVL chunk 28: 341.65 GB/s (NVL), avg_t: 262.84 us
[tuning] SMs 30, NVL chunk 29: 347.97 GB/s (NVL), avg_t: 258.07 us
[tuning] SMs 30, NVL chunk 30: 351.15 GB/s (NVL), avg_t: 255.73 us
[tuning] SMs 30, NVL chunk 31: 348.02 GB/s (NVL), avg_t: 258.03 us
[tuning] SMs 30, NVL chunk 32: 354.38 GB/s (NVL), avg_t: 253.40 us
[tuning] SMs 30, NVL chunk 33: 355.22 GB/s (NVL), avg_t: 252.80 us
[tuning] SMs 30, NVL chunk 34: 348.95 GB/s (NVL), avg_t: 257.34 us
[tuning] SMs 30, NVL chunk 35: 354.59 GB/s (NVL), avg_t: 253.25 us
[tuning] SMs 30, NVL chunk 36: 353.28 GB/s (NVL), avg_t: 254.19 us
[tuning] SMs 30, NVL chunk 37: 350.13 GB/s (NVL), avg_t: 256.48 us
[tuning] SMs 30, NVL chunk 38: 354.49 GB/s (NVL), avg_t: 253.32 us
[tuning] SMs 30, NVL chunk 39: 356.90 GB/s (NVL), avg_t: 251.61 us
[tuning] SMs 30, NVL chunk 40: 354.63 GB/s (NVL), avg_t: 253.22 us
[tuning] SMs 30, NVL chunk 41: 357.25 GB/s (NVL), avg_t: 251.37 us
[tuning] SMs 30, NVL chunk 42: 353.52 GB/s (NVL), avg_t: 254.02 us
[tuning] SMs 30, NVL chunk 43: 353.46 GB/s (NVL), avg_t: 254.06 us
[tuning] SMs 30, NVL chunk 44: 355.83 GB/s (NVL), avg_t: 252.37 us
[tuning] SMs 30, NVL chunk 45: 352.87 GB/s (NVL), avg_t: 254.49 us
[tuning] SMs 30, NVL chunk 46: 353.72 GB/s (NVL), avg_t: 253.88 us
[tuning] SMs 30, NVL chunk 47: 354.65 GB/s (NVL), avg_t: 253.21 us
[tuning] SMs 30, NVL chunk 48: 353.90 GB/s (NVL), avg_t: 253.74 us
[tuning] SMs 30, NVL chunk 49: 353.95 GB/s (NVL), avg_t: 253.71 us
[tuning] SMs 30, NVL chunk 50: 352.21 GB/s (NVL), avg_t: 254.96 us
[tuning] SMs 30, NVL chunk 51: 355.21 GB/s (NVL), avg_t: 252.81 us
[tuning] SMs 30, NVL chunk 52: 354.26 GB/s (NVL), avg_t: 253.49 us
[tuning] SMs 30, NVL chunk 53: 353.71 GB/s (NVL), avg_t: 253.88 us
[tuning] SMs 30, NVL chunk 54: 354.46 GB/s (NVL), avg_t: 253.34 us
[tuning] SMs 30, NVL chunk 55: 349.35 GB/s (NVL), avg_t: 257.05 us
[tuning] SMs 30, NVL chunk 56: 349.76 GB/s (NVL), avg_t: 256.75 us
[tuning] SMs 30, NVL chunk 57: 349.44 GB/s (NVL), avg_t: 256.98 us
[tuning] SMs 30, NVL chunk 58: 346.50 GB/s (NVL), avg_t: 259.16 us
[tuning] SMs 30, NVL chunk 59: 349.26 GB/s (NVL), avg_t: 257.11 us
[tuning] SMs 30, NVL chunk 60: 350.78 GB/s (NVL), avg_t: 256.01 us
[tuning] SMs 30, NVL chunk 61: 348.82 GB/s (NVL), avg_t: 257.44 us
[tuning] SMs 30, NVL chunk 62: 348.84 GB/s (NVL), avg_t: 257.42 us
[tuning] SMs 30, NVL chunk 63: 348.09 GB/s (NVL), avg_t: 257.98 us
[tuning] SMs 30, NVL chunk 64: 347.22 GB/s (NVL), avg_t: 258.63 us
[tuning] Best combine: SMs 30, NVL chunk 41: 357.25 GB/s (NVL), t: 251.37 us


[config] num_tokens=4096, hidden=2048, num_topk=8
[layout] Kernel performance: 0.048 ms

[testing] Running with BF16, without top-k (async=False, previous=False) ... passed
[testing] Running with BF16, with top-k (async=False, previous=False) ... passed
[testing] Running with BF16, without top-k (async=False, previous=False) ... passed
[testing] Running with BF16, with top-k (async=False, previous=False) ... passed
[testing] Running with FP8, without top-k (async=False, previous=False) ... passed
[testing] Running with FP8, with top-k (async=False, previous=False) ... passed
[testing] Running with BF16, without top-k (async=True, previous=False) ... passed
[testing] Running with BF16, with top-k (async=True, previous=False) ... passed
[testing] Running with BF16, without top-k (async=True, previous=False) ... passed
[testing] Running with BF16, with top-k (async=True, previous=False) ... passed
[testing] Running with FP8, without top-k (async=True, previous=False) ... passed
[testing] Running with FP8, with top-k (async=True, previous=False) ... passed
[testing] Running with BF16, without top-k (async=False, previous=True) ... passed
[testing] Running with BF16, with top-k (async=False, previous=True) ... passed
[testing] Running with BF16, without top-k (async=False, previous=True) ... passed
[testing] Running with BF16, with top-k (async=False, previous=True) ... passed
[testing] Running with FP8, without top-k (async=False, previous=True) ... passed
[testing] Running with FP8, with top-k (async=False, previous=True) ... passed
[testing] Running with BF16, without top-k (async=True, previous=True) ... passed
[testing] Running with BF16, with top-k (async=True, previous=True) ... passed
[testing] Running with BF16, without top-k (async=True, previous=True) ... passed
[testing] Running with BF16, with top-k (async=True, previous=True) ... passed
[testing] Running with FP8, without top-k (async=True, previous=True) ... passed
[testing] Running with FP8, with top-k (async=True, previous=True) ... passed

[tuning] SMs 32, NVL chunk default: 187.19 GB/s (NVL), avg_t: 476.66 us
[tuning] SMs 32, NVL chunk 1: 41.89 GB/s (NVL), avg_t: 2130.21 us
[tuning] SMs 32, NVL chunk 2: 75.41 GB/s (NVL), avg_t: 1183.17 us
[tuning] SMs 32, NVL chunk 3: 109.98 GB/s (NVL), avg_t: 811.29 us
[tuning] SMs 32, NVL chunk 4: 138.31 GB/s (NVL), avg_t: 645.12 us
[tuning] SMs 32, NVL chunk 5: 166.27 GB/s (NVL), avg_t: 536.65 us
[tuning] SMs 32, NVL chunk 6: 187.33 GB/s (NVL), avg_t: 476.30 us
[tuning] SMs 32, NVL chunk 7: 184.99 GB/s (NVL), avg_t: 482.32 us
[tuning] SMs 32, NVL chunk 8: 188.36 GB/s (NVL), avg_t: 473.70 us
[tuning] SMs 32, NVL chunk 9: 201.97 GB/s (NVL), avg_t: 441.79 us
[tuning] SMs 32, NVL chunk 10: 217.78 GB/s (NVL), avg_t: 409.70 us
[tuning] SMs 32, NVL chunk 11: 235.57 GB/s (NVL), avg_t: 378.77 us
[tuning] SMs 32, NVL chunk 12: 252.73 GB/s (NVL), avg_t: 353.05 us
[tuning] SMs 32, NVL chunk 13: 266.89 GB/s (NVL), avg_t: 334.32 us
[tuning] SMs 32, NVL chunk 14: 278.24 GB/s (NVL), avg_t: 320.69 us
[tuning] SMs 32, NVL chunk 15: 286.65 GB/s (NVL), avg_t: 311.28 us
[tuning] SMs 32, NVL chunk 16: 283.94 GB/s (NVL), avg_t: 314.25 us
[tuning] SMs 32, NVL chunk 17: 282.37 GB/s (NVL), avg_t: 315.99 us
[tuning] SMs 32, NVL chunk 18: 287.71 GB/s (NVL), avg_t: 310.13 us
[tuning] SMs 32, NVL chunk 19: 294.46 GB/s (NVL), avg_t: 303.02 us
[tuning] SMs 32, NVL chunk 20: 302.86 GB/s (NVL), avg_t: 294.62 us
[tuning] SMs 32, NVL chunk 21: 311.77 GB/s (NVL), avg_t: 286.19 us
[tuning] SMs 32, NVL chunk 22: 316.15 GB/s (NVL), avg_t: 282.23 us
[tuning] SMs 32, NVL chunk 23: 320.20 GB/s (NVL), avg_t: 278.66 us
[tuning] SMs 32, NVL chunk 24: 326.09 GB/s (NVL), avg_t: 273.63 us
[tuning] SMs 32, NVL chunk 25: 324.05 GB/s (NVL), avg_t: 275.35 us
[tuning] SMs 32, NVL chunk 26: 325.89 GB/s (NVL), avg_t: 273.79 us
[tuning] SMs 32, NVL chunk 27: 330.27 GB/s (NVL), avg_t: 270.16 us
[tuning] SMs 32, NVL chunk 28: 331.80 GB/s (NVL), avg_t: 268.92 us
[tuning] SMs 32, NVL chunk 29: 335.55 GB/s (NVL), avg_t: 265.92 us
[tuning] SMs 32, NVL chunk 30: 338.14 GB/s (NVL), avg_t: 263.87 us
[tuning] SMs 32, NVL chunk 31: 339.65 GB/s (NVL), avg_t: 262.71 us
[tuning] SMs 32, NVL chunk 32: 341.53 GB/s (NVL), avg_t: 261.26 us
[tuning] SMs 32, NVL chunk 33: 346.27 GB/s (NVL), avg_t: 257.68 us
[tuning] SMs 32, NVL chunk 34: 344.58 GB/s (NVL), avg_t: 258.95 us
[tuning] SMs 32, NVL chunk 35: 345.71 GB/s (NVL), avg_t: 258.10 us
[tuning] SMs 32, NVL chunk 36: 347.20 GB/s (NVL), avg_t: 256.99 us
[tuning] SMs 32, NVL chunk 37: 349.51 GB/s (NVL), avg_t: 255.29 us
[tuning] SMs 32, NVL chunk 38: 350.43 GB/s (NVL), avg_t: 254.62 us
[tuning] SMs 32, NVL chunk 39: 353.43 GB/s (NVL), avg_t: 252.46 us
[tuning] SMs 32, NVL chunk 40: 350.62 GB/s (NVL), avg_t: 254.49 us
[tuning] SMs 32, NVL chunk 41: 350.71 GB/s (NVL), avg_t: 254.42 us
[tuning] SMs 32, NVL chunk 42: 350.76 GB/s (NVL), avg_t: 254.38 us
[tuning] SMs 32, NVL chunk 43: 349.88 GB/s (NVL), avg_t: 255.02 us
[tuning] SMs 32, NVL chunk 44: 349.15 GB/s (NVL), avg_t: 255.56 us
[tuning] SMs 32, NVL chunk 45: 353.81 GB/s (NVL), avg_t: 252.19 us
[tuning] SMs 32, NVL chunk 46: 356.17 GB/s (NVL), avg_t: 250.52 us
[tuning] SMs 32, NVL chunk 47: 359.63 GB/s (NVL), avg_t: 248.11 us
[tuning] SMs 32, NVL chunk 48: 359.39 GB/s (NVL), avg_t: 248.28 us
[tuning] SMs 32, NVL chunk 49: 359.23 GB/s (NVL), avg_t: 248.39 us
[tuning] SMs 32, NVL chunk 50: 356.89 GB/s (NVL), avg_t: 250.01 us
[tuning] SMs 32, NVL chunk 51: 355.34 GB/s (NVL), avg_t: 251.10 us
[tuning] SMs 32, NVL chunk 52: 351.58 GB/s (NVL), avg_t: 253.79 us
[tuning] SMs 32, NVL chunk 53: 351.22 GB/s (NVL), avg_t: 254.05 us
[tuning] SMs 32, NVL chunk 54: 350.28 GB/s (NVL), avg_t: 254.73 us
[tuning] SMs 32, NVL chunk 55: 348.54 GB/s (NVL), avg_t: 256.00 us
[tuning] SMs 32, NVL chunk 56: 347.36 GB/s (NVL), avg_t: 256.87 us
[tuning] SMs 32, NVL chunk 57: 347.36 GB/s (NVL), avg_t: 256.87 us
[tuning] SMs 32, NVL chunk 58: 347.06 GB/s (NVL), avg_t: 257.10 us
[tuning] SMs 32, NVL chunk 59: 348.72 GB/s (NVL), avg_t: 255.87 us
[tuning] SMs 32, NVL chunk 60: 350.53 GB/s (NVL), avg_t: 254.55 us
[tuning] SMs 32, NVL chunk 61: 351.07 GB/s (NVL), avg_t: 254.16 us
[tuning] SMs 32, NVL chunk 62: 352.80 GB/s (NVL), avg_t: 252.91 us
[tuning] SMs 32, NVL chunk 63: 355.69 GB/s (NVL), avg_t: 250.86 us
[tuning] SMs 32, NVL chunk 64: 357.37 GB/s (NVL), avg_t: 249.68 us
[tuning] Best dispatch (BF16): SMs 32, NVL chunk 47, 359.63 GB/s (NVL), t: 248.11 us

[tuning] SMs 32, NVL chunk default: 139.04 GB/s (NVL), avg_t: 641.73 us
[tuning] SMs 32, NVL chunk 1: 43.44 GB/s (NVL), avg_t: 2053.81 us
[tuning] SMs 32, NVL chunk 2: 78.97 GB/s (NVL), avg_t: 1129.87 us
[tuning] SMs 32, NVL chunk 3: 112.26 GB/s (NVL), avg_t: 794.86 us
[tuning] SMs 32, NVL chunk 4: 138.84 GB/s (NVL), avg_t: 642.65 us
[tuning] SMs 32, NVL chunk 5: 167.90 GB/s (NVL), avg_t: 531.43 us
[tuning] SMs 32, NVL chunk 6: 197.25 GB/s (NVL), avg_t: 452.36 us
[tuning] SMs 32, NVL chunk 7: 201.75 GB/s (NVL), avg_t: 442.26 us
[tuning] SMs 32, NVL chunk 8: 221.66 GB/s (NVL), avg_t: 402.54 us
[tuning] SMs 32, NVL chunk 9: 242.15 GB/s (NVL), avg_t: 368.47 us
[tuning] SMs 32, NVL chunk 10: 222.56 GB/s (NVL), avg_t: 400.91 us
[tuning] SMs 32, NVL chunk 11: 239.59 GB/s (NVL), avg_t: 372.41 us
[tuning] SMs 32, NVL chunk 12: 254.74 GB/s (NVL), avg_t: 350.27 us
[tuning] SMs 32, NVL chunk 13: 266.68 GB/s (NVL), avg_t: 334.59 us
[tuning] SMs 32, NVL chunk 14: 281.09 GB/s (NVL), avg_t: 317.43 us
[tuning] SMs 32, NVL chunk 15: 297.07 GB/s (NVL), avg_t: 300.36 us
[tuning] SMs 32, NVL chunk 16: 305.80 GB/s (NVL), avg_t: 291.79 us
[tuning] SMs 32, NVL chunk 17: 313.99 GB/s (NVL), avg_t: 284.17 us
[tuning] SMs 32, NVL chunk 18: 327.55 GB/s (NVL), avg_t: 272.41 us
[tuning] SMs 32, NVL chunk 19: 331.18 GB/s (NVL), avg_t: 269.42 us
[tuning] SMs 32, NVL chunk 20: 343.57 GB/s (NVL), avg_t: 259.71 us
[tuning] SMs 32, NVL chunk 21: 350.58 GB/s (NVL), avg_t: 254.52 us
[tuning] SMs 32, NVL chunk 22: 331.84 GB/s (NVL), avg_t: 268.88 us
[tuning] SMs 32, NVL chunk 23: 347.96 GB/s (NVL), avg_t: 256.43 us
[tuning] SMs 32, NVL chunk 24: 349.95 GB/s (NVL), avg_t: 254.97 us
[tuning] SMs 32, NVL chunk 25: 343.60 GB/s (NVL), avg_t: 259.69 us
[tuning] SMs 32, NVL chunk 26: 351.48 GB/s (NVL), avg_t: 253.86 us
[tuning] SMs 32, NVL chunk 27: 356.72 GB/s (NVL), avg_t: 250.13 us
[tuning] SMs 32, NVL chunk 28: 357.52 GB/s (NVL), avg_t: 249.57 us
[tuning] SMs 32, NVL chunk 29: 364.19 GB/s (NVL), avg_t: 245.00 us
[tuning] SMs 32, NVL chunk 30: 367.95 GB/s (NVL), avg_t: 242.50 us
[tuning] SMs 32, NVL chunk 31: 363.60 GB/s (NVL), avg_t: 245.40 us
[tuning] SMs 32, NVL chunk 32: 371.73 GB/s (NVL), avg_t: 240.03 us
[tuning] SMs 32, NVL chunk 33: 371.24 GB/s (NVL), avg_t: 240.35 us
[tuning] SMs 32, NVL chunk 34: 364.22 GB/s (NVL), avg_t: 244.98 us
[tuning] SMs 32, NVL chunk 35: 367.91 GB/s (NVL), avg_t: 242.52 us
[tuning] SMs 32, NVL chunk 36: 369.41 GB/s (NVL), avg_t: 241.54 us
[tuning] SMs 32, NVL chunk 37: 369.74 GB/s (NVL), avg_t: 241.33 us
[tuning] SMs 32, NVL chunk 38: 371.73 GB/s (NVL), avg_t: 240.03 us
[tuning] SMs 32, NVL chunk 39: 372.70 GB/s (NVL), avg_t: 239.41 us
[tuning] SMs 32, NVL chunk 40: 368.42 GB/s (NVL), avg_t: 242.19 us
[tuning] SMs 32, NVL chunk 41: 371.90 GB/s (NVL), avg_t: 239.93 us
[tuning] SMs 32, NVL chunk 42: 373.44 GB/s (NVL), avg_t: 238.93 us
[tuning] SMs 32, NVL chunk 43: 371.53 GB/s (NVL), avg_t: 240.16 us
[tuning] SMs 32, NVL chunk 44: 368.97 GB/s (NVL), avg_t: 241.83 us
[tuning] SMs 32, NVL chunk 45: 373.46 GB/s (NVL), avg_t: 238.92 us
[tuning] SMs 32, NVL chunk 46: 371.93 GB/s (NVL), avg_t: 239.90 us
[tuning] SMs 32, NVL chunk 47: 373.20 GB/s (NVL), avg_t: 239.09 us
[tuning] SMs 32, NVL chunk 48: 373.17 GB/s (NVL), avg_t: 239.11 us
[tuning] SMs 32, NVL chunk 49: 370.98 GB/s (NVL), avg_t: 240.51 us
[tuning] SMs 32, NVL chunk 50: 370.66 GB/s (NVL), avg_t: 240.73 us
[tuning] SMs 32, NVL chunk 51: 371.72 GB/s (NVL), avg_t: 240.04 us
[tuning] SMs 32, NVL chunk 52: 367.48 GB/s (NVL), avg_t: 242.81 us
[tuning] SMs 32, NVL chunk 53: 366.55 GB/s (NVL), avg_t: 243.42 us
[tuning] SMs 32, NVL chunk 54: 367.72 GB/s (NVL), avg_t: 242.65 us
[tuning] SMs 32, NVL chunk 55: 368.71 GB/s (NVL), avg_t: 242.00 us
[tuning] SMs 32, NVL chunk 56: 366.39 GB/s (NVL), avg_t: 243.53 us
[tuning] SMs 32, NVL chunk 57: 370.28 GB/s (NVL), avg_t: 240.97 us
[tuning] SMs 32, NVL chunk 58: 366.49 GB/s (NVL), avg_t: 243.46 us
[tuning] SMs 32, NVL chunk 59: 365.88 GB/s (NVL), avg_t: 243.87 us
[tuning] SMs 32, NVL chunk 60: 368.50 GB/s (NVL), avg_t: 242.13 us
[tuning] SMs 32, NVL chunk 61: 367.68 GB/s (NVL), avg_t: 242.68 us
[tuning] SMs 32, NVL chunk 62: 366.14 GB/s (NVL), avg_t: 243.70 us
[tuning] SMs 32, NVL chunk 63: 367.43 GB/s (NVL), avg_t: 242.84 us
[tuning] SMs 32, NVL chunk 64: 361.88 GB/s (NVL), avg_t: 246.56 us
[tuning] Best combine: SMs 32, NVL chunk 45: 373.46 GB/s (NVL), t: 238.92 us


[config] num_tokens=4096, hidden=2048, num_topk=8
[layout] Kernel performance: 0.047 ms

[testing] Running with BF16, without top-k (async=False, previous=False) ... passed
[testing] Running with BF16, with top-k (async=False, previous=False) ... passed
[testing] Running with BF16, without top-k (async=False, previous=False) ... passed
[testing] Running with BF16, with top-k (async=False, previous=False) ... passed
[testing] Running with FP8, without top-k (async=False, previous=False) ... passed
[testing] Running with FP8, with top-k (async=False, previous=False) ... passed
[testing] Running with BF16, without top-k (async=True, previous=False) ... passed
[testing] Running with BF16, with top-k (async=True, previous=False) ... passed
[testing] Running with BF16, without top-k (async=True, previous=False) ... passed
[testing] Running with BF16, with top-k (async=True, previous=False) ... passed
[testing] Running with FP8, without top-k (async=True, previous=False) ... passed
[testing] Running with FP8, with top-k (async=True, previous=False) ... passed
[testing] Running with BF16, without top-k (async=False, previous=True) ... passed
[testing] Running with BF16, with top-k (async=False, previous=True) ... passed
[testing] Running with BF16, without top-k (async=False, previous=True) ... passed
[testing] Running with BF16, with top-k (async=False, previous=True) ... passed
[testing] Running with FP8, without top-k (async=False, previous=True) ... passed
[testing] Running with FP8, with top-k (async=False, previous=True) ... passed
[testing] Running with BF16, without top-k (async=True, previous=True) ... passed
[testing] Running with BF16, with top-k (async=True, previous=True) ... passed
[testing] Running with BF16, without top-k (async=True, previous=True) ... passed
[testing] Running with BF16, with top-k (async=True, previous=True) ... passed
[testing] Running with FP8, without top-k (async=True, previous=True) ... passed
[testing] Running with FP8, with top-k (async=True, previous=True) ... passed

[tuning] SMs 34, NVL chunk default: 196.02 GB/s (NVL), avg_t: 455.54 us
[tuning] SMs 34, NVL chunk 1: 44.30 GB/s (NVL), avg_t: 2015.56 us
[tuning] SMs 34, NVL chunk 2: 79.97 GB/s (NVL), avg_t: 1116.66 us
[tuning] SMs 34, NVL chunk 3: 116.07 GB/s (NVL), avg_t: 769.32 us
[tuning] SMs 34, NVL chunk 4: 145.62 GB/s (NVL), avg_t: 613.21 us
[tuning] SMs 34, NVL chunk 5: 175.20 GB/s (NVL), avg_t: 509.67 us
[tuning] SMs 34, NVL chunk 6: 196.37 GB/s (NVL), avg_t: 454.74 us
[tuning] SMs 34, NVL chunk 7: 193.97 GB/s (NVL), avg_t: 460.36 us
[tuning] SMs 34, NVL chunk 8: 198.65 GB/s (NVL), avg_t: 449.51 us
[tuning] SMs 34, NVL chunk 9: 211.25 GB/s (NVL), avg_t: 422.71 us
[tuning] SMs 34, NVL chunk 10: 229.73 GB/s (NVL), avg_t: 388.70 us
[tuning] SMs 34, NVL chunk 11: 249.30 GB/s (NVL), avg_t: 358.18 us
[tuning] SMs 34, NVL chunk 12: 265.99 GB/s (NVL), avg_t: 335.71 us
[tuning] SMs 34, NVL chunk 13: 281.40 GB/s (NVL), avg_t: 317.33 us
[tuning] SMs 34, NVL chunk 14: 293.27 GB/s (NVL), avg_t: 304.49 us
[tuning] SMs 34, NVL chunk 15: 300.13 GB/s (NVL), avg_t: 297.53 us
[tuning] SMs 34, NVL chunk 16: 297.43 GB/s (NVL), avg_t: 300.23 us
[tuning] SMs 34, NVL chunk 17: 297.97 GB/s (NVL), avg_t: 299.69 us
[tuning] SMs 34, NVL chunk 18: 300.94 GB/s (NVL), avg_t: 296.72 us
[tuning] SMs 34, NVL chunk 19: 309.58 GB/s (NVL), avg_t: 288.44 us
[tuning] SMs 34, NVL chunk 20: 319.15 GB/s (NVL), avg_t: 279.79 us
[tuning] SMs 34, NVL chunk 21: 328.87 GB/s (NVL), avg_t: 271.52 us
[tuning] SMs 34, NVL chunk 22: 332.43 GB/s (NVL), avg_t: 268.62 us
[tuning] SMs 34, NVL chunk 23: 336.15 GB/s (NVL), avg_t: 265.65 us
[tuning] SMs 34, NVL chunk 24: 340.42 GB/s (NVL), avg_t: 262.32 us
[tuning] SMs 34, NVL chunk 25: 340.20 GB/s (NVL), avg_t: 262.49 us
[tuning] SMs 34, NVL chunk 26: 342.64 GB/s (NVL), avg_t: 260.62 us
[tuning] SMs 34, NVL chunk 27: 345.33 GB/s (NVL), avg_t: 258.58 us
[tuning] SMs 34, NVL chunk 28: 347.70 GB/s (NVL), avg_t: 256.82 us
[tuning] SMs 34, NVL chunk 29: 350.08 GB/s (NVL), avg_t: 255.08 us
[tuning] SMs 34, NVL chunk 30: 355.20 GB/s (NVL), avg_t: 251.40 us
[tuning] SMs 34, NVL chunk 31: 356.02 GB/s (NVL), avg_t: 250.82 us
[tuning] SMs 34, NVL chunk 32: 360.64 GB/s (NVL), avg_t: 247.61 us
[tuning] SMs 34, NVL chunk 33: 361.07 GB/s (NVL), avg_t: 247.31 us
[tuning] SMs 34, NVL chunk 34: 361.34 GB/s (NVL), avg_t: 247.13 us
[tuning] SMs 34, NVL chunk 35: 362.94 GB/s (NVL), avg_t: 246.04 us
[tuning] SMs 34, NVL chunk 36: 367.04 GB/s (NVL), avg_t: 243.29 us
[tuning] SMs 34, NVL chunk 37: 366.94 GB/s (NVL), avg_t: 243.35 us
[tuning] SMs 34, NVL chunk 38: 364.01 GB/s (NVL), avg_t: 245.31 us
[tuning] SMs 34, NVL chunk 39: 365.06 GB/s (NVL), avg_t: 244.61 us
[tuning] SMs 34, NVL chunk 40: 363.65 GB/s (NVL), avg_t: 245.56 us
[tuning] SMs 34, NVL chunk 41: 366.13 GB/s (NVL), avg_t: 243.89 us
[tuning] SMs 34, NVL chunk 42: 367.44 GB/s (NVL), avg_t: 243.02 us
[tuning] SMs 34, NVL chunk 43: 368.97 GB/s (NVL), avg_t: 242.02 us
[tuning] SMs 34, NVL chunk 44: 372.00 GB/s (NVL), avg_t: 240.05 us
[tuning] SMs 34, NVL chunk 45: 373.37 GB/s (NVL), avg_t: 239.16 us
[tuning] SMs 34, NVL chunk 46: 375.09 GB/s (NVL), avg_t: 238.07 us
[tuning] SMs 34, NVL chunk 47: 372.94 GB/s (NVL), avg_t: 239.44 us
[tuning] SMs 34, NVL chunk 48: 370.07 GB/s (NVL), avg_t: 241.30 us
[tuning] SMs 34, NVL chunk 49: 367.92 GB/s (NVL), avg_t: 242.70 us
[tuning] SMs 34, NVL chunk 50: 367.52 GB/s (NVL), avg_t: 242.97 us
[tuning] SMs 34, NVL chunk 51: 367.13 GB/s (NVL), avg_t: 243.23 us
[tuning] SMs 34, NVL chunk 52: 365.31 GB/s (NVL), avg_t: 244.44 us
[tuning] SMs 34, NVL chunk 53: 364.50 GB/s (NVL), avg_t: 244.99 us
[tuning] SMs 34, NVL chunk 54: 364.73 GB/s (NVL), avg_t: 244.83 us
[tuning] SMs 34, NVL chunk 55: 364.59 GB/s (NVL), avg_t: 244.92 us
[tuning] SMs 34, NVL chunk 56: 363.53 GB/s (NVL), avg_t: 245.64 us
[tuning] SMs 34, NVL chunk 57: 365.71 GB/s (NVL), avg_t: 244.17 us
[tuning] SMs 34, NVL chunk 58: 367.85 GB/s (NVL), avg_t: 242.76 us
[tuning] SMs 34, NVL chunk 59: 370.03 GB/s (NVL), avg_t: 241.32 us
[tuning] SMs 34, NVL chunk 60: 373.99 GB/s (NVL), avg_t: 238.77 us
[tuning] SMs 34, NVL chunk 61: 374.63 GB/s (NVL), avg_t: 238.36 us
[tuning] SMs 34, NVL chunk 62: 375.69 GB/s (NVL), avg_t: 237.69 us
[tuning] SMs 34, NVL chunk 63: 374.10 GB/s (NVL), avg_t: 238.70 us
[tuning] SMs 34, NVL chunk 64: 371.65 GB/s (NVL), avg_t: 240.27 us
[tuning] Best dispatch (BF16): SMs 34, NVL chunk 62, 375.69 GB/s (NVL), t: 237.69 us

[tuning] SMs 34, NVL chunk default: 145.68 GB/s (NVL), avg_t: 612.99 us
[tuning] SMs 34, NVL chunk 1: 45.48 GB/s (NVL), avg_t: 1963.45 us
[tuning] SMs 34, NVL chunk 2: 82.36 GB/s (NVL), avg_t: 1084.22 us
[tuning] SMs 34, NVL chunk 3: 119.40 GB/s (NVL), avg_t: 747.87 us
[tuning] SMs 34, NVL chunk 4: 145.61 GB/s (NVL), avg_t: 613.24 us
[tuning] SMs 34, NVL chunk 5: 175.64 GB/s (NVL), avg_t: 508.40 us
[tuning] SMs 34, NVL chunk 6: 204.92 GB/s (NVL), avg_t: 435.77 us
[tuning] SMs 34, NVL chunk 7: 210.02 GB/s (NVL), avg_t: 425.18 us
[tuning] SMs 34, NVL chunk 8: 231.84 GB/s (NVL), avg_t: 385.16 us
[tuning] SMs 34, NVL chunk 9: 248.51 GB/s (NVL), avg_t: 359.32 us
[tuning] SMs 34, NVL chunk 10: 229.57 GB/s (NVL), avg_t: 388.97 us
[tuning] SMs 34, NVL chunk 11: 248.42 GB/s (NVL), avg_t: 359.47 us
[tuning] SMs 34, NVL chunk 12: 264.12 GB/s (NVL), avg_t: 338.09 us
[tuning] SMs 34, NVL chunk 13: 277.40 GB/s (NVL), avg_t: 321.91 us
[tuning] SMs 34, NVL chunk 14: 292.57 GB/s (NVL), avg_t: 305.21 us
[tuning] SMs 34, NVL chunk 15: 306.35 GB/s (NVL), avg_t: 291.49 us
[tuning] SMs 34, NVL chunk 16: 312.83 GB/s (NVL), avg_t: 285.45 us
[tuning] SMs 34, NVL chunk 17: 327.24 GB/s (NVL), avg_t: 272.88 us
[tuning] SMs 34, NVL chunk 18: 338.16 GB/s (NVL), avg_t: 264.06 us
[tuning] SMs 34, NVL chunk 19: 340.99 GB/s (NVL), avg_t: 261.87 us
[tuning] SMs 34, NVL chunk 20: 350.35 GB/s (NVL), avg_t: 254.88 us
[tuning] SMs 34, NVL chunk 21: 360.52 GB/s (NVL), avg_t: 247.69 us
[tuning] SMs 34, NVL chunk 22: 338.82 GB/s (NVL), avg_t: 263.56 us
[tuning] SMs 34, NVL chunk 23: 349.07 GB/s (NVL), avg_t: 255.81 us
[tuning] SMs 34, NVL chunk 24: 353.98 GB/s (NVL), avg_t: 252.26 us
[tuning] SMs 34, NVL chunk 25: 351.30 GB/s (NVL), avg_t: 254.19 us
[tuning] SMs 34, NVL chunk 26: 359.49 GB/s (NVL), avg_t: 248.40 us
[tuning] SMs 34, NVL chunk 27: 362.64 GB/s (NVL), avg_t: 246.24 us
[tuning] SMs 34, NVL chunk 28: 360.52 GB/s (NVL), avg_t: 247.69 us
[tuning] SMs 34, NVL chunk 29: 368.39 GB/s (NVL), avg_t: 242.39 us
[tuning] SMs 34, NVL chunk 30: 369.93 GB/s (NVL), avg_t: 241.39 us
[tuning] SMs 34, NVL chunk 31: 364.81 GB/s (NVL), avg_t: 244.78 us
[tuning] SMs 34, NVL chunk 32: 369.36 GB/s (NVL), avg_t: 241.76 us
[tuning] SMs 34, NVL chunk 33: 373.19 GB/s (NVL), avg_t: 239.28 us
[tuning] SMs 34, NVL chunk 34: 366.28 GB/s (NVL), avg_t: 243.79 us
[tuning] SMs 34, NVL chunk 35: 369.90 GB/s (NVL), avg_t: 241.41 us
[tuning] SMs 34, NVL chunk 36: 369.18 GB/s (NVL), avg_t: 241.88 us
[tuning] SMs 34, NVL chunk 37: 362.16 GB/s (NVL), avg_t: 246.57 us
[tuning] SMs 34, NVL chunk 38: 369.96 GB/s (NVL), avg_t: 241.37 us
[tuning] SMs 34, NVL chunk 39: 369.21 GB/s (NVL), avg_t: 241.86 us
[tuning] SMs 34, NVL chunk 40: 364.62 GB/s (NVL), avg_t: 244.91 us
[tuning] SMs 34, NVL chunk 41: 366.08 GB/s (NVL), avg_t: 243.93 us
[tuning] SMs 34, NVL chunk 42: 367.86 GB/s (NVL), avg_t: 242.75 us
[tuning] SMs 34, NVL chunk 43: 364.51 GB/s (NVL), avg_t: 244.98 us
[tuning] SMs 34, NVL chunk 44: 366.06 GB/s (NVL), avg_t: 243.94 us
[tuning] SMs 34, NVL chunk 45: 365.88 GB/s (NVL), avg_t: 244.06 us
[tuning] SMs 34, NVL chunk 46: 362.53 GB/s (NVL), avg_t: 246.31 us
[tuning] SMs 34, NVL chunk 47: 363.35 GB/s (NVL), avg_t: 245.76 us
[tuning] SMs 34, NVL chunk 48: 366.85 GB/s (NVL), avg_t: 243.41 us
[tuning] SMs 34, NVL chunk 49: 361.99 GB/s (NVL), avg_t: 246.68 us
[tuning] SMs 34, NVL chunk 50: 362.12 GB/s (NVL), avg_t: 246.60 us
[tuning] SMs 34, NVL chunk 51: 362.30 GB/s (NVL), avg_t: 246.47 us
[tuning] SMs 34, NVL chunk 52: 357.02 GB/s (NVL), avg_t: 250.12 us
[tuning] SMs 34, NVL chunk 53: 359.23 GB/s (NVL), avg_t: 248.58 us
[tuning] SMs 34, NVL chunk 54: 358.13 GB/s (NVL), avg_t: 249.34 us
[tuning] SMs 34, NVL chunk 55: 354.32 GB/s (NVL), avg_t: 252.02 us
[tuning] SMs 34, NVL chunk 56: 355.25 GB/s (NVL), avg_t: 251.37 us
[tuning] SMs 34, NVL chunk 57: 355.92 GB/s (NVL), avg_t: 250.89 us
[tuning] SMs 34, NVL chunk 58: 350.92 GB/s (NVL), avg_t: 254.46 us
[tuning] SMs 34, NVL chunk 59: 355.56 GB/s (NVL), avg_t: 251.14 us
[tuning] SMs 34, NVL chunk 60: 354.63 GB/s (NVL), avg_t: 251.80 us
[tuning] SMs 34, NVL chunk 61: 353.33 GB/s (NVL), avg_t: 252.73 us
[tuning] SMs 34, NVL chunk 62: 354.53 GB/s (NVL), avg_t: 251.87 us
[tuning] SMs 34, NVL chunk 63: 353.38 GB/s (NVL), avg_t: 252.70 us
[tuning] SMs 34, NVL chunk 64: 351.04 GB/s (NVL), avg_t: 254.38 us
[tuning] Best combine: SMs 34, NVL chunk 33: 373.19 GB/s (NVL), t: 239.28 us


[config] num_tokens=4096, hidden=2048, num_topk=8
[layout] Kernel performance: 0.047 ms

[testing] Running with BF16, without top-k (async=False, previous=False) ... passed
[testing] Running with BF16, with top-k (async=False, previous=False) ... passed
[testing] Running with BF16, without top-k (async=False, previous=False) ... passed
[testing] Running with BF16, with top-k (async=False, previous=False) ... passed
[testing] Running with FP8, without top-k (async=False, previous=False) ... passed
[testing] Running with FP8, with top-k (async=False, previous=False) ... passed
[testing] Running with BF16, without top-k (async=True, previous=False) ... passed
[testing] Running with BF16, with top-k (async=True, previous=False) ... passed
[testing] Running with BF16, without top-k (async=True, previous=False) ... passed
[testing] Running with BF16, with top-k (async=True, previous=False) ... passed
[testing] Running with FP8, without top-k (async=True, previous=False) ... passed
[testing] Running with FP8, with top-k (async=True, previous=False) ... passed
[testing] Running with BF16, without top-k (async=False, previous=True) ... passed
[testing] Running with BF16, with top-k (async=False, previous=True) ... passed
[testing] Running with BF16, without top-k (async=False, previous=True) ... passed
[testing] Running with BF16, with top-k (async=False, previous=True) ... passed
[testing] Running with FP8, without top-k (async=False, previous=True) ... passed
[testing] Running with FP8, with top-k (async=False, previous=True) ... passed
[testing] Running with BF16, without top-k (async=True, previous=True) ... passed
[testing] Running with BF16, with top-k (async=True, previous=True) ... passed
[testing] Running with BF16, without top-k (async=True, previous=True) ... passed
[testing] Running with BF16, with top-k (async=True, previous=True) ... passed
[testing] Running with FP8, without top-k (async=True, previous=True) ... passed
[testing] Running with FP8, with top-k (async=True, previous=True) ... passed

[tuning] SMs 36, NVL chunk default: 206.50 GB/s (NVL), avg_t: 432.85 us
[tuning] SMs 36, NVL chunk 1: 46.72 GB/s (NVL), avg_t: 1913.08 us
[tuning] SMs 36, NVL chunk 2: 83.70 GB/s (NVL), avg_t: 1067.94 us
[tuning] SMs 36, NVL chunk 3: 122.19 GB/s (NVL), avg_t: 731.48 us
[tuning] SMs 36, NVL chunk 4: 152.67 GB/s (NVL), avg_t: 585.47 us
[tuning] SMs 36, NVL chunk 5: 183.66 GB/s (NVL), avg_t: 486.69 us
[tuning] SMs 36, NVL chunk 6: 205.85 GB/s (NVL), avg_t: 434.22 us
[tuning] SMs 36, NVL chunk 7: 204.51 GB/s (NVL), avg_t: 437.07 us
[tuning] SMs 36, NVL chunk 8: 208.72 GB/s (NVL), avg_t: 428.24 us
[tuning] SMs 36, NVL chunk 9: 222.67 GB/s (NVL), avg_t: 401.41 us
[tuning] SMs 36, NVL chunk 10: 241.59 GB/s (NVL), avg_t: 369.98 us
[tuning] SMs 36, NVL chunk 11: 260.57 GB/s (NVL), avg_t: 343.03 us
[tuning] SMs 36, NVL chunk 12: 278.77 GB/s (NVL), avg_t: 320.64 us
[tuning] SMs 36, NVL chunk 13: 293.29 GB/s (NVL), avg_t: 304.76 us
[tuning] SMs 36, NVL chunk 14: 305.02 GB/s (NVL), avg_t: 293.04 us
[tuning] SMs 36, NVL chunk 15: 315.68 GB/s (NVL), avg_t: 283.15 us
[tuning] SMs 36, NVL chunk 16: 312.39 GB/s (NVL), avg_t: 286.12 us
[tuning] SMs 36, NVL chunk 17: 311.28 GB/s (NVL), avg_t: 287.15 us
[tuning] SMs 36, NVL chunk 18: 317.00 GB/s (NVL), avg_t: 281.96 us
[tuning] SMs 36, NVL chunk 19: 324.74 GB/s (NVL), avg_t: 275.25 us
[tuning] SMs 36, NVL chunk 20: 333.42 GB/s (NVL), avg_t: 268.08 us
[tuning] SMs 36, NVL chunk 21: 343.36 GB/s (NVL), avg_t: 260.32 us
[tuning] SMs 36, NVL chunk 22: 346.43 GB/s (NVL), avg_t: 258.01 us
[tuning] SMs 36, NVL chunk 23: 352.11 GB/s (NVL), avg_t: 253.85 us
[tuning] SMs 36, NVL chunk 24: 355.94 GB/s (NVL), avg_t: 251.12 us
[tuning] SMs 36, NVL chunk 25: 356.99 GB/s (NVL), avg_t: 250.38 us
[tuning] SMs 36, NVL chunk 26: 360.26 GB/s (NVL), avg_t: 248.11 us
[tuning] SMs 36, NVL chunk 27: 363.81 GB/s (NVL), avg_t: 245.69 us
[tuning] SMs 36, NVL chunk 28: 364.16 GB/s (NVL), avg_t: 245.45 us
[tuning] SMs 36, NVL chunk 29: 368.73 GB/s (NVL), avg_t: 242.41 us
[tuning] SMs 36, NVL chunk 30: 370.82 GB/s (NVL), avg_t: 241.04 us
[tuning] SMs 36, NVL chunk 31: 369.94 GB/s (NVL), avg_t: 241.61 us
[tuning] SMs 36, NVL chunk 32: 372.80 GB/s (NVL), avg_t: 239.76 us
[tuning] SMs 36, NVL chunk 33: 377.65 GB/s (NVL), avg_t: 236.68 us
[tuning] SMs 36, NVL chunk 34: 380.67 GB/s (NVL), avg_t: 234.80 us
[tuning] SMs 36, NVL chunk 35: 379.62 GB/s (NVL), avg_t: 235.45 us
[tuning] SMs 36, NVL chunk 36: 377.74 GB/s (NVL), avg_t: 236.63 us
[tuning] SMs 36, NVL chunk 37: 378.48 GB/s (NVL), avg_t: 236.16 us
[tuning] SMs 36, NVL chunk 38: 378.16 GB/s (NVL), avg_t: 236.37 us
[tuning] SMs 36, NVL chunk 39: 380.25 GB/s (NVL), avg_t: 235.07 us
[tuning] SMs 36, NVL chunk 40: 382.11 GB/s (NVL), avg_t: 233.92 us
[tuning] SMs 36, NVL chunk 41: 383.64 GB/s (NVL), avg_t: 232.98 us
[tuning] SMs 36, NVL chunk 42: 390.16 GB/s (NVL), avg_t: 229.09 us
[tuning] SMs 36, NVL chunk 43: 389.89 GB/s (NVL), avg_t: 229.25 us
[tuning] SMs 36, NVL chunk 44: 389.14 GB/s (NVL), avg_t: 229.69 us
[tuning] SMs 36, NVL chunk 45: 386.61 GB/s (NVL), avg_t: 231.20 us
[tuning] SMs 36, NVL chunk 46: 384.39 GB/s (NVL), avg_t: 232.53 us
[tuning] SMs 36, NVL chunk 47: 382.15 GB/s (NVL), avg_t: 233.89 us
[tuning] SMs 36, NVL chunk 48: 379.90 GB/s (NVL), avg_t: 235.28 us
[tuning] SMs 36, NVL chunk 49: 379.95 GB/s (NVL), avg_t: 235.25 us
[tuning] SMs 36, NVL chunk 50: 379.26 GB/s (NVL), avg_t: 235.68 us
[tuning] SMs 36, NVL chunk 51: 379.83 GB/s (NVL), avg_t: 235.32 us
[tuning] SMs 36, NVL chunk 52: 379.30 GB/s (NVL), avg_t: 235.65 us
[tuning] SMs 36, NVL chunk 53: 381.86 GB/s (NVL), avg_t: 234.07 us
[tuning] SMs 36, NVL chunk 54: 383.83 GB/s (NVL), avg_t: 232.87 us
[tuning] SMs 36, NVL chunk 55: 384.83 GB/s (NVL), avg_t: 232.27 us
[tuning] SMs 36, NVL chunk 56: 387.95 GB/s (NVL), avg_t: 230.40 us
[tuning] SMs 36, NVL chunk 57: 386.93 GB/s (NVL), avg_t: 231.00 us
[tuning] SMs 36, NVL chunk 58: 390.47 GB/s (NVL), avg_t: 228.91 us
[tuning] SMs 36, NVL chunk 59: 391.62 GB/s (NVL), avg_t: 228.24 us
[tuning] SMs 36, NVL chunk 60: 388.34 GB/s (NVL), avg_t: 230.17 us
[tuning] SMs 36, NVL chunk 61: 387.22 GB/s (NVL), avg_t: 230.83 us
[tuning] SMs 36, NVL chunk 62: 383.98 GB/s (NVL), avg_t: 232.78 us
[tuning] SMs 36, NVL chunk 63: 383.84 GB/s (NVL), avg_t: 232.87 us
[tuning] SMs 36, NVL chunk 64: 381.41 GB/s (NVL), avg_t: 234.35 us
[tuning] Best dispatch (BF16): SMs 36, NVL chunk 59, 391.62 GB/s (NVL), t: 228.24 us

[tuning] SMs 36, NVL chunk default: 152.12 GB/s (NVL), avg_t: 587.57 us
[tuning] SMs 36, NVL chunk 1: 47.78 GB/s (NVL), avg_t: 1870.70 us
[tuning] SMs 36, NVL chunk 2: 86.35 GB/s (NVL), avg_t: 1035.07 us
[tuning] SMs 36, NVL chunk 3: 124.27 GB/s (NVL), avg_t: 719.25 us
[tuning] SMs 36, NVL chunk 4: 152.18 GB/s (NVL), avg_t: 587.34 us
[tuning] SMs 36, NVL chunk 5: 183.90 GB/s (NVL), avg_t: 486.04 us
[tuning] SMs 36, NVL chunk 6: 214.60 GB/s (NVL), avg_t: 416.51 us
[tuning] SMs 36, NVL chunk 7: 221.07 GB/s (NVL), avg_t: 404.32 us
[tuning] SMs 36, NVL chunk 8: 241.37 GB/s (NVL), avg_t: 370.32 us
[tuning] SMs 36, NVL chunk 9: 261.47 GB/s (NVL), avg_t: 341.85 us
[tuning] SMs 36, NVL chunk 10: 240.83 GB/s (NVL), avg_t: 371.15 us
[tuning] SMs 36, NVL chunk 11: 261.96 GB/s (NVL), avg_t: 341.21 us
[tuning] SMs 36, NVL chunk 12: 276.50 GB/s (NVL), avg_t: 323.26 us
[tuning] SMs 36, NVL chunk 13: 289.74 GB/s (NVL), avg_t: 308.49 us
[tuning] SMs 36, NVL chunk 14: 305.24 GB/s (NVL), avg_t: 292.82 us
[tuning] SMs 36, NVL chunk 15: 319.54 GB/s (NVL), avg_t: 279.72 us
[tuning] SMs 36, NVL chunk 16: 326.94 GB/s (NVL), avg_t: 273.39 us
[tuning] SMs 36, NVL chunk 17: 340.04 GB/s (NVL), avg_t: 262.86 us
[tuning] SMs 36, NVL chunk 18: 350.96 GB/s (NVL), avg_t: 254.68 us
[tuning] SMs 36, NVL chunk 19: 356.45 GB/s (NVL), avg_t: 250.76 us
[tuning] SMs 36, NVL chunk 20: 367.46 GB/s (NVL), avg_t: 243.25 us
[tuning] SMs 36, NVL chunk 21: 372.14 GB/s (NVL), avg_t: 240.18 us
[tuning] SMs 36, NVL chunk 22: 354.93 GB/s (NVL), avg_t: 251.83 us
[tuning] SMs 36, NVL chunk 23: 367.55 GB/s (NVL), avg_t: 243.18 us
[tuning] SMs 36, NVL chunk 24: 373.73 GB/s (NVL), avg_t: 239.17 us
[tuning] SMs 36, NVL chunk 25: 367.20 GB/s (NVL), avg_t: 243.42 us
[tuning] SMs 36, NVL chunk 26: 371.26 GB/s (NVL), avg_t: 240.75 us
[tuning] SMs 36, NVL chunk 27: 379.72 GB/s (NVL), avg_t: 235.39 us
[tuning] SMs 36, NVL chunk 28: 377.58 GB/s (NVL), avg_t: 236.72 us
[tuning] SMs 36, NVL chunk 29: 385.32 GB/s (NVL), avg_t: 231.97 us
[tuning] SMs 36, NVL chunk 30: 387.95 GB/s (NVL), avg_t: 230.40 us
[tuning] SMs 36, NVL chunk 31: 381.61 GB/s (NVL), avg_t: 234.22 us
[tuning] SMs 36, NVL chunk 32: 387.48 GB/s (NVL), avg_t: 230.68 us
[tuning] SMs 36, NVL chunk 33: 387.45 GB/s (NVL), avg_t: 230.69 us
[tuning] SMs 36, NVL chunk 34: 386.72 GB/s (NVL), avg_t: 231.13 us
[tuning] SMs 36, NVL chunk 35: 387.13 GB/s (NVL), avg_t: 230.89 us
[tuning] SMs 36, NVL chunk 36: 383.91 GB/s (NVL), avg_t: 232.82 us
[tuning] SMs 36, NVL chunk 37: 379.77 GB/s (NVL), avg_t: 235.36 us
[tuning] SMs 36, NVL chunk 38: 382.99 GB/s (NVL), avg_t: 233.38 us
[tuning] SMs 36, NVL chunk 39: 385.88 GB/s (NVL), avg_t: 231.63 us
[tuning] SMs 36, NVL chunk 40: 383.11 GB/s (NVL), avg_t: 233.31 us
[tuning] SMs 36, NVL chunk 41: 384.13 GB/s (NVL), avg_t: 232.69 us
[tuning] SMs 36, NVL chunk 42: 384.79 GB/s (NVL), avg_t: 232.29 us
[tuning] SMs 36, NVL chunk 43: 385.63 GB/s (NVL), avg_t: 231.79 us
[tuning] SMs 36, NVL chunk 44: 386.42 GB/s (NVL), avg_t: 231.31 us
[tuning] SMs 36, NVL chunk 45: 384.30 GB/s (NVL), avg_t: 232.59 us
[tuning] SMs 36, NVL chunk 46: 381.48 GB/s (NVL), avg_t: 234.30 us
[tuning] SMs 36, NVL chunk 47: 378.49 GB/s (NVL), avg_t: 236.16 us
[tuning] SMs 36, NVL chunk 48: 379.46 GB/s (NVL), avg_t: 235.55 us
[tuning] SMs 36, NVL chunk 49: 375.73 GB/s (NVL), avg_t: 237.89 us
[tuning] SMs 36, NVL chunk 50: 378.86 GB/s (NVL), avg_t: 235.92 us
[tuning] SMs 36, NVL chunk 51: 380.38 GB/s (NVL), avg_t: 234.99 us
[tuning] SMs 36, NVL chunk 52: 377.21 GB/s (NVL), avg_t: 236.96 us
[tuning] SMs 36, NVL chunk 53: 375.78 GB/s (NVL), avg_t: 237.86 us
[tuning] SMs 36, NVL chunk 54: 378.19 GB/s (NVL), avg_t: 236.34 us
[tuning] SMs 36, NVL chunk 55: 374.91 GB/s (NVL), avg_t: 238.41 us
[tuning] SMs 36, NVL chunk 56: 374.36 GB/s (NVL), avg_t: 238.76 us
[tuning] SMs 36, NVL chunk 57: 374.68 GB/s (NVL), avg_t: 238.56 us
[tuning] SMs 36, NVL chunk 58: 370.86 GB/s (NVL), avg_t: 241.01 us
[tuning] SMs 36, NVL chunk 59: 369.62 GB/s (NVL), avg_t: 241.82 us
[tuning] SMs 36, NVL chunk 60: 368.60 GB/s (NVL), avg_t: 242.49 us
[tuning] SMs 36, NVL chunk 61: 365.20 GB/s (NVL), avg_t: 244.75 us
[tuning] SMs 36, NVL chunk 62: 365.01 GB/s (NVL), avg_t: 244.88 us
[tuning] SMs 36, NVL chunk 63: 364.09 GB/s (NVL), avg_t: 245.50 us
[tuning] SMs 36, NVL chunk 64: 360.92 GB/s (NVL), avg_t: 247.66 us
[tuning] Best combine: SMs 36, NVL chunk 30: 387.95 GB/s (NVL), t: 230.40 us


[config] num_tokens=4096, hidden=2048, num_topk=8
[layout] Kernel performance: 0.047 ms

[testing] Running with BF16, without top-k (async=False, previous=False) ... passed
[testing] Running with BF16, with top-k (async=False, previous=False) ... passed
[testing] Running with BF16, without top-k (async=False, previous=False) ... passed
[testing] Running with BF16, with top-k (async=False, previous=False) ... passed
[testing] Running with FP8, without top-k (async=False, previous=False) ... passed
[testing] Running with FP8, with top-k (async=False, previous=False) ... passed
[testing] Running with BF16, without top-k (async=True, previous=False) ... passed
[testing] Running with BF16, with top-k (async=True, previous=False) ... passed
[testing] Running with BF16, without top-k (async=True, previous=False) ... passed
[testing] Running with BF16, with top-k (async=True, previous=False) ... passed
[testing] Running with FP8, without top-k (async=True, previous=False) ... passed
[testing] Running with FP8, with top-k (async=True, previous=False) ... passed
[testing] Running with BF16, without top-k (async=False, previous=True) ... passed
[testing] Running with BF16, with top-k (async=False, previous=True) ... passed
[testing] Running with BF16, without top-k (async=False, previous=True) ... passed
[testing] Running with BF16, with top-k (async=False, previous=True) ... passed
[testing] Running with FP8, without top-k (async=False, previous=True) ... passed
[testing] Running with FP8, with top-k (async=False, previous=True) ... passed
[testing] Running with BF16, without top-k (async=True, previous=True) ... passed
[testing] Running with BF16, with top-k (async=True, previous=True) ... passed
[testing] Running with BF16, without top-k (async=True, previous=True) ... passed
[testing] Running with BF16, with top-k (async=True, previous=True) ... passed
[testing] Running with FP8, without top-k (async=True, previous=True) ... passed
[testing] Running with FP8, with top-k (async=True, previous=True) ... passed

[tuning] SMs 38, NVL chunk default: 217.01 GB/s (NVL), avg_t: 413.50 us
[tuning] SMs 38, NVL chunk 1: 48.70 GB/s (NVL), avg_t: 1842.48 us
[tuning] SMs 38, NVL chunk 2: 87.03 GB/s (NVL), avg_t: 1031.09 us
[tuning] SMs 38, NVL chunk 3: 127.87 GB/s (NVL), avg_t: 701.74 us
[tuning] SMs 38, NVL chunk 4: 160.11 GB/s (NVL), avg_t: 560.45 us
[tuning] SMs 38, NVL chunk 5: 191.70 GB/s (NVL), avg_t: 468.10 us
[tuning] SMs 38, NVL chunk 6: 215.72 GB/s (NVL), avg_t: 415.98 us
[tuning] SMs 38, NVL chunk 7: 214.33 GB/s (NVL), avg_t: 418.67 us
[tuning] SMs 38, NVL chunk 8: 218.40 GB/s (NVL), avg_t: 410.88 us
[tuning] SMs 38, NVL chunk 9: 233.27 GB/s (NVL), avg_t: 384.69 us
[tuning] SMs 38, NVL chunk 10: 252.23 GB/s (NVL), avg_t: 355.76 us
[tuning] SMs 38, NVL chunk 11: 272.50 GB/s (NVL), avg_t: 329.31 us
[tuning] SMs 38, NVL chunk 12: 291.06 GB/s (NVL), avg_t: 308.31 us
[tuning] SMs 38, NVL chunk 13: 306.19 GB/s (NVL), avg_t: 293.07 us
[tuning] SMs 38, NVL chunk 14: 319.13 GB/s (NVL), avg_t: 281.18 us
[tuning] SMs 38, NVL chunk 15: 328.39 GB/s (NVL), avg_t: 273.26 us
[tuning] SMs 38, NVL chunk 16: 328.03 GB/s (NVL), avg_t: 273.56 us
[tuning] SMs 38, NVL chunk 17: 325.85 GB/s (NVL), avg_t: 275.39 us
[tuning] SMs 38, NVL chunk 18: 331.75 GB/s (NVL), avg_t: 270.49 us
[tuning] SMs 38, NVL chunk 19: 337.82 GB/s (NVL), avg_t: 265.63 us
[tuning] SMs 38, NVL chunk 20: 346.27 GB/s (NVL), avg_t: 259.15 us
[tuning] SMs 38, NVL chunk 21: 357.32 GB/s (NVL), avg_t: 251.13 us
[tuning] SMs 38, NVL chunk 22: 363.25 GB/s (NVL), avg_t: 247.04 us
[tuning] SMs 38, NVL chunk 23: 365.37 GB/s (NVL), avg_t: 245.60 us
[tuning] SMs 38, NVL chunk 24: 370.80 GB/s (NVL), avg_t: 242.00 us
[tuning] SMs 38, NVL chunk 25: 371.27 GB/s (NVL), avg_t: 241.69 us
[tuning] SMs 38, NVL chunk 26: 372.17 GB/s (NVL), avg_t: 241.11 us
[tuning] SMs 38, NVL chunk 27: 376.22 GB/s (NVL), avg_t: 238.52 us
[tuning] SMs 38, NVL chunk 28: 379.21 GB/s (NVL), avg_t: 236.64 us
[tuning] SMs 38, NVL chunk 29: 383.09 GB/s (NVL), avg_t: 234.24 us
[tuning] SMs 38, NVL chunk 30: 386.98 GB/s (NVL), avg_t: 231.89 us
[tuning] SMs 38, NVL chunk 31: 387.55 GB/s (NVL), avg_t: 231.55 us
[tuning] SMs 38, NVL chunk 32: 390.53 GB/s (NVL), avg_t: 229.78 us
[tuning] SMs 38, NVL chunk 33: 392.84 GB/s (NVL), avg_t: 228.43 us
[tuning] SMs 38, NVL chunk 34: 393.86 GB/s (NVL), avg_t: 227.84 us
[tuning] SMs 38, NVL chunk 35: 392.15 GB/s (NVL), avg_t: 228.83 us
[tuning] SMs 38, NVL chunk 36: 391.24 GB/s (NVL), avg_t: 229.36 us
[tuning] SMs 38, NVL chunk 37: 392.26 GB/s (NVL), avg_t: 228.77 us
[tuning] SMs 38, NVL chunk 38: 393.28 GB/s (NVL), avg_t: 228.17 us
[tuning] SMs 38, NVL chunk 39: 400.06 GB/s (NVL), avg_t: 224.31 us
[tuning] SMs 38, NVL chunk 40: 400.94 GB/s (NVL), avg_t: 223.81 us
[tuning] SMs 38, NVL chunk 41: 403.93 GB/s (NVL), avg_t: 222.16 us
[tuning] SMs 38, NVL chunk 42: 405.60 GB/s (NVL), avg_t: 221.24 us
[tuning] SMs 38, NVL chunk 43: 401.91 GB/s (NVL), avg_t: 223.27 us
[tuning] SMs 38, NVL chunk 44: 398.49 GB/s (NVL), avg_t: 225.19 us
[tuning] SMs 38, NVL chunk 45: 397.09 GB/s (NVL), avg_t: 225.98 us
[tuning] SMs 38, NVL chunk 46: 394.72 GB/s (NVL), avg_t: 227.34 us
[tuning] SMs 38, NVL chunk 47: 392.93 GB/s (NVL), avg_t: 228.38 us
[tuning] SMs 38, NVL chunk 48: 394.26 GB/s (NVL), avg_t: 227.60 us
[tuning] SMs 38, NVL chunk 49: 393.98 GB/s (NVL), avg_t: 227.77 us
[tuning] SMs 38, NVL chunk 50: 394.82 GB/s (NVL), avg_t: 227.28 us
[tuning] SMs 38, NVL chunk 51: 397.20 GB/s (NVL), avg_t: 225.92 us
[tuning] SMs 38, NVL chunk 52: 399.21 GB/s (NVL), avg_t: 224.78 us
[tuning] SMs 38, NVL chunk 53: 399.71 GB/s (NVL), avg_t: 224.50 us
[tuning] SMs 38, NVL chunk 54: 400.89 GB/s (NVL), avg_t: 223.84 us
[tuning] SMs 38, NVL chunk 55: 404.83 GB/s (NVL), avg_t: 221.66 us
[tuning] SMs 38, NVL chunk 56: 404.68 GB/s (NVL), avg_t: 221.74 us
[tuning] SMs 38, NVL chunk 57: 401.96 GB/s (NVL), avg_t: 223.25 us
[tuning] SMs 38, NVL chunk 58: 402.46 GB/s (NVL), avg_t: 222.96 us
[tuning] SMs 38, NVL chunk 59: 400.26 GB/s (NVL), avg_t: 224.19 us
[tuning] SMs 38, NVL chunk 60: 398.04 GB/s (NVL), avg_t: 225.45 us
[tuning] SMs 38, NVL chunk 61: 396.62 GB/s (NVL), avg_t: 226.25 us
[tuning] SMs 38, NVL chunk 62: 390.57 GB/s (NVL), avg_t: 229.76 us
[tuning] SMs 38, NVL chunk 63: 392.46 GB/s (NVL), avg_t: 228.65 us
[tuning] SMs 38, NVL chunk 64: 388.64 GB/s (NVL), avg_t: 230.89 us
[tuning] Best dispatch (BF16): SMs 38, NVL chunk 42, 405.60 GB/s (NVL), t: 221.24 us

[tuning] SMs 38, NVL chunk default: 158.91 GB/s (NVL), avg_t: 564.69 us
[tuning] SMs 38, NVL chunk 1: 50.11 GB/s (NVL), avg_t: 1790.85 us
[tuning] SMs 38, NVL chunk 2: 90.72 GB/s (NVL), avg_t: 989.18 us
[tuning] SMs 38, NVL chunk 3: 130.45 GB/s (NVL), avg_t: 687.87 us
[tuning] SMs 38, NVL chunk 4: 159.04 GB/s (NVL), avg_t: 564.23 us
[tuning] SMs 38, NVL chunk 5: 191.23 GB/s (NVL), avg_t: 469.26 us
[tuning] SMs 38, NVL chunk 6: 222.50 GB/s (NVL), avg_t: 403.31 us
[tuning] SMs 38, NVL chunk 7: 228.69 GB/s (NVL), avg_t: 392.40 us
[tuning] SMs 38, NVL chunk 8: 249.94 GB/s (NVL), avg_t: 359.02 us
[tuning] SMs 38, NVL chunk 9: 267.74 GB/s (NVL), avg_t: 335.16 us
[tuning] SMs 38, NVL chunk 10: 248.96 GB/s (NVL), avg_t: 360.45 us
[tuning] SMs 38, NVL chunk 11: 266.81 GB/s (NVL), avg_t: 336.33 us
[tuning] SMs 38, NVL chunk 12: 282.81 GB/s (NVL), avg_t: 317.30 us
[tuning] SMs 38, NVL chunk 13: 298.01 GB/s (NVL), avg_t: 301.11 us
[tuning] SMs 38, NVL chunk 14: 313.54 GB/s (NVL), avg_t: 286.20 us
[tuning] SMs 38, NVL chunk 15: 330.39 GB/s (NVL), avg_t: 271.60 us
[tuning] SMs 38, NVL chunk 16: 338.29 GB/s (NVL), avg_t: 265.26 us
[tuning] SMs 38, NVL chunk 17: 350.00 GB/s (NVL), avg_t: 256.38 us
[tuning] SMs 38, NVL chunk 18: 353.55 GB/s (NVL), avg_t: 253.81 us
[tuning] SMs 38, NVL chunk 19: 364.05 GB/s (NVL), avg_t: 246.49 us
[tuning] SMs 38, NVL chunk 20: 371.03 GB/s (NVL), avg_t: 241.85 us
[tuning] SMs 38, NVL chunk 21: 374.75 GB/s (NVL), avg_t: 239.45 us
[tuning] SMs 38, NVL chunk 22: 364.57 GB/s (NVL), avg_t: 246.14 us
[tuning] SMs 38, NVL chunk 23: 372.49 GB/s (NVL), avg_t: 240.91 us
[tuning] SMs 38, NVL chunk 24: 375.48 GB/s (NVL), avg_t: 238.99 us
[tuning] SMs 38, NVL chunk 25: 369.46 GB/s (NVL), avg_t: 242.89 us
[tuning] SMs 38, NVL chunk 26: 377.91 GB/s (NVL), avg_t: 237.45 us
[tuning] SMs 38, NVL chunk 27: 378.84 GB/s (NVL), avg_t: 236.87 us
[tuning] SMs 38, NVL chunk 28: 377.10 GB/s (NVL), avg_t: 237.96 us
[tuning] SMs 38, NVL chunk 29: 385.34 GB/s (NVL), avg_t: 232.88 us
[tuning] SMs 38, NVL chunk 30: 384.61 GB/s (NVL), avg_t: 233.31 us
[tuning] SMs 38, NVL chunk 31: 380.87 GB/s (NVL), avg_t: 235.60 us
[tuning] SMs 38, NVL chunk 32: 385.16 GB/s (NVL), avg_t: 232.98 us
[tuning] SMs 38, NVL chunk 33: 386.13 GB/s (NVL), avg_t: 232.40 us
[tuning] SMs 38, NVL chunk 34: 379.52 GB/s (NVL), avg_t: 236.44 us
[tuning] SMs 38, NVL chunk 35: 384.95 GB/s (NVL), avg_t: 233.11 us
[tuning] SMs 38, NVL chunk 36: 382.07 GB/s (NVL), avg_t: 234.87 us
[tuning] SMs 38, NVL chunk 37: 378.16 GB/s (NVL), avg_t: 237.30 us
[tuning] SMs 38, NVL chunk 38: 383.42 GB/s (NVL), avg_t: 234.04 us
[tuning] SMs 38, NVL chunk 39: 384.56 GB/s (NVL), avg_t: 233.34 us
[tuning] SMs 38, NVL chunk 40: 383.58 GB/s (NVL), avg_t: 233.94 us
[tuning] SMs 38, NVL chunk 41: 382.37 GB/s (NVL), avg_t: 234.68 us
[tuning] SMs 38, NVL chunk 42: 382.36 GB/s (NVL), avg_t: 234.69 us
[tuning] SMs 38, NVL chunk 43: 376.22 GB/s (NVL), avg_t: 238.52 us
[tuning] SMs 38, NVL chunk 44: 377.99 GB/s (NVL), avg_t: 237.40 us
[tuning] SMs 38, NVL chunk 45: 375.69 GB/s (NVL), avg_t: 238.86 us
[tuning] SMs 38, NVL chunk 46: 374.49 GB/s (NVL), avg_t: 239.62 us
[tuning] SMs 38, NVL chunk 47: 371.92 GB/s (NVL), avg_t: 241.28 us
[tuning] SMs 38, NVL chunk 48: 372.50 GB/s (NVL), avg_t: 240.90 us
[tuning] SMs 38, NVL chunk 49: 369.51 GB/s (NVL), avg_t: 242.85 us
[tuning] SMs 38, NVL chunk 50: 369.01 GB/s (NVL), avg_t: 243.18 us
[tuning] SMs 38, NVL chunk 51: 368.97 GB/s (NVL), avg_t: 243.21 us
[tuning] SMs 38, NVL chunk 52: 366.60 GB/s (NVL), avg_t: 244.78 us
[tuning] SMs 38, NVL chunk 53: 365.11 GB/s (NVL), avg_t: 245.78 us
[tuning] SMs 38, NVL chunk 54: 363.39 GB/s (NVL), avg_t: 246.94 us
[tuning] SMs 38, NVL chunk 55: 361.21 GB/s (NVL), avg_t: 248.43 us
[tuning] SMs 38, NVL chunk 56: 360.45 GB/s (NVL), avg_t: 248.95 us
[tuning] SMs 38, NVL chunk 57: 355.71 GB/s (NVL), avg_t: 252.27 us
[tuning] SMs 38, NVL chunk 58: 356.89 GB/s (NVL), avg_t: 251.43 us
[tuning] SMs 38, NVL chunk 59: 355.75 GB/s (NVL), avg_t: 252.24 us
[tuning] SMs 38, NVL chunk 60: 350.30 GB/s (NVL), avg_t: 256.17 us
[tuning] SMs 38, NVL chunk 61: 351.76 GB/s (NVL), avg_t: 255.10 us
[tuning] SMs 38, NVL chunk 62: 351.45 GB/s (NVL), avg_t: 255.33 us
[tuning] SMs 38, NVL chunk 63: 344.91 GB/s (NVL), avg_t: 260.17 us
[tuning] SMs 38, NVL chunk 64: 348.04 GB/s (NVL), avg_t: 257.83 us
[tuning] Best combine: SMs 38, NVL chunk 33: 386.13 GB/s (NVL), t: 232.40 us


[config] num_tokens=4096, hidden=2048, num_topk=8
[layout] Kernel performance: 0.047 ms

[testing] Running with BF16, without top-k (async=False, previous=False) ... passed
[testing] Running with BF16, with top-k (async=False, previous=False) ... passed
[testing] Running with BF16, without top-k (async=False, previous=False) ... passed
[testing] Running with BF16, with top-k (async=False, previous=False) ... passed
[testing] Running with FP8, without top-k (async=False, previous=False) ... passed
[testing] Running with FP8, with top-k (async=False, previous=False) ... passed
[testing] Running with BF16, without top-k (async=True, previous=False) ... passed
[testing] Running with BF16, with top-k (async=True, previous=False) ... passed
[testing] Running with BF16, without top-k (async=True, previous=False) ... passed
[testing] Running with BF16, with top-k (async=True, previous=False) ... passed
[testing] Running with FP8, without top-k (async=True, previous=False) ... passed
[testing] Running with FP8, with top-k (async=True, previous=False) ... passed
[testing] Running with BF16, without top-k (async=False, previous=True) ... passed
[testing] Running with BF16, with top-k (async=False, previous=True) ... passed
[testing] Running with BF16, without top-k (async=False, previous=True) ... passed
[testing] Running with BF16, with top-k (async=False, previous=True) ... passed
[testing] Running with FP8, without top-k (async=False, previous=True) ... passed
[testing] Running with FP8, with top-k (async=False, previous=True) ... passed
[testing] Running with BF16, without top-k (async=True, previous=True) ... passed
[testing] Running with BF16, with top-k (async=True, previous=True) ... passed
[testing] Running with BF16, without top-k (async=True, previous=True) ... passed
[testing] Running with BF16, with top-k (async=True, previous=True) ... passed
[testing] Running with FP8, without top-k (async=True, previous=True) ... passed
[testing] Running with FP8, with top-k (async=True, previous=True) ... passed

[tuning] SMs 40, NVL chunk default: 226.33 GB/s (NVL), avg_t: 394.64 us
[tuning] SMs 40, NVL chunk 1: 51.23 GB/s (NVL), avg_t: 1743.42 us
[tuning] SMs 40, NVL chunk 2: 92.33 GB/s (NVL), avg_t: 967.41 us
[tuning] SMs 40, NVL chunk 3: 132.08 GB/s (NVL), avg_t: 676.29 us
[tuning] SMs 40, NVL chunk 4: 164.98 GB/s (NVL), avg_t: 541.40 us
[tuning] SMs 40, NVL chunk 5: 198.45 GB/s (NVL), avg_t: 450.09 us
[tuning] SMs 40, NVL chunk 6: 225.98 GB/s (NVL), avg_t: 395.26 us
[tuning] SMs 40, NVL chunk 7: 224.15 GB/s (NVL), avg_t: 398.49 us
[tuning] SMs 40, NVL chunk 8: 228.31 GB/s (NVL), avg_t: 391.23 us
[tuning] SMs 40, NVL chunk 9: 241.12 GB/s (NVL), avg_t: 370.45 us
[tuning] SMs 40, NVL chunk 10: 261.26 GB/s (NVL), avg_t: 341.89 us
[tuning] SMs 40, NVL chunk 11: 281.28 GB/s (NVL), avg_t: 317.55 us
[tuning] SMs 40, NVL chunk 12: 297.88 GB/s (NVL), avg_t: 299.86 us
[tuning] SMs 40, NVL chunk 13: 312.85 GB/s (NVL), avg_t: 285.51 us
[tuning] SMs 40, NVL chunk 14: 327.49 GB/s (NVL), avg_t: 272.74 us
[tuning] SMs 40, NVL chunk 15: 341.50 GB/s (NVL), avg_t: 261.56 us
[tuning] SMs 40, NVL chunk 16: 340.39 GB/s (NVL), avg_t: 262.41 us
[tuning] SMs 40, NVL chunk 17: 337.99 GB/s (NVL), avg_t: 264.27 us
[tuning] SMs 40, NVL chunk 18: 342.89 GB/s (NVL), avg_t: 260.50 us
[tuning] SMs 40, NVL chunk 19: 350.65 GB/s (NVL), avg_t: 254.73 us
[tuning] SMs 40, NVL chunk 20: 360.41 GB/s (NVL), avg_t: 247.83 us
[tuning] SMs 40, NVL chunk 21: 367.50 GB/s (NVL), avg_t: 243.05 us
[tuning] SMs 40, NVL chunk 22: 373.38 GB/s (NVL), avg_t: 239.22 us
[tuning] SMs 40, NVL chunk 23: 379.90 GB/s (NVL), avg_t: 235.12 us
[tuning] SMs 40, NVL chunk 24: 384.25 GB/s (NVL), avg_t: 232.46 us
[tuning] SMs 40, NVL chunk 25: 386.95 GB/s (NVL), avg_t: 230.83 us
[tuning] SMs 40, NVL chunk 26: 387.44 GB/s (NVL), avg_t: 230.54 us
[tuning] SMs 40, NVL chunk 27: 393.38 GB/s (NVL), avg_t: 227.06 us
[tuning] SMs 40, NVL chunk 28: 392.89 GB/s (NVL), avg_t: 227.35 us
[tuning] SMs 40, NVL chunk 29: 395.44 GB/s (NVL), avg_t: 225.88 us
[tuning] SMs 40, NVL chunk 30: 398.97 GB/s (NVL), avg_t: 223.88 us
[tuning] SMs 40, NVL chunk 31: 403.12 GB/s (NVL), avg_t: 221.58 us
[tuning] SMs 40, NVL chunk 32: 404.55 GB/s (NVL), avg_t: 220.79 us
[tuning] SMs 40, NVL chunk 33: 403.90 GB/s (NVL), avg_t: 221.15 us
[tuning] SMs 40, NVL chunk 34: 404.48 GB/s (NVL), avg_t: 220.83 us
[tuning] SMs 40, NVL chunk 35: 403.25 GB/s (NVL), avg_t: 221.50 us
[tuning] SMs 40, NVL chunk 36: 406.76 GB/s (NVL), avg_t: 219.59 us
[tuning] SMs 40, NVL chunk 37: 409.05 GB/s (NVL), avg_t: 218.36 us
[tuning] SMs 40, NVL chunk 38: 412.03 GB/s (NVL), avg_t: 216.78 us
[tuning] SMs 40, NVL chunk 39: 414.13 GB/s (NVL), avg_t: 215.68 us
[tuning] SMs 40, NVL chunk 40: 413.03 GB/s (NVL), avg_t: 216.26 us
[tuning] SMs 40, NVL chunk 41: 413.05 GB/s (NVL), avg_t: 216.25 us
[tuning] SMs 40, NVL chunk 42: 410.78 GB/s (NVL), avg_t: 217.45 us
[tuning] SMs 40, NVL chunk 43: 407.71 GB/s (NVL), avg_t: 219.08 us
[tuning] SMs 40, NVL chunk 44: 406.90 GB/s (NVL), avg_t: 219.52 us
[tuning] SMs 40, NVL chunk 45: 407.54 GB/s (NVL), avg_t: 219.17 us
[tuning] SMs 40, NVL chunk 46: 406.18 GB/s (NVL), avg_t: 219.91 us
[tuning] SMs 40, NVL chunk 47: 406.09 GB/s (NVL), avg_t: 219.96 us
[tuning] SMs 40, NVL chunk 48: 406.70 GB/s (NVL), avg_t: 219.63 us
[tuning] SMs 40, NVL chunk 49: 410.64 GB/s (NVL), avg_t: 217.52 us
[tuning] SMs 40, NVL chunk 50: 409.80 GB/s (NVL), avg_t: 217.97 us
[tuning] SMs 40, NVL chunk 51: 414.72 GB/s (NVL), avg_t: 215.38 us
[tuning] SMs 40, NVL chunk 52: 414.92 GB/s (NVL), avg_t: 215.28 us
[tuning] SMs 40, NVL chunk 53: 418.86 GB/s (NVL), avg_t: 213.25 us
[tuning] SMs 40, NVL chunk 54: 415.56 GB/s (NVL), avg_t: 214.94 us
[tuning] SMs 40, NVL chunk 55: 415.25 GB/s (NVL), avg_t: 215.11 us
[tuning] SMs 40, NVL chunk 56: 412.64 GB/s (NVL), avg_t: 216.46 us
[tuning] SMs 40, NVL chunk 57: 410.40 GB/s (NVL), avg_t: 217.65 us
[tuning] SMs 40, NVL chunk 58: 408.09 GB/s (NVL), avg_t: 218.88 us
[tuning] SMs 40, NVL chunk 59: 406.91 GB/s (NVL), avg_t: 219.51 us
[tuning] SMs 40, NVL chunk 60: 403.16 GB/s (NVL), avg_t: 221.55 us
[tuning] SMs 40, NVL chunk 61: 402.95 GB/s (NVL), avg_t: 221.67 us
[tuning] SMs 40, NVL chunk 62: 398.95 GB/s (NVL), avg_t: 223.89 us
[tuning] SMs 40, NVL chunk 63: 397.11 GB/s (NVL), avg_t: 224.93 us
[tuning] SMs 40, NVL chunk 64: 395.15 GB/s (NVL), avg_t: 226.05 us
[tuning] Best dispatch (BF16): SMs 40, NVL chunk 53, 418.86 GB/s (NVL), t: 213.25 us

[tuning] SMs 40, NVL chunk default: 166.13 GB/s (NVL), avg_t: 537.67 us
[tuning] SMs 40, NVL chunk 1: 52.47 GB/s (NVL), avg_t: 1702.38 us
[tuning] SMs 40, NVL chunk 2: 95.21 GB/s (NVL), avg_t: 938.14 us
[tuning] SMs 40, NVL chunk 3: 136.46 GB/s (NVL), avg_t: 654.58 us
[tuning] SMs 40, NVL chunk 4: 166.57 GB/s (NVL), avg_t: 536.23 us
[tuning] SMs 40, NVL chunk 5: 200.27 GB/s (NVL), avg_t: 446.00 us
[tuning] SMs 40, NVL chunk 6: 230.86 GB/s (NVL), avg_t: 386.91 us
[tuning] SMs 40, NVL chunk 7: 238.77 GB/s (NVL), avg_t: 374.10 us
[tuning] SMs 40, NVL chunk 8: 263.47 GB/s (NVL), avg_t: 339.02 us
[tuning] SMs 40, NVL chunk 9: 283.15 GB/s (NVL), avg_t: 315.46 us
[tuning] SMs 40, NVL chunk 10: 261.70 GB/s (NVL), avg_t: 341.32 us
[tuning] SMs 40, NVL chunk 11: 279.49 GB/s (NVL), avg_t: 319.59 us
[tuning] SMs 40, NVL chunk 12: 297.11 GB/s (NVL), avg_t: 300.63 us
[tuning] SMs 40, NVL chunk 13: 312.22 GB/s (NVL), avg_t: 286.09 us
[tuning] SMs 40, NVL chunk 14: 328.22 GB/s (NVL), avg_t: 272.14 us
[tuning] SMs 40, NVL chunk 15: 338.79 GB/s (NVL), avg_t: 263.65 us
[tuning] SMs 40, NVL chunk 16: 349.64 GB/s (NVL), avg_t: 255.47 us
[tuning] SMs 40, NVL chunk 17: 360.67 GB/s (NVL), avg_t: 247.66 us
[tuning] SMs 40, NVL chunk 18: 371.67 GB/s (NVL), avg_t: 240.32 us
[tuning] SMs 40, NVL chunk 19: 373.39 GB/s (NVL), avg_t: 239.22 us
[tuning] SMs 40, NVL chunk 20: 388.12 GB/s (NVL), avg_t: 230.14 us
[tuning] SMs 40, NVL chunk 21: 388.90 GB/s (NVL), avg_t: 229.68 us
[tuning] SMs 40, NVL chunk 22: 373.65 GB/s (NVL), avg_t: 239.05 us
[tuning] SMs 40, NVL chunk 23: 387.14 GB/s (NVL), avg_t: 230.72 us
[tuning] SMs 40, NVL chunk 24: 390.27 GB/s (NVL), avg_t: 228.87 us
[tuning] SMs 40, NVL chunk 25: 385.91 GB/s (NVL), avg_t: 231.45 us
[tuning] SMs 40, NVL chunk 26: 393.23 GB/s (NVL), avg_t: 227.15 us
[tuning] SMs 40, NVL chunk 27: 395.12 GB/s (NVL), avg_t: 226.06 us
[tuning] SMs 40, NVL chunk 28: 393.76 GB/s (NVL), avg_t: 226.84 us
[tuning] SMs 40, NVL chunk 29: 396.94 GB/s (NVL), avg_t: 225.03 us
[tuning] SMs 40, NVL chunk 30: 401.39 GB/s (NVL), avg_t: 222.53 us
[tuning] SMs 40, NVL chunk 31: 394.76 GB/s (NVL), avg_t: 226.27 us
[tuning] SMs 40, NVL chunk 32: 399.53 GB/s (NVL), avg_t: 223.57 us
[tuning] SMs 40, NVL chunk 33: 396.83 GB/s (NVL), avg_t: 225.09 us
[tuning] SMs 40, NVL chunk 34: 398.19 GB/s (NVL), avg_t: 224.32 us
[tuning] SMs 40, NVL chunk 35: 400.48 GB/s (NVL), avg_t: 223.03 us
[tuning] SMs 40, NVL chunk 36: 402.48 GB/s (NVL), avg_t: 221.93 us
[tuning] SMs 40, NVL chunk 37: 399.55 GB/s (NVL), avg_t: 223.56 us
[tuning] SMs 40, NVL chunk 38: 401.38 GB/s (NVL), avg_t: 222.53 us
[tuning] SMs 40, NVL chunk 39: 399.59 GB/s (NVL), avg_t: 223.53 us
[tuning] SMs 40, NVL chunk 40: 395.08 GB/s (NVL), avg_t: 226.08 us
[tuning] SMs 40, NVL chunk 41: 394.44 GB/s (NVL), avg_t: 226.45 us
[tuning] SMs 40, NVL chunk 42: 394.27 GB/s (NVL), avg_t: 226.55 us
[tuning] SMs 40, NVL chunk 43: 393.59 GB/s (NVL), avg_t: 226.94 us
[tuning] SMs 40, NVL chunk 44: 394.10 GB/s (NVL), avg_t: 226.65 us
[tuning] SMs 40, NVL chunk 45: 392.68 GB/s (NVL), avg_t: 227.47 us
[tuning] SMs 40, NVL chunk 46: 389.61 GB/s (NVL), avg_t: 229.26 us
[tuning] SMs 40, NVL chunk 47: 386.93 GB/s (NVL), avg_t: 230.84 us
[tuning] SMs 40, NVL chunk 48: 388.58 GB/s (NVL), avg_t: 229.86 us
[tuning] SMs 40, NVL chunk 49: 386.58 GB/s (NVL), avg_t: 231.06 us
[tuning] SMs 40, NVL chunk 50: 387.42 GB/s (NVL), avg_t: 230.56 us
[tuning] SMs 40, NVL chunk 51: 383.99 GB/s (NVL), avg_t: 232.61 us
[tuning] SMs 40, NVL chunk 52: 386.04 GB/s (NVL), avg_t: 231.38 us
[tuning] SMs 40, NVL chunk 53: 383.39 GB/s (NVL), avg_t: 232.98 us
[tuning] SMs 40, NVL chunk 54: 386.46 GB/s (NVL), avg_t: 231.13 us
[tuning] SMs 40, NVL chunk 55: 381.07 GB/s (NVL), avg_t: 234.40 us
[tuning] SMs 40, NVL chunk 56: 379.89 GB/s (NVL), avg_t: 235.12 us
[tuning] SMs 40, NVL chunk 57: 380.96 GB/s (NVL), avg_t: 234.46 us
[tuning] SMs 40, NVL chunk 58: 375.06 GB/s (NVL), avg_t: 238.15 us
[tuning] SMs 40, NVL chunk 59: 373.88 GB/s (NVL), avg_t: 238.91 us
[tuning] SMs 40, NVL chunk 60: 371.61 GB/s (NVL), avg_t: 240.37 us
[tuning] SMs 40, NVL chunk 61: 367.30 GB/s (NVL), avg_t: 243.19 us
[tuning] SMs 40, NVL chunk 62: 367.48 GB/s (NVL), avg_t: 243.06 us
[tuning] SMs 40, NVL chunk 63: 368.07 GB/s (NVL), avg_t: 242.67 us
[tuning] SMs 40, NVL chunk 64: 364.84 GB/s (NVL), avg_t: 244.82 us
[tuning] Best combine: SMs 40, NVL chunk 36: 402.48 GB/s (NVL), t: 221.93 us


[config] num_tokens=4096, hidden=2048, num_topk=8
[layout] Kernel performance: 0.048 ms

[testing] Running with BF16, without top-k (async=False, previous=False) ... passed
[testing] Running with BF16, with top-k (async=False, previous=False) ... passed
[testing] Running with BF16, without top-k (async=False, previous=False) ... passed
[testing] Running with BF16, with top-k (async=False, previous=False) ... passed
[testing] Running with FP8, without top-k (async=False, previous=False) ... passed
[testing] Running with FP8, with top-k (async=False, previous=False) ... passed
[testing] Running with BF16, without top-k (async=True, previous=False) ... passed
[testing] Running with BF16, with top-k (async=True, previous=False) ... passed
[testing] Running with BF16, without top-k (async=True, previous=False) ... passed
[testing] Running with BF16, with top-k (async=True, previous=False) ... passed
[testing] Running with FP8, without top-k (async=True, previous=False) ... passed
[testing] Running with FP8, with top-k (async=True, previous=False) ... passed
[testing] Running with BF16, without top-k (async=False, previous=True) ... passed
[testing] Running with BF16, with top-k (async=False, previous=True) ... passed
[testing] Running with BF16, without top-k (async=False, previous=True) ... passed
[testing] Running with BF16, with top-k (async=False, previous=True) ... passed
[testing] Running with FP8, without top-k (async=False, previous=True) ... passed
[testing] Running with FP8, with top-k (async=False, previous=True) ... passed
[testing] Running with BF16, without top-k (async=True, previous=True) ... passed
[testing] Running with BF16, with top-k (async=True, previous=True) ... passed
[testing] Running with BF16, without top-k (async=True, previous=True) ... passed
[testing] Running with BF16, with top-k (async=True, previous=True) ... passed
[testing] Running with FP8, without top-k (async=True, previous=True) ... passed
[testing] Running with FP8, with top-k (async=True, previous=True) ... passed

[tuning] SMs 42, NVL chunk default: 233.10 GB/s (NVL), avg_t: 382.66 us
[tuning] SMs 42, NVL chunk 1: 53.24 GB/s (NVL), avg_t: 1675.36 us
[tuning] SMs 42, NVL chunk 2: 95.33 GB/s (NVL), avg_t: 935.71 us
[tuning] SMs 42, NVL chunk 3: 137.71 GB/s (NVL), avg_t: 647.74 us
[tuning] SMs 42, NVL chunk 4: 170.89 GB/s (NVL), avg_t: 521.97 us
[tuning] SMs 42, NVL chunk 5: 206.17 GB/s (NVL), avg_t: 432.65 us
[tuning] SMs 42, NVL chunk 6: 233.17 GB/s (NVL), avg_t: 382.55 us
[tuning] SMs 42, NVL chunk 7: 229.48 GB/s (NVL), avg_t: 388.70 us
[tuning] SMs 42, NVL chunk 8: 235.90 GB/s (NVL), avg_t: 378.12 us
[tuning] SMs 42, NVL chunk 9: 250.73 GB/s (NVL), avg_t: 355.75 us
[tuning] SMs 42, NVL chunk 10: 269.88 GB/s (NVL), avg_t: 330.52 us
[tuning] SMs 42, NVL chunk 11: 290.43 GB/s (NVL), avg_t: 307.13 us
[tuning] SMs 42, NVL chunk 12: 310.21 GB/s (NVL), avg_t: 287.54 us
[tuning] SMs 42, NVL chunk 13: 325.66 GB/s (NVL), avg_t: 273.90 us
[tuning] SMs 42, NVL chunk 14: 339.00 GB/s (NVL), avg_t: 263.12 us
[tuning] SMs 42, NVL chunk 15: 351.83 GB/s (NVL), avg_t: 253.53 us
[tuning] SMs 42, NVL chunk 16: 351.96 GB/s (NVL), avg_t: 253.43 us
[tuning] SMs 42, NVL chunk 17: 350.37 GB/s (NVL), avg_t: 254.58 us
[tuning] SMs 42, NVL chunk 18: 352.66 GB/s (NVL), avg_t: 252.93 us
[tuning] SMs 42, NVL chunk 19: 361.35 GB/s (NVL), avg_t: 246.85 us
[tuning] SMs 42, NVL chunk 20: 369.77 GB/s (NVL), avg_t: 241.23 us
[tuning] SMs 42, NVL chunk 21: 379.40 GB/s (NVL), avg_t: 235.10 us
[tuning] SMs 42, NVL chunk 22: 385.62 GB/s (NVL), avg_t: 231.31 us
[tuning] SMs 42, NVL chunk 23: 391.27 GB/s (NVL), avg_t: 227.97 us
[tuning] SMs 42, NVL chunk 24: 394.34 GB/s (NVL), avg_t: 226.20 us
[tuning] SMs 42, NVL chunk 25: 395.03 GB/s (NVL), avg_t: 225.80 us
[tuning] SMs 42, NVL chunk 26: 398.09 GB/s (NVL), avg_t: 224.07 us
[tuning] SMs 42, NVL chunk 27: 400.95 GB/s (NVL), avg_t: 222.47 us
[tuning] SMs 42, NVL chunk 28: 401.91 GB/s (NVL), avg_t: 221.94 us
[tuning] SMs 42, NVL chunk 29: 406.56 GB/s (NVL), avg_t: 219.40 us
[tuning] SMs 42, NVL chunk 30: 412.17 GB/s (NVL), avg_t: 216.41 us
[tuning] SMs 42, NVL chunk 31: 410.12 GB/s (NVL), avg_t: 217.49 us
[tuning] SMs 42, NVL chunk 32: 411.83 GB/s (NVL), avg_t: 216.59 us
[tuning] SMs 42, NVL chunk 33: 414.66 GB/s (NVL), avg_t: 215.11 us
[tuning] SMs 42, NVL chunk 34: 412.65 GB/s (NVL), avg_t: 216.16 us
[tuning] SMs 42, NVL chunk 35: 416.48 GB/s (NVL), avg_t: 214.17 us
[tuning] SMs 42, NVL chunk 36: 417.43 GB/s (NVL), avg_t: 213.69 us
[tuning] SMs 42, NVL chunk 37: 421.01 GB/s (NVL), avg_t: 211.87 us
[tuning] SMs 42, NVL chunk 38: 424.95 GB/s (NVL), avg_t: 209.90 us
[tuning] SMs 42, NVL chunk 39: 426.33 GB/s (NVL), avg_t: 209.22 us
[tuning] SMs 42, NVL chunk 40: 422.04 GB/s (NVL), avg_t: 211.35 us
[tuning] SMs 42, NVL chunk 41: 419.60 GB/s (NVL), avg_t: 212.58 us
[tuning] SMs 42, NVL chunk 42: 418.26 GB/s (NVL), avg_t: 213.26 us
[tuning] SMs 42, NVL chunk 43: 417.74 GB/s (NVL), avg_t: 213.52 us
[tuning] SMs 42, NVL chunk 44: 417.55 GB/s (NVL), avg_t: 213.63 us
[tuning] SMs 42, NVL chunk 45: 418.15 GB/s (NVL), avg_t: 213.32 us
[tuning] SMs 42, NVL chunk 46: 419.07 GB/s (NVL), avg_t: 212.85 us
[tuning] SMs 42, NVL chunk 47: 420.26 GB/s (NVL), avg_t: 212.25 us
[tuning] SMs 42, NVL chunk 48: 423.15 GB/s (NVL), avg_t: 210.80 us
[tuning] SMs 42, NVL chunk 49: 426.54 GB/s (NVL), avg_t: 209.12 us
[tuning] SMs 42, NVL chunk 50: 427.62 GB/s (NVL), avg_t: 208.59 us
[tuning] SMs 42, NVL chunk 51: 428.00 GB/s (NVL), avg_t: 208.41 us
[tuning] SMs 42, NVL chunk 52: 426.38 GB/s (NVL), avg_t: 209.20 us
[tuning] SMs 42, NVL chunk 53: 424.42 GB/s (NVL), avg_t: 210.17 us
[tuning] SMs 42, NVL chunk 54: 423.13 GB/s (NVL), avg_t: 210.80 us
[tuning] SMs 42, NVL chunk 55: 420.64 GB/s (NVL), avg_t: 212.06 us
[tuning] SMs 42, NVL chunk 56: 415.87 GB/s (NVL), avg_t: 214.49 us
[tuning] SMs 42, NVL chunk 57: 415.83 GB/s (NVL), avg_t: 214.51 us
[tuning] SMs 42, NVL chunk 58: 415.38 GB/s (NVL), avg_t: 214.74 us
[tuning] SMs 42, NVL chunk 59: 412.74 GB/s (NVL), avg_t: 216.11 us
[tuning] SMs 42, NVL chunk 60: 411.19 GB/s (NVL), avg_t: 216.93 us
[tuning] SMs 42, NVL chunk 61: 407.23 GB/s (NVL), avg_t: 219.04 us
[tuning] SMs 42, NVL chunk 62: 406.08 GB/s (NVL), avg_t: 219.66 us
[tuning] SMs 42, NVL chunk 63: 405.28 GB/s (NVL), avg_t: 220.09 us
[tuning] SMs 42, NVL chunk 64: 402.23 GB/s (NVL), avg_t: 221.76 us
[tuning] Best dispatch (BF16): SMs 42, NVL chunk 51, 428.00 GB/s (NVL), t: 208.41 us

[tuning] SMs 42, NVL chunk default: 170.50 GB/s (NVL), avg_t: 523.15 us
[tuning] SMs 42, NVL chunk 1: 53.84 GB/s (NVL), avg_t: 1656.87 us
[tuning] SMs 42, NVL chunk 2: 96.42 GB/s (NVL), avg_t: 925.07 us
[tuning] SMs 42, NVL chunk 3: 137.25 GB/s (NVL), avg_t: 649.90 us
[tuning] SMs 42, NVL chunk 4: 170.79 GB/s (NVL), avg_t: 522.27 us
[tuning] SMs 42, NVL chunk 5: 205.13 GB/s (NVL), avg_t: 434.84 us
[tuning] SMs 42, NVL chunk 6: 238.15 GB/s (NVL), avg_t: 374.55 us
[tuning] SMs 42, NVL chunk 7: 243.79 GB/s (NVL), avg_t: 365.88 us
[tuning] SMs 42, NVL chunk 8: 268.55 GB/s (NVL), avg_t: 332.14 us
[tuning] SMs 42, NVL chunk 9: 287.47 GB/s (NVL), avg_t: 310.29 us
[tuning] SMs 42, NVL chunk 10: 266.12 GB/s (NVL), avg_t: 335.18 us
[tuning] SMs 42, NVL chunk 11: 286.44 GB/s (NVL), avg_t: 311.40 us
[tuning] SMs 42, NVL chunk 12: 302.68 GB/s (NVL), avg_t: 294.69 us
[tuning] SMs 42, NVL chunk 13: 315.61 GB/s (NVL), avg_t: 282.62 us
[tuning] SMs 42, NVL chunk 14: 332.85 GB/s (NVL), avg_t: 267.98 us
[tuning] SMs 42, NVL chunk 15: 348.18 GB/s (NVL), avg_t: 256.18 us
[tuning] SMs 42, NVL chunk 16: 352.08 GB/s (NVL), avg_t: 253.35 us
[tuning] SMs 42, NVL chunk 17: 366.19 GB/s (NVL), avg_t: 243.59 us
[tuning] SMs 42, NVL chunk 18: 372.98 GB/s (NVL), avg_t: 239.15 us
[tuning] SMs 42, NVL chunk 19: 378.90 GB/s (NVL), avg_t: 235.42 us
[tuning] SMs 42, NVL chunk 20: 384.49 GB/s (NVL), avg_t: 231.99 us
[tuning] SMs 42, NVL chunk 21: 391.72 GB/s (NVL), avg_t: 227.71 us
[tuning] SMs 42, NVL chunk 22: 370.22 GB/s (NVL), avg_t: 240.94 us
[tuning] SMs 42, NVL chunk 23: 386.32 GB/s (NVL), avg_t: 230.89 us
[tuning] SMs 42, NVL chunk 24: 391.54 GB/s (NVL), avg_t: 227.82 us
[tuning] SMs 42, NVL chunk 25: 383.25 GB/s (NVL), avg_t: 232.74 us
[tuning] SMs 42, NVL chunk 26: 387.40 GB/s (NVL), avg_t: 230.25 us
[tuning] SMs 42, NVL chunk 27: 388.63 GB/s (NVL), avg_t: 229.52 us
[tuning] SMs 42, NVL chunk 28: 393.88 GB/s (NVL), avg_t: 226.46 us
[tuning] SMs 42, NVL chunk 29: 393.15 GB/s (NVL), avg_t: 226.88 us
[tuning] SMs 42, NVL chunk 30: 390.09 GB/s (NVL), avg_t: 228.66 us
[tuning] SMs 42, NVL chunk 31: 389.36 GB/s (NVL), avg_t: 229.09 us
[tuning] SMs 42, NVL chunk 32: 387.86 GB/s (NVL), avg_t: 229.98 us
[tuning] SMs 42, NVL chunk 33: 388.96 GB/s (NVL), avg_t: 229.32 us
[tuning] SMs 42, NVL chunk 34: 382.85 GB/s (NVL), avg_t: 232.98 us
[tuning] SMs 42, NVL chunk 35: 383.72 GB/s (NVL), avg_t: 232.46 us
[tuning] SMs 42, NVL chunk 36: 381.54 GB/s (NVL), avg_t: 233.79 us
[tuning] SMs 42, NVL chunk 37: 377.76 GB/s (NVL), avg_t: 236.13 us
[tuning] SMs 42, NVL chunk 38: 376.54 GB/s (NVL), avg_t: 236.89 us
[tuning] SMs 42, NVL chunk 39: 372.56 GB/s (NVL), avg_t: 239.42 us
[tuning] SMs 42, NVL chunk 40: 375.70 GB/s (NVL), avg_t: 237.42 us
[tuning] SMs 42, NVL chunk 41: 368.92 GB/s (NVL), avg_t: 241.78 us
[tuning] SMs 42, NVL chunk 42: 366.93 GB/s (NVL), avg_t: 243.09 us
[tuning] SMs 42, NVL chunk 43: 368.10 GB/s (NVL), avg_t: 242.32 us
[tuning] SMs 42, NVL chunk 44: 360.96 GB/s (NVL), avg_t: 247.11 us
[tuning] SMs 42, NVL chunk 45: 359.73 GB/s (NVL), avg_t: 247.96 us
[tuning] SMs 42, NVL chunk 46: 365.05 GB/s (NVL), avg_t: 244.34 us
[tuning] SMs 42, NVL chunk 47: 361.63 GB/s (NVL), avg_t: 246.66 us
[tuning] SMs 42, NVL chunk 48: 362.36 GB/s (NVL), avg_t: 246.16 us
[tuning] SMs 42, NVL chunk 49: 362.94 GB/s (NVL), avg_t: 245.77 us
[tuning] SMs 42, NVL chunk 50: 361.14 GB/s (NVL), avg_t: 246.99 us
[tuning] SMs 42, NVL chunk 51: 362.16 GB/s (NVL), avg_t: 246.30 us
[tuning] SMs 42, NVL chunk 52: 359.85 GB/s (NVL), avg_t: 247.88 us
[tuning] SMs 42, NVL chunk 53: 358.89 GB/s (NVL), avg_t: 248.54 us
[tuning] SMs 42, NVL chunk 54: 358.66 GB/s (NVL), avg_t: 248.70 us
[tuning] SMs 42, NVL chunk 55: 353.36 GB/s (NVL), avg_t: 252.43 us
[tuning] SMs 42, NVL chunk 56: 351.03 GB/s (NVL), avg_t: 254.11 us
[tuning] SMs 42, NVL chunk 57: 351.43 GB/s (NVL), avg_t: 253.82 us
[tuning] SMs 42, NVL chunk 58: 348.88 GB/s (NVL), avg_t: 255.67 us
[tuning] SMs 42, NVL chunk 59: 347.39 GB/s (NVL), avg_t: 256.77 us
[tuning] SMs 42, NVL chunk 60: 347.37 GB/s (NVL), avg_t: 256.78 us
[tuning] SMs 42, NVL chunk 61: 343.95 GB/s (NVL), avg_t: 259.33 us
[tuning] SMs 42, NVL chunk 62: 344.11 GB/s (NVL), avg_t: 259.21 us
[tuning] SMs 42, NVL chunk 63: 341.52 GB/s (NVL), avg_t: 261.18 us
[tuning] SMs 42, NVL chunk 64: 340.29 GB/s (NVL), avg_t: 262.13 us
[tuning] Best combine: SMs 42, NVL chunk 28: 393.88 GB/s (NVL), t: 226.46 us


[config] num_tokens=4096, hidden=2048, num_topk=8
[layout] Kernel performance: 0.047 ms

[testing] Running with BF16, without top-k (async=False, previous=False) ... passed
[testing] Running with BF16, with top-k (async=False, previous=False) ... passed
[testing] Running with BF16, without top-k (async=False, previous=False) ... passed
[testing] Running with BF16, with top-k (async=False, previous=False) ... passed
[testing] Running with FP8, without top-k (async=False, previous=False) ... passed
[testing] Running with FP8, with top-k (async=False, previous=False) ... passed
[testing] Running with BF16, without top-k (async=True, previous=False) ... passed
[testing] Running with BF16, with top-k (async=True, previous=False) ... passed
[testing] Running with BF16, without top-k (async=True, previous=False) ... passed
[testing] Running with BF16, with top-k (async=True, previous=False) ... passed
[testing] Running with FP8, without top-k (async=True, previous=False) ... passed
[testing] Running with FP8, with top-k (async=True, previous=False) ... passed
[testing] Running with BF16, without top-k (async=False, previous=True) ... passed
[testing] Running with BF16, with top-k (async=False, previous=True) ... passed
[testing] Running with BF16, without top-k (async=False, previous=True) ... passed
[testing] Running with BF16, with top-k (async=False, previous=True) ... passed
[testing] Running with FP8, without top-k (async=False, previous=True) ... passed
[testing] Running with FP8, with top-k (async=False, previous=True) ... passed
[testing] Running with BF16, without top-k (async=True, previous=True) ... passed
[testing] Running with BF16, with top-k (async=True, previous=True) ... passed
[testing] Running with BF16, without top-k (async=True, previous=True) ... passed
[testing] Running with BF16, with top-k (async=True, previous=True) ... passed
[testing] Running with FP8, without top-k (async=True, previous=True) ... passed
[testing] Running with FP8, with top-k (async=True, previous=True) ... passed

[tuning] SMs 44, NVL chunk default: 245.96 GB/s (NVL), avg_t: 366.87 us
[tuning] SMs 44, NVL chunk 1: 57.12 GB/s (NVL), avg_t: 1579.74 us
[tuning] SMs 44, NVL chunk 2: 101.44 GB/s (NVL), avg_t: 889.58 us
[tuning] SMs 44, NVL chunk 3: 146.39 GB/s (NVL), avg_t: 616.38 us
[tuning] SMs 44, NVL chunk 4: 182.13 GB/s (NVL), avg_t: 495.43 us
[tuning] SMs 44, NVL chunk 5: 217.19 GB/s (NVL), avg_t: 415.47 us
[tuning] SMs 44, NVL chunk 6: 246.02 GB/s (NVL), avg_t: 366.78 us
[tuning] SMs 44, NVL chunk 7: 244.89 GB/s (NVL), avg_t: 368.47 us
[tuning] SMs 44, NVL chunk 8: 248.32 GB/s (NVL), avg_t: 363.38 us
[tuning] SMs 44, NVL chunk 9: 263.62 GB/s (NVL), avg_t: 342.29 us
[tuning] SMs 44, NVL chunk 10: 283.63 GB/s (NVL), avg_t: 318.14 us
[tuning] SMs 44, NVL chunk 11: 305.09 GB/s (NVL), avg_t: 295.77 us
[tuning] SMs 44, NVL chunk 12: 326.63 GB/s (NVL), avg_t: 276.26 us
[tuning] SMs 44, NVL chunk 13: 343.18 GB/s (NVL), avg_t: 262.94 us
[tuning] SMs 44, NVL chunk 14: 355.59 GB/s (NVL), avg_t: 253.76 us
[tuning] SMs 44, NVL chunk 15: 368.66 GB/s (NVL), avg_t: 244.76 us
[tuning] SMs 44, NVL chunk 16: 369.79 GB/s (NVL), avg_t: 244.02 us
[tuning] SMs 44, NVL chunk 17: 371.81 GB/s (NVL), avg_t: 242.69 us
[tuning] SMs 44, NVL chunk 18: 371.52 GB/s (NVL), avg_t: 242.88 us
[tuning] SMs 44, NVL chunk 19: 377.86 GB/s (NVL), avg_t: 238.80 us
[tuning] SMs 44, NVL chunk 20: 387.34 GB/s (NVL), avg_t: 232.96 us
[tuning] SMs 44, NVL chunk 21: 396.21 GB/s (NVL), avg_t: 227.74 us
[tuning] SMs 44, NVL chunk 22: 402.54 GB/s (NVL), avg_t: 224.16 us
[tuning] SMs 44, NVL chunk 23: 405.59 GB/s (NVL), avg_t: 222.48 us
[tuning] SMs 44, NVL chunk 24: 414.69 GB/s (NVL), avg_t: 217.60 us
[tuning] SMs 44, NVL chunk 25: 418.46 GB/s (NVL), avg_t: 215.64 us
[tuning] SMs 44, NVL chunk 26: 419.42 GB/s (NVL), avg_t: 215.14 us
[tuning] SMs 44, NVL chunk 27: 422.23 GB/s (NVL), avg_t: 213.71 us
[tuning] SMs 44, NVL chunk 28: 424.95 GB/s (NVL), avg_t: 212.34 us
[tuning] SMs 44, NVL chunk 29: 424.89 GB/s (NVL), avg_t: 212.37 us
[tuning] SMs 44, NVL chunk 30: 430.15 GB/s (NVL), avg_t: 209.78 us
[tuning] SMs 44, NVL chunk 31: 431.28 GB/s (NVL), avg_t: 209.22 us
[tuning] SMs 44, NVL chunk 32: 430.64 GB/s (NVL), avg_t: 209.54 us
[tuning] SMs 44, NVL chunk 33: 434.62 GB/s (NVL), avg_t: 207.62 us
[tuning] SMs 44, NVL chunk 34: 435.11 GB/s (NVL), avg_t: 207.38 us
[tuning] SMs 44, NVL chunk 35: 438.49 GB/s (NVL), avg_t: 205.79 us
[tuning] SMs 44, NVL chunk 36: 444.53 GB/s (NVL), avg_t: 202.99 us
[tuning] SMs 44, NVL chunk 37: 442.15 GB/s (NVL), avg_t: 204.08 us
[tuning] SMs 44, NVL chunk 38: 437.21 GB/s (NVL), avg_t: 206.39 us
[tuning] SMs 44, NVL chunk 39: 435.47 GB/s (NVL), avg_t: 207.21 us
[tuning] SMs 44, NVL chunk 40: 435.32 GB/s (NVL), avg_t: 207.28 us
[tuning] SMs 44, NVL chunk 41: 433.62 GB/s (NVL), avg_t: 208.09 us
[tuning] SMs 44, NVL chunk 42: 433.45 GB/s (NVL), avg_t: 208.18 us
[tuning] SMs 44, NVL chunk 43: 430.76 GB/s (NVL), avg_t: 209.48 us
[tuning] SMs 44, NVL chunk 44: 436.34 GB/s (NVL), avg_t: 206.80 us
[tuning] SMs 44, NVL chunk 45: 439.16 GB/s (NVL), avg_t: 205.47 us
[tuning] SMs 44, NVL chunk 46: 439.79 GB/s (NVL), avg_t: 205.18 us
[tuning] SMs 44, NVL chunk 47: 438.80 GB/s (NVL), avg_t: 205.64 us
[tuning] SMs 44, NVL chunk 48: 443.17 GB/s (NVL), avg_t: 203.61 us
[tuning] SMs 44, NVL chunk 49: 445.45 GB/s (NVL), avg_t: 202.57 us
[tuning] SMs 44, NVL chunk 50: 444.01 GB/s (NVL), avg_t: 203.23 us
[tuning] SMs 44, NVL chunk 51: 442.12 GB/s (NVL), avg_t: 204.10 us
[tuning] SMs 44, NVL chunk 52: 438.38 GB/s (NVL), avg_t: 205.84 us
[tuning] SMs 44, NVL chunk 53: 435.41 GB/s (NVL), avg_t: 207.24 us
[tuning] SMs 44, NVL chunk 54: 434.49 GB/s (NVL), avg_t: 207.68 us
[tuning] SMs 44, NVL chunk 55: 432.23 GB/s (NVL), avg_t: 208.77 us
[tuning] SMs 44, NVL chunk 56: 427.37 GB/s (NVL), avg_t: 211.14 us
[tuning] SMs 44, NVL chunk 57: 428.05 GB/s (NVL), avg_t: 210.81 us
[tuning] SMs 44, NVL chunk 58: 425.39 GB/s (NVL), avg_t: 212.12 us
[tuning] SMs 44, NVL chunk 59: 424.60 GB/s (NVL), avg_t: 212.52 us
[tuning] SMs 44, NVL chunk 60: 422.11 GB/s (NVL), avg_t: 213.77 us
[tuning] SMs 44, NVL chunk 61: 420.77 GB/s (NVL), avg_t: 214.45 us
[tuning] SMs 44, NVL chunk 62: 418.62 GB/s (NVL), avg_t: 215.55 us
[tuning] SMs 44, NVL chunk 63: 417.96 GB/s (NVL), avg_t: 215.89 us
[tuning] SMs 44, NVL chunk 64: 416.10 GB/s (NVL), avg_t: 216.86 us
[tuning] Best dispatch (BF16): SMs 44, NVL chunk 49, 445.45 GB/s (NVL), t: 202.57 us

[tuning] SMs 44, NVL chunk default: 180.56 GB/s (NVL), avg_t: 499.75 us
[tuning] SMs 44, NVL chunk 1: 57.25 GB/s (NVL), avg_t: 1576.19 us
[tuning] SMs 44, NVL chunk 2: 102.11 GB/s (NVL), avg_t: 883.73 us
[tuning] SMs 44, NVL chunk 3: 145.23 GB/s (NVL), avg_t: 621.31 us
[tuning] SMs 44, NVL chunk 4: 179.75 GB/s (NVL), avg_t: 502.02 us
[tuning] SMs 44, NVL chunk 5: 214.34 GB/s (NVL), avg_t: 420.99 us
[tuning] SMs 44, NVL chunk 6: 249.29 GB/s (NVL), avg_t: 361.97 us
[tuning] SMs 44, NVL chunk 7: 255.32 GB/s (NVL), avg_t: 353.41 us
[tuning] SMs 44, NVL chunk 8: 279.91 GB/s (NVL), avg_t: 322.37 us
[tuning] SMs 44, NVL chunk 9: 303.55 GB/s (NVL), avg_t: 297.26 us
[tuning] SMs 44, NVL chunk 10: 281.00 GB/s (NVL), avg_t: 321.12 us
[tuning] SMs 44, NVL chunk 11: 298.76 GB/s (NVL), avg_t: 302.03 us
[tuning] SMs 44, NVL chunk 12: 318.04 GB/s (NVL), avg_t: 283.73 us
[tuning] SMs 44, NVL chunk 13: 330.43 GB/s (NVL), avg_t: 273.09 us
[tuning] SMs 44, NVL chunk 14: 345.74 GB/s (NVL), avg_t: 260.99 us
[tuning] SMs 44, NVL chunk 15: 361.24 GB/s (NVL), avg_t: 249.79 us
[tuning] SMs 44, NVL chunk 16: 368.23 GB/s (NVL), avg_t: 245.05 us
[tuning] SMs 44, NVL chunk 17: 378.79 GB/s (NVL), avg_t: 238.22 us
[tuning] SMs 44, NVL chunk 18: 389.47 GB/s (NVL), avg_t: 231.69 us
[tuning] SMs 44, NVL chunk 19: 394.74 GB/s (NVL), avg_t: 228.59 us
[tuning] SMs 44, NVL chunk 20: 400.58 GB/s (NVL), avg_t: 225.26 us
[tuning] SMs 44, NVL chunk 21: 407.78 GB/s (NVL), avg_t: 221.29 us
[tuning] SMs 44, NVL chunk 22: 395.66 GB/s (NVL), avg_t: 228.06 us
[tuning] SMs 44, NVL chunk 23: 407.69 GB/s (NVL), avg_t: 221.33 us
[tuning] SMs 44, NVL chunk 24: 404.62 GB/s (NVL), avg_t: 223.01 us
[tuning] SMs 44, NVL chunk 25: 399.13 GB/s (NVL), avg_t: 226.08 us
[tuning] SMs 44, NVL chunk 26: 405.66 GB/s (NVL), avg_t: 222.44 us
[tuning] SMs 44, NVL chunk 27: 408.37 GB/s (NVL), avg_t: 220.97 us
[tuning] SMs 44, NVL chunk 28: 409.09 GB/s (NVL), avg_t: 220.57 us
[tuning] SMs 44, NVL chunk 29: 408.51 GB/s (NVL), avg_t: 220.89 us
[tuning] SMs 44, NVL chunk 30: 414.28 GB/s (NVL), avg_t: 217.81 us
[tuning] SMs 44, NVL chunk 31: 411.09 GB/s (NVL), avg_t: 219.50 us
[tuning] SMs 44, NVL chunk 32: 413.86 GB/s (NVL), avg_t: 218.03 us
[tuning] SMs 44, NVL chunk 33: 410.41 GB/s (NVL), avg_t: 219.87 us
[tuning] SMs 44, NVL chunk 34: 405.77 GB/s (NVL), avg_t: 222.38 us
[tuning] SMs 44, NVL chunk 35: 406.04 GB/s (NVL), avg_t: 222.23 us
[tuning] SMs 44, NVL chunk 36: 405.95 GB/s (NVL), avg_t: 222.28 us
[tuning] SMs 44, NVL chunk 37: 400.51 GB/s (NVL), avg_t: 225.30 us
[tuning] SMs 44, NVL chunk 38: 403.35 GB/s (NVL), avg_t: 223.72 us
[tuning] SMs 44, NVL chunk 39: 397.73 GB/s (NVL), avg_t: 226.88 us
[tuning] SMs 44, NVL chunk 40: 396.87 GB/s (NVL), avg_t: 227.37 us
[tuning] SMs 44, NVL chunk 41: 394.02 GB/s (NVL), avg_t: 229.01 us
[tuning] SMs 44, NVL chunk 42: 390.02 GB/s (NVL), avg_t: 231.36 us
[tuning] SMs 44, NVL chunk 43: 388.31 GB/s (NVL), avg_t: 232.38 us
[tuning] SMs 44, NVL chunk 44: 385.76 GB/s (NVL), avg_t: 233.91 us
[tuning] SMs 44, NVL chunk 45: 381.75 GB/s (NVL), avg_t: 236.37 us
[tuning] SMs 44, NVL chunk 46: 384.74 GB/s (NVL), avg_t: 234.53 us
[tuning] SMs 44, NVL chunk 47: 380.92 GB/s (NVL), avg_t: 236.88 us
[tuning] SMs 44, NVL chunk 48: 379.81 GB/s (NVL), avg_t: 237.58 us
[tuning] SMs 44, NVL chunk 49: 378.18 GB/s (NVL), avg_t: 238.60 us
[tuning] SMs 44, NVL chunk 50: 377.27 GB/s (NVL), avg_t: 239.18 us
[tuning] SMs 44, NVL chunk 51: 376.09 GB/s (NVL), avg_t: 239.93 us
[tuning] SMs 44, NVL chunk 52: 374.57 GB/s (NVL), avg_t: 240.90 us
[tuning] SMs 44, NVL chunk 53: 373.11 GB/s (NVL), avg_t: 241.84 us
[tuning] SMs 44, NVL chunk 54: 372.70 GB/s (NVL), avg_t: 242.11 us
[tuning] SMs 44, NVL chunk 55: 371.52 GB/s (NVL), avg_t: 242.88 us
[tuning] SMs 44, NVL chunk 56: 369.66 GB/s (NVL), avg_t: 244.10 us
[tuning] SMs 44, NVL chunk 57: 366.16 GB/s (NVL), avg_t: 246.44 us
[tuning] SMs 44, NVL chunk 58: 365.53 GB/s (NVL), avg_t: 246.86 us
[tuning] SMs 44, NVL chunk 59: 362.01 GB/s (NVL), avg_t: 249.26 us
[tuning] SMs 44, NVL chunk 60: 360.61 GB/s (NVL), avg_t: 250.23 us
[tuning] SMs 44, NVL chunk 61: 361.30 GB/s (NVL), avg_t: 249.75 us
[tuning] SMs 44, NVL chunk 62: 358.19 GB/s (NVL), avg_t: 251.92 us
[tuning] SMs 44, NVL chunk 63: 357.03 GB/s (NVL), avg_t: 252.74 us
[tuning] SMs 44, NVL chunk 64: 356.55 GB/s (NVL), avg_t: 253.08 us
[tuning] Best combine: SMs 44, NVL chunk 30: 414.28 GB/s (NVL), t: 217.81 us


[config] num_tokens=4096, hidden=2048, num_topk=8
[layout] Kernel performance: 0.047 ms

[testing] Running with BF16, without top-k (async=False, previous=False) ... passed
[testing] Running with BF16, with top-k (async=False, previous=False) ... passed
[testing] Running with BF16, without top-k (async=False, previous=False) ... passed
[testing] Running with BF16, with top-k (async=False, previous=False) ... passed
[testing] Running with FP8, without top-k (async=False, previous=False) ... passed
[testing] Running with FP8, with top-k (async=False, previous=False) ... passed
[testing] Running with BF16, without top-k (async=True, previous=False) ... passed
[testing] Running with BF16, with top-k (async=True, previous=False) ... passed
[testing] Running with BF16, without top-k (async=True, previous=False) ... passed
[testing] Running with BF16, with top-k (async=True, previous=False) ... passed
[testing] Running with FP8, without top-k (async=True, previous=False) ... passed
[testing] Running with FP8, with top-k (async=True, previous=False) ... passed
[testing] Running with BF16, without top-k (async=False, previous=True) ... passed
[testing] Running with BF16, with top-k (async=False, previous=True) ... passed
[testing] Running with BF16, without top-k (async=False, previous=True) ... passed
[testing] Running with BF16, with top-k (async=False, previous=True) ... passed
[testing] Running with FP8, without top-k (async=False, previous=True) ... passed
[testing] Running with FP8, with top-k (async=False, previous=True) ... passed
[testing] Running with BF16, without top-k (async=True, previous=True) ... passed
[testing] Running with BF16, with top-k (async=True, previous=True) ... passed
[testing] Running with BF16, without top-k (async=True, previous=True) ... passed
[testing] Running with BF16, with top-k (async=True, previous=True) ... passed
[testing] Running with FP8, without top-k (async=True, previous=True) ... passed
[testing] Running with FP8, with top-k (async=True, previous=True) ... passed

[tuning] SMs 46, NVL chunk default: 249.89 GB/s (NVL), avg_t: 355.72 us
[tuning] SMs 46, NVL chunk 1: 57.92 GB/s (NVL), avg_t: 1534.76 us
[tuning] SMs 46, NVL chunk 2: 103.34 GB/s (NVL), avg_t: 860.20 us
[tuning] SMs 46, NVL chunk 3: 149.15 GB/s (NVL), avg_t: 595.98 us
[tuning] SMs 46, NVL chunk 4: 185.60 GB/s (NVL), avg_t: 478.94 us
[tuning] SMs 46, NVL chunk 5: 221.82 GB/s (NVL), avg_t: 400.74 us
[tuning] SMs 46, NVL chunk 6: 250.09 GB/s (NVL), avg_t: 355.43 us
[tuning] SMs 46, NVL chunk 7: 247.21 GB/s (NVL), avg_t: 359.58 us
[tuning] SMs 46, NVL chunk 8: 252.84 GB/s (NVL), avg_t: 351.58 us
[tuning] SMs 46, NVL chunk 9: 268.07 GB/s (NVL), avg_t: 331.59 us
[tuning] SMs 46, NVL chunk 10: 289.57 GB/s (NVL), avg_t: 306.98 us
[tuning] SMs 46, NVL chunk 11: 312.15 GB/s (NVL), avg_t: 284.78 us
[tuning] SMs 46, NVL chunk 12: 332.58 GB/s (NVL), avg_t: 267.28 us
[tuning] SMs 46, NVL chunk 13: 348.79 GB/s (NVL), avg_t: 254.85 us
[tuning] SMs 46, NVL chunk 14: 360.78 GB/s (NVL), avg_t: 246.39 us
[tuning] SMs 46, NVL chunk 15: 373.14 GB/s (NVL), avg_t: 238.22 us
[tuning] SMs 46, NVL chunk 16: 373.83 GB/s (NVL), avg_t: 237.78 us
[tuning] SMs 46, NVL chunk 17: 370.92 GB/s (NVL), avg_t: 239.65 us
[tuning] SMs 46, NVL chunk 18: 374.05 GB/s (NVL), avg_t: 237.64 us
[tuning] SMs 46, NVL chunk 19: 383.84 GB/s (NVL), avg_t: 231.59 us
[tuning] SMs 46, NVL chunk 20: 390.42 GB/s (NVL), avg_t: 227.68 us
[tuning] SMs 46, NVL chunk 21: 401.61 GB/s (NVL), avg_t: 221.33 us
[tuning] SMs 46, NVL chunk 22: 405.92 GB/s (NVL), avg_t: 218.99 us
[tuning] SMs 46, NVL chunk 23: 412.64 GB/s (NVL), avg_t: 215.42 us
[tuning] SMs 46, NVL chunk 24: 419.24 GB/s (NVL), avg_t: 212.03 us
[tuning] SMs 46, NVL chunk 25: 417.93 GB/s (NVL), avg_t: 212.69 us
[tuning] SMs 46, NVL chunk 26: 422.88 GB/s (NVL), avg_t: 210.21 us
[tuning] SMs 46, NVL chunk 27: 423.74 GB/s (NVL), avg_t: 209.78 us
[tuning] SMs 46, NVL chunk 28: 424.44 GB/s (NVL), avg_t: 209.43 us
[tuning] SMs 46, NVL chunk 29: 427.68 GB/s (NVL), avg_t: 207.84 us
[tuning] SMs 46, NVL chunk 30: 430.73 GB/s (NVL), avg_t: 206.37 us
[tuning] SMs 46, NVL chunk 31: 429.72 GB/s (NVL), avg_t: 206.86 us
[tuning] SMs 46, NVL chunk 32: 434.70 GB/s (NVL), avg_t: 204.49 us
[tuning] SMs 46, NVL chunk 33: 438.53 GB/s (NVL), avg_t: 202.70 us
[tuning] SMs 46, NVL chunk 34: 440.13 GB/s (NVL), avg_t: 201.97 us
[tuning] SMs 46, NVL chunk 35: 442.20 GB/s (NVL), avg_t: 201.02 us
[tuning] SMs 46, NVL chunk 36: 444.00 GB/s (NVL), avg_t: 200.21 us
[tuning] SMs 46, NVL chunk 37: 437.42 GB/s (NVL), avg_t: 203.22 us
[tuning] SMs 46, NVL chunk 38: 435.55 GB/s (NVL), avg_t: 204.09 us
[tuning] SMs 46, NVL chunk 39: 436.15 GB/s (NVL), avg_t: 203.81 us
[tuning] SMs 46, NVL chunk 40: 433.30 GB/s (NVL), avg_t: 205.15 us
[tuning] SMs 46, NVL chunk 41: 433.76 GB/s (NVL), avg_t: 204.93 us
[tuning] SMs 46, NVL chunk 42: 438.83 GB/s (NVL), avg_t: 202.57 us
[tuning] SMs 46, NVL chunk 43: 439.41 GB/s (NVL), avg_t: 202.30 us
[tuning] SMs 46, NVL chunk 44: 441.28 GB/s (NVL), avg_t: 201.44 us
[tuning] SMs 46, NVL chunk 45: 445.31 GB/s (NVL), avg_t: 199.62 us
[tuning] SMs 46, NVL chunk 46: 447.05 GB/s (NVL), avg_t: 198.84 us
[tuning] SMs 46, NVL chunk 47: 445.57 GB/s (NVL), avg_t: 199.50 us
[tuning] SMs 46, NVL chunk 48: 444.69 GB/s (NVL), avg_t: 199.90 us
[tuning] SMs 46, NVL chunk 49: 440.22 GB/s (NVL), avg_t: 201.92 us
[tuning] SMs 46, NVL chunk 50: 437.77 GB/s (NVL), avg_t: 203.06 us
[tuning] SMs 46, NVL chunk 51: 435.61 GB/s (NVL), avg_t: 204.06 us
[tuning] SMs 46, NVL chunk 52: 434.86 GB/s (NVL), avg_t: 204.41 us
[tuning] SMs 46, NVL chunk 53: 430.00 GB/s (NVL), avg_t: 206.72 us
[tuning] SMs 46, NVL chunk 54: 427.53 GB/s (NVL), avg_t: 207.92 us
[tuning] SMs 46, NVL chunk 55: 425.55 GB/s (NVL), avg_t: 208.88 us
[tuning] SMs 46, NVL chunk 56: 422.80 GB/s (NVL), avg_t: 210.24 us
[tuning] SMs 46, NVL chunk 57: 422.44 GB/s (NVL), avg_t: 210.43 us
[tuning] SMs 46, NVL chunk 58: 420.28 GB/s (NVL), avg_t: 211.50 us
[tuning] SMs 46, NVL chunk 59: 416.86 GB/s (NVL), avg_t: 213.24 us
[tuning] SMs 46, NVL chunk 60: 416.58 GB/s (NVL), avg_t: 213.38 us
[tuning] SMs 46, NVL chunk 61: 417.10 GB/s (NVL), avg_t: 213.12 us
[tuning] SMs 46, NVL chunk 62: 416.95 GB/s (NVL), avg_t: 213.19 us
[tuning] SMs 46, NVL chunk 63: 419.13 GB/s (NVL), avg_t: 212.08 us
[tuning] SMs 46, NVL chunk 64: 418.91 GB/s (NVL), avg_t: 212.20 us
[tuning] Best dispatch (BF16): SMs 46, NVL chunk 46, 447.05 GB/s (NVL), t: 198.84 us

[tuning] SMs 46, NVL chunk default: 183.87 GB/s (NVL), avg_t: 483.44 us
[tuning] SMs 46, NVL chunk 1: 58.88 GB/s (NVL), avg_t: 1509.67 us
[tuning] SMs 46, NVL chunk 2: 105.68 GB/s (NVL), avg_t: 841.11 us
[tuning] SMs 46, NVL chunk 3: 149.90 GB/s (NVL), avg_t: 593.01 us
[tuning] SMs 46, NVL chunk 4: 184.11 GB/s (NVL), avg_t: 482.81 us
[tuning] SMs 46, NVL chunk 5: 219.24 GB/s (NVL), avg_t: 405.45 us
[tuning] SMs 46, NVL chunk 6: 253.98 GB/s (NVL), avg_t: 349.99 us
[tuning] SMs 46, NVL chunk 7: 262.69 GB/s (NVL), avg_t: 338.38 us
[tuning] SMs 46, NVL chunk 8: 287.35 GB/s (NVL), avg_t: 309.35 us
[tuning] SMs 46, NVL chunk 9: 308.06 GB/s (NVL), avg_t: 288.55 us
[tuning] SMs 46, NVL chunk 10: 284.35 GB/s (NVL), avg_t: 312.62 us
[tuning] SMs 46, NVL chunk 11: 303.10 GB/s (NVL), avg_t: 293.27 us
[tuning] SMs 46, NVL chunk 12: 320.71 GB/s (NVL), avg_t: 277.17 us
[tuning] SMs 46, NVL chunk 13: 334.52 GB/s (NVL), avg_t: 265.73 us
[tuning] SMs 46, NVL chunk 14: 350.45 GB/s (NVL), avg_t: 253.65 us
[tuning] SMs 46, NVL chunk 15: 365.86 GB/s (NVL), avg_t: 242.97 us
[tuning] SMs 46, NVL chunk 16: 367.67 GB/s (NVL), avg_t: 241.77 us
[tuning] SMs 46, NVL chunk 17: 386.94 GB/s (NVL), avg_t: 229.73 us
[tuning] SMs 46, NVL chunk 18: 389.60 GB/s (NVL), avg_t: 228.16 us
[tuning] SMs 46, NVL chunk 19: 392.09 GB/s (NVL), avg_t: 226.71 us
[tuning] SMs 46, NVL chunk 20: 398.29 GB/s (NVL), avg_t: 223.18 us
[tuning] SMs 46, NVL chunk 21: 403.79 GB/s (NVL), avg_t: 220.14 us
[tuning] SMs 46, NVL chunk 22: 391.77 GB/s (NVL), avg_t: 226.89 us
[tuning] SMs 46, NVL chunk 23: 397.85 GB/s (NVL), avg_t: 223.43 us
[tuning] SMs 46, NVL chunk 24: 398.04 GB/s (NVL), avg_t: 223.32 us
[tuning] SMs 46, NVL chunk 25: 390.33 GB/s (NVL), avg_t: 227.74 us
[tuning] SMs 46, NVL chunk 26: 400.29 GB/s (NVL), avg_t: 222.07 us
[tuning] SMs 46, NVL chunk 27: 396.52 GB/s (NVL), avg_t: 224.18 us
[tuning] SMs 46, NVL chunk 28: 400.37 GB/s (NVL), avg_t: 222.02 us
[tuning] SMs 46, NVL chunk 29: 394.39 GB/s (NVL), avg_t: 225.39 us
[tuning] SMs 46, NVL chunk 30: 388.24 GB/s (NVL), avg_t: 228.96 us
[tuning] SMs 46, NVL chunk 31: 389.25 GB/s (NVL), avg_t: 228.36 us
[tuning] SMs 46, NVL chunk 32: 385.90 GB/s (NVL), avg_t: 230.35 us
[tuning] SMs 46, NVL chunk 33: 391.72 GB/s (NVL), avg_t: 226.92 us
[tuning] SMs 46, NVL chunk 34: 390.81 GB/s (NVL), avg_t: 227.46 us
[tuning] SMs 46, NVL chunk 35: 388.71 GB/s (NVL), avg_t: 228.69 us
[tuning] SMs 46, NVL chunk 36: 385.37 GB/s (NVL), avg_t: 230.66 us
[tuning] SMs 46, NVL chunk 37: 381.98 GB/s (NVL), avg_t: 232.71 us
[tuning] SMs 46, NVL chunk 38: 377.72 GB/s (NVL), avg_t: 235.34 us
[tuning] SMs 46, NVL chunk 39: 374.65 GB/s (NVL), avg_t: 237.26 us
[tuning] SMs 46, NVL chunk 40: 373.53 GB/s (NVL), avg_t: 237.98 us
[tuning] SMs 46, NVL chunk 41: 371.60 GB/s (NVL), avg_t: 239.21 us
[tuning] SMs 46, NVL chunk 42: 368.66 GB/s (NVL), avg_t: 241.12 us
[tuning] SMs 46, NVL chunk 43: 369.96 GB/s (NVL), avg_t: 240.27 us
[tuning] SMs 46, NVL chunk 44: 369.74 GB/s (NVL), avg_t: 240.42 us
[tuning] SMs 46, NVL chunk 45: 366.92 GB/s (NVL), avg_t: 242.27 us
[tuning] SMs 46, NVL chunk 46: 368.84 GB/s (NVL), avg_t: 241.00 us
[tuning] SMs 46, NVL chunk 47: 368.17 GB/s (NVL), avg_t: 241.44 us
[tuning] SMs 46, NVL chunk 48: 369.68 GB/s (NVL), avg_t: 240.45 us
[tuning] SMs 46, NVL chunk 49: 369.36 GB/s (NVL), avg_t: 240.66 us
[tuning] SMs 46, NVL chunk 50: 367.66 GB/s (NVL), avg_t: 241.78 us
[tuning] SMs 46, NVL chunk 51: 365.24 GB/s (NVL), avg_t: 243.38 us
[tuning] SMs 46, NVL chunk 52: 365.49 GB/s (NVL), avg_t: 243.21 us
[tuning] SMs 46, NVL chunk 53: 360.46 GB/s (NVL), avg_t: 246.60 us
[tuning] SMs 46, NVL chunk 54: 360.00 GB/s (NVL), avg_t: 246.92 us
[tuning] SMs 46, NVL chunk 55: 357.20 GB/s (NVL), avg_t: 248.85 us
[tuning] SMs 46, NVL chunk 56: 356.45 GB/s (NVL), avg_t: 249.38 us
[tuning] SMs 46, NVL chunk 57: 353.79 GB/s (NVL), avg_t: 251.25 us
[tuning] SMs 46, NVL chunk 58: 353.84 GB/s (NVL), avg_t: 251.22 us
[tuning] SMs 46, NVL chunk 59: 353.05 GB/s (NVL), avg_t: 251.78 us
[tuning] SMs 46, NVL chunk 60: 350.86 GB/s (NVL), avg_t: 253.35 us
[tuning] SMs 46, NVL chunk 61: 349.62 GB/s (NVL), avg_t: 254.25 us
[tuning] SMs 46, NVL chunk 62: 350.38 GB/s (NVL), avg_t: 253.70 us
[tuning] SMs 46, NVL chunk 63: 346.28 GB/s (NVL), avg_t: 256.71 us
[tuning] SMs 46, NVL chunk 64: 347.45 GB/s (NVL), avg_t: 255.84 us
[tuning] Best combine: SMs 46, NVL chunk 21: 403.79 GB/s (NVL), t: 220.14 us


[config] num_tokens=4096, hidden=2048, num_topk=8
[layout] Kernel performance: 0.047 ms

[testing] Running with BF16, without top-k (async=False, previous=False) ... passed
[testing] Running with BF16, with top-k (async=False, previous=False) ... passed
[testing] Running with BF16, without top-k (async=False, previous=False) ... passed
[testing] Running with BF16, with top-k (async=False, previous=False) ... passed
[testing] Running with FP8, without top-k (async=False, previous=False) ... passed
[testing] Running with FP8, with top-k (async=False, previous=False) ... passed
[testing] Running with BF16, without top-k (async=True, previous=False) ... passed
[testing] Running with BF16, with top-k (async=True, previous=False) ... passed
[testing] Running with BF16, without top-k (async=True, previous=False) ... passed
[testing] Running with BF16, with top-k (async=True, previous=False) ... passed
[testing] Running with FP8, without top-k (async=True, previous=False) ... passed
[testing] Running with FP8, with top-k (async=True, previous=False) ... passed
[testing] Running with BF16, without top-k (async=False, previous=True) ... passed
[testing] Running with BF16, with top-k (async=False, previous=True) ... passed
[testing] Running with BF16, without top-k (async=False, previous=True) ... passed
[testing] Running with BF16, with top-k (async=False, previous=True) ... passed
[testing] Running with FP8, without top-k (async=False, previous=True) ... passed
[testing] Running with FP8, with top-k (async=False, previous=True) ... passed
[testing] Running with BF16, without top-k (async=True, previous=True) ... passed
[testing] Running with BF16, with top-k (async=True, previous=True) ... passed
[testing] Running with BF16, without top-k (async=True, previous=True) ... passed
[testing] Running with BF16, with top-k (async=True, previous=True) ... passed
[testing] Running with FP8, without top-k (async=True, previous=True) ... passed
[testing] Running with FP8, with top-k (async=True, previous=True) ... passed

[tuning] SMs 48, NVL chunk default: 261.74 GB/s (NVL), avg_t: 341.16 us
[tuning] SMs 48, NVL chunk 1: 60.58 GB/s (NVL), avg_t: 1473.96 us
[tuning] SMs 48, NVL chunk 2: 107.77 GB/s (NVL), avg_t: 828.57 us
[tuning] SMs 48, NVL chunk 3: 155.12 GB/s (NVL), avg_t: 575.68 us
[tuning] SMs 48, NVL chunk 4: 193.07 GB/s (NVL), avg_t: 462.51 us
[tuning] SMs 48, NVL chunk 5: 230.32 GB/s (NVL), avg_t: 387.71 us
[tuning] SMs 48, NVL chunk 6: 261.60 GB/s (NVL), avg_t: 341.34 us
[tuning] SMs 48, NVL chunk 7: 259.06 GB/s (NVL), avg_t: 344.70 us
[tuning] SMs 48, NVL chunk 8: 263.76 GB/s (NVL), avg_t: 338.55 us
[tuning] SMs 48, NVL chunk 9: 277.29 GB/s (NVL), avg_t: 322.04 us
[tuning] SMs 48, NVL chunk 10: 299.41 GB/s (NVL), avg_t: 298.25 us
[tuning] SMs 48, NVL chunk 11: 321.74 GB/s (NVL), avg_t: 277.54 us
[tuning] SMs 48, NVL chunk 12: 341.35 GB/s (NVL), avg_t: 261.60 us
[tuning] SMs 48, NVL chunk 13: 356.36 GB/s (NVL), avg_t: 250.58 us
[tuning] SMs 48, NVL chunk 14: 373.14 GB/s (NVL), avg_t: 239.31 us
[tuning] SMs 48, NVL chunk 15: 384.57 GB/s (NVL), avg_t: 232.20 us
[tuning] SMs 48, NVL chunk 16: 387.63 GB/s (NVL), avg_t: 230.36 us
[tuning] SMs 48, NVL chunk 17: 386.44 GB/s (NVL), avg_t: 231.08 us
[tuning] SMs 48, NVL chunk 18: 389.25 GB/s (NVL), avg_t: 229.41 us
[tuning] SMs 48, NVL chunk 19: 394.22 GB/s (NVL), avg_t: 226.51 us
[tuning] SMs 48, NVL chunk 20: 403.28 GB/s (NVL), avg_t: 221.43 us
[tuning] SMs 48, NVL chunk 21: 412.17 GB/s (NVL), avg_t: 216.65 us
[tuning] SMs 48, NVL chunk 22: 418.36 GB/s (NVL), avg_t: 213.45 us
[tuning] SMs 48, NVL chunk 23: 422.07 GB/s (NVL), avg_t: 211.57 us
[tuning] SMs 48, NVL chunk 24: 430.07 GB/s (NVL), avg_t: 207.63 us
[tuning] SMs 48, NVL chunk 25: 428.76 GB/s (NVL), avg_t: 208.27 us
[tuning] SMs 48, NVL chunk 26: 434.18 GB/s (NVL), avg_t: 205.67 us
[tuning] SMs 48, NVL chunk 27: 438.11 GB/s (NVL), avg_t: 203.82 us
[tuning] SMs 48, NVL chunk 28: 436.72 GB/s (NVL), avg_t: 204.47 us
[tuning] SMs 48, NVL chunk 29: 437.11 GB/s (NVL), avg_t: 204.29 us
[tuning] SMs 48, NVL chunk 30: 441.66 GB/s (NVL), avg_t: 202.18 us
[tuning] SMs 48, NVL chunk 31: 443.12 GB/s (NVL), avg_t: 201.52 us
[tuning] SMs 48, NVL chunk 32: 446.37 GB/s (NVL), avg_t: 200.05 us
[tuning] SMs 48, NVL chunk 33: 449.13 GB/s (NVL), avg_t: 198.82 us
[tuning] SMs 48, NVL chunk 34: 447.66 GB/s (NVL), avg_t: 199.47 us
[tuning] SMs 48, NVL chunk 35: 447.07 GB/s (NVL), avg_t: 199.74 us
[tuning] SMs 48, NVL chunk 36: 446.53 GB/s (NVL), avg_t: 199.98 us
[tuning] SMs 48, NVL chunk 37: 443.32 GB/s (NVL), avg_t: 201.43 us
[tuning] SMs 48, NVL chunk 38: 441.04 GB/s (NVL), avg_t: 202.47 us
[tuning] SMs 48, NVL chunk 39: 443.32 GB/s (NVL), avg_t: 201.43 us
[tuning] SMs 48, NVL chunk 40: 446.41 GB/s (NVL), avg_t: 200.03 us
[tuning] SMs 48, NVL chunk 41: 444.14 GB/s (NVL), avg_t: 201.06 us
[tuning] SMs 48, NVL chunk 42: 448.27 GB/s (NVL), avg_t: 199.20 us
[tuning] SMs 48, NVL chunk 43: 453.83 GB/s (NVL), avg_t: 196.76 us
[tuning] SMs 48, NVL chunk 44: 453.42 GB/s (NVL), avg_t: 196.94 us
[tuning] SMs 48, NVL chunk 45: 455.71 GB/s (NVL), avg_t: 195.95 us
[tuning] SMs 48, NVL chunk 46: 451.86 GB/s (NVL), avg_t: 197.62 us
[tuning] SMs 48, NVL chunk 47: 447.20 GB/s (NVL), avg_t: 199.68 us
[tuning] SMs 48, NVL chunk 48: 446.20 GB/s (NVL), avg_t: 200.13 us
[tuning] SMs 48, NVL chunk 49: 443.24 GB/s (NVL), avg_t: 201.47 us
[tuning] SMs 48, NVL chunk 50: 438.50 GB/s (NVL), avg_t: 203.64 us
[tuning] SMs 48, NVL chunk 51: 436.65 GB/s (NVL), avg_t: 204.50 us
[tuning] SMs 48, NVL chunk 52: 433.98 GB/s (NVL), avg_t: 205.76 us
[tuning] SMs 48, NVL chunk 53: 431.17 GB/s (NVL), avg_t: 207.10 us
[tuning] SMs 48, NVL chunk 54: 431.94 GB/s (NVL), avg_t: 206.73 us
[tuning] SMs 48, NVL chunk 55: 426.71 GB/s (NVL), avg_t: 209.27 us
[tuning] SMs 48, NVL chunk 56: 426.21 GB/s (NVL), avg_t: 209.51 us
[tuning] SMs 48, NVL chunk 57: 424.64 GB/s (NVL), avg_t: 210.29 us
[tuning] SMs 48, NVL chunk 58: 426.20 GB/s (NVL), avg_t: 209.52 us
[tuning] SMs 48, NVL chunk 59: 422.92 GB/s (NVL), avg_t: 211.14 us
[tuning] SMs 48, NVL chunk 60: 426.74 GB/s (NVL), avg_t: 209.25 us
[tuning] SMs 48, NVL chunk 61: 424.48 GB/s (NVL), avg_t: 210.37 us
[tuning] SMs 48, NVL chunk 62: 426.94 GB/s (NVL), avg_t: 209.16 us
[tuning] SMs 48, NVL chunk 63: 426.23 GB/s (NVL), avg_t: 209.50 us
[tuning] SMs 48, NVL chunk 64: 428.44 GB/s (NVL), avg_t: 208.42 us
[tuning] Best dispatch (BF16): SMs 48, NVL chunk 45, 455.71 GB/s (NVL), t: 195.95 us

[tuning] SMs 48, NVL chunk default: 191.82 GB/s (NVL), avg_t: 465.51 us
[tuning] SMs 48, NVL chunk 1: 61.30 GB/s (NVL), avg_t: 1456.82 us
[tuning] SMs 48, NVL chunk 2: 109.79 GB/s (NVL), avg_t: 813.36 us
[tuning] SMs 48, NVL chunk 3: 154.75 GB/s (NVL), avg_t: 577.04 us
[tuning] SMs 48, NVL chunk 4: 191.65 GB/s (NVL), avg_t: 465.93 us
[tuning] SMs 48, NVL chunk 5: 228.36 GB/s (NVL), avg_t: 391.03 us
[tuning] SMs 48, NVL chunk 6: 262.65 GB/s (NVL), avg_t: 339.98 us
[tuning] SMs 48, NVL chunk 7: 274.83 GB/s (NVL), avg_t: 324.92 us
[tuning] SMs 48, NVL chunk 8: 301.44 GB/s (NVL), avg_t: 296.24 us
[tuning] SMs 48, NVL chunk 9: 326.64 GB/s (NVL), avg_t: 273.38 us
[tuning] SMs 48, NVL chunk 10: 296.34 GB/s (NVL), avg_t: 301.34 us
[tuning] SMs 48, NVL chunk 11: 316.40 GB/s (NVL), avg_t: 282.23 us
[tuning] SMs 48, NVL chunk 12: 333.49 GB/s (NVL), avg_t: 267.76 us
[tuning] SMs 48, NVL chunk 13: 348.11 GB/s (NVL), avg_t: 256.52 us
[tuning] SMs 48, NVL chunk 14: 364.72 GB/s (NVL), avg_t: 244.84 us
[tuning] SMs 48, NVL chunk 15: 378.85 GB/s (NVL), avg_t: 235.70 us
[tuning] SMs 48, NVL chunk 16: 385.73 GB/s (NVL), avg_t: 231.50 us
[tuning] SMs 48, NVL chunk 17: 397.00 GB/s (NVL), avg_t: 224.93 us
[tuning] SMs 48, NVL chunk 18: 402.46 GB/s (NVL), avg_t: 221.88 us
[tuning] SMs 48, NVL chunk 19: 409.00 GB/s (NVL), avg_t: 218.33 us
[tuning] SMs 48, NVL chunk 20: 411.79 GB/s (NVL), avg_t: 216.85 us
[tuning] SMs 48, NVL chunk 21: 415.25 GB/s (NVL), avg_t: 215.05 us
[tuning] SMs 48, NVL chunk 22: 406.24 GB/s (NVL), avg_t: 219.82 us
[tuning] SMs 48, NVL chunk 23: 414.29 GB/s (NVL), avg_t: 215.54 us
[tuning] SMs 48, NVL chunk 24: 416.37 GB/s (NVL), avg_t: 214.47 us
[tuning] SMs 48, NVL chunk 25: 413.06 GB/s (NVL), avg_t: 216.19 us
[tuning] SMs 48, NVL chunk 26: 418.67 GB/s (NVL), avg_t: 213.29 us
[tuning] SMs 48, NVL chunk 27: 416.63 GB/s (NVL), avg_t: 214.33 us
[tuning] SMs 48, NVL chunk 28: 415.59 GB/s (NVL), avg_t: 214.87 us
[tuning] SMs 48, NVL chunk 29: 415.79 GB/s (NVL), avg_t: 214.77 us
[tuning] SMs 48, NVL chunk 30: 417.43 GB/s (NVL), avg_t: 213.92 us
[tuning] SMs 48, NVL chunk 31: 415.68 GB/s (NVL), avg_t: 214.82 us
[tuning] SMs 48, NVL chunk 32: 416.28 GB/s (NVL), avg_t: 214.51 us
[tuning] SMs 48, NVL chunk 33: 411.02 GB/s (NVL), avg_t: 217.26 us
[tuning] SMs 48, NVL chunk 34: 409.33 GB/s (NVL), avg_t: 218.16 us
[tuning] SMs 48, NVL chunk 35: 407.24 GB/s (NVL), avg_t: 219.27 us
[tuning] SMs 48, NVL chunk 36: 407.04 GB/s (NVL), avg_t: 219.38 us
[tuning] SMs 48, NVL chunk 37: 400.05 GB/s (NVL), avg_t: 223.21 us
[tuning] SMs 48, NVL chunk 38: 403.62 GB/s (NVL), avg_t: 221.24 us
[tuning] SMs 48, NVL chunk 39: 399.15 GB/s (NVL), avg_t: 223.72 us
[tuning] SMs 48, NVL chunk 40: 397.00 GB/s (NVL), avg_t: 224.93 us
[tuning] SMs 48, NVL chunk 41: 397.15 GB/s (NVL), avg_t: 224.84 us
[tuning] SMs 48, NVL chunk 42: 393.29 GB/s (NVL), avg_t: 227.05 us
[tuning] SMs 48, NVL chunk 43: 393.06 GB/s (NVL), avg_t: 227.18 us
[tuning] SMs 48, NVL chunk 44: 393.72 GB/s (NVL), avg_t: 226.80 us
[tuning] SMs 48, NVL chunk 45: 389.35 GB/s (NVL), avg_t: 229.35 us
[tuning] SMs 48, NVL chunk 46: 392.69 GB/s (NVL), avg_t: 227.40 us
[tuning] SMs 48, NVL chunk 47: 388.71 GB/s (NVL), avg_t: 229.73 us
[tuning] SMs 48, NVL chunk 48: 387.78 GB/s (NVL), avg_t: 230.28 us
[tuning] SMs 48, NVL chunk 49: 389.98 GB/s (NVL), avg_t: 228.98 us
[tuning] SMs 48, NVL chunk 50: 385.12 GB/s (NVL), avg_t: 231.87 us
[tuning] SMs 48, NVL chunk 51: 382.29 GB/s (NVL), avg_t: 233.58 us
[tuning] SMs 48, NVL chunk 52: 381.20 GB/s (NVL), avg_t: 234.25 us
[tuning] SMs 48, NVL chunk 53: 375.46 GB/s (NVL), avg_t: 237.83 us
[tuning] SMs 48, NVL chunk 54: 373.94 GB/s (NVL), avg_t: 238.80 us
[tuning] SMs 48, NVL chunk 55: 371.87 GB/s (NVL), avg_t: 240.13 us
[tuning] SMs 48, NVL chunk 56: 370.84 GB/s (NVL), avg_t: 240.80 us
[tuning] SMs 48, NVL chunk 57: 370.87 GB/s (NVL), avg_t: 240.78 us
[tuning] SMs 48, NVL chunk 58: 369.56 GB/s (NVL), avg_t: 241.63 us
[tuning] SMs 48, NVL chunk 59: 367.61 GB/s (NVL), avg_t: 242.91 us
[tuning] SMs 48, NVL chunk 60: 365.99 GB/s (NVL), avg_t: 243.99 us
[tuning] SMs 48, NVL chunk 61: 366.73 GB/s (NVL), avg_t: 243.49 us
[tuning] SMs 48, NVL chunk 62: 363.74 GB/s (NVL), avg_t: 245.49 us
[tuning] SMs 48, NVL chunk 63: 362.24 GB/s (NVL), avg_t: 246.51 us
[tuning] SMs 48, NVL chunk 64: 363.87 GB/s (NVL), avg_t: 245.41 us
[tuning] Best combine: SMs 48, NVL chunk 26: 418.67 GB/s (NVL), t: 213.29 us


[config] num_tokens=4096, hidden=2048, num_topk=8
[layout] Kernel performance: 0.047 ms

[testing] Running with BF16, without top-k (async=False, previous=False) ... passed
[testing] Running with BF16, with top-k (async=False, previous=False) ... passed
[testing] Running with BF16, without top-k (async=False, previous=False) ... passed
[testing] Running with BF16, with top-k (async=False, previous=False) ... passed
[testing] Running with FP8, without top-k (async=False, previous=False) ... passed
[testing] Running with FP8, with top-k (async=False, previous=False) ... passed
[testing] Running with BF16, without top-k (async=True, previous=False) ... passed
[testing] Running with BF16, with top-k (async=True, previous=False) ... passed
[testing] Running with BF16, without top-k (async=True, previous=False) ... passed
[testing] Running with BF16, with top-k (async=True, previous=False) ... passed
[testing] Running with FP8, without top-k (async=True, previous=False) ... passed
[testing] Running with FP8, with top-k (async=True, previous=False) ... passed
[testing] Running with BF16, without top-k (async=False, previous=True) ... passed
[testing] Running with BF16, with top-k (async=False, previous=True) ... passed
[testing] Running with BF16, without top-k (async=False, previous=True) ... passed
[testing] Running with BF16, with top-k (async=False, previous=True) ... passed
[testing] Running with FP8, without top-k (async=False, previous=True) ... passed
[testing] Running with FP8, with top-k (async=False, previous=True) ... passed
[testing] Running with BF16, without top-k (async=True, previous=True) ... passed
[testing] Running with BF16, with top-k (async=True, previous=True) ... passed
[testing] Running with BF16, without top-k (async=True, previous=True) ... passed
[testing] Running with BF16, with top-k (async=True, previous=True) ... passed
[testing] Running with FP8, without top-k (async=True, previous=True) ... passed
[testing] Running with FP8, with top-k (async=True, previous=True) ... passed

[tuning] SMs 50, NVL chunk default: 269.65 GB/s (NVL), avg_t: 334.24 us
[tuning] SMs 50, NVL chunk 1: 62.95 GB/s (NVL), avg_t: 1431.65 us
[tuning] SMs 50, NVL chunk 2: 110.69 GB/s (NVL), avg_t: 814.27 us
[tuning] SMs 50, NVL chunk 3: 160.38 GB/s (NVL), avg_t: 561.97 us
[tuning] SMs 50, NVL chunk 4: 197.90 GB/s (NVL), avg_t: 455.42 us
[tuning] SMs 50, NVL chunk 5: 236.92 GB/s (NVL), avg_t: 380.42 us
[tuning] SMs 50, NVL chunk 6: 269.51 GB/s (NVL), avg_t: 334.41 us
[tuning] SMs 50, NVL chunk 7: 268.98 GB/s (NVL), avg_t: 335.08 us
[tuning] SMs 50, NVL chunk 8: 272.50 GB/s (NVL), avg_t: 330.75 us
[tuning] SMs 50, NVL chunk 9: 288.32 GB/s (NVL), avg_t: 312.60 us
[tuning] SMs 50, NVL chunk 10: 310.96 GB/s (NVL), avg_t: 289.84 us
[tuning] SMs 50, NVL chunk 11: 333.00 GB/s (NVL), avg_t: 270.66 us
[tuning] SMs 50, NVL chunk 12: 355.07 GB/s (NVL), avg_t: 253.83 us
[tuning] SMs 50, NVL chunk 13: 371.38 GB/s (NVL), avg_t: 242.69 us
[tuning] SMs 50, NVL chunk 14: 381.22 GB/s (NVL), avg_t: 236.42 us
[tuning] SMs 50, NVL chunk 15: 399.48 GB/s (NVL), avg_t: 225.61 us
[tuning] SMs 50, NVL chunk 16: 401.32 GB/s (NVL), avg_t: 224.58 us
[tuning] SMs 50, NVL chunk 17: 401.18 GB/s (NVL), avg_t: 224.66 us
[tuning] SMs 50, NVL chunk 18: 402.97 GB/s (NVL), avg_t: 223.66 us
[tuning] SMs 50, NVL chunk 19: 409.86 GB/s (NVL), avg_t: 219.90 us
[tuning] SMs 50, NVL chunk 20: 417.97 GB/s (NVL), avg_t: 215.63 us
[tuning] SMs 50, NVL chunk 21: 428.76 GB/s (NVL), avg_t: 210.21 us
[tuning] SMs 50, NVL chunk 22: 431.49 GB/s (NVL), avg_t: 208.88 us
[tuning] SMs 50, NVL chunk 23: 436.42 GB/s (NVL), avg_t: 206.52 us
[tuning] SMs 50, NVL chunk 24: 442.60 GB/s (NVL), avg_t: 203.63 us
[tuning] SMs 50, NVL chunk 25: 445.32 GB/s (NVL), avg_t: 202.39 us
[tuning] SMs 50, NVL chunk 26: 444.34 GB/s (NVL), avg_t: 202.84 us
[tuning] SMs 50, NVL chunk 27: 448.13 GB/s (NVL), avg_t: 201.12 us
[tuning] SMs 50, NVL chunk 28: 447.14 GB/s (NVL), avg_t: 201.57 us
[tuning] SMs 50, NVL chunk 29: 449.46 GB/s (NVL), avg_t: 200.53 us
[tuning] SMs 50, NVL chunk 30: 455.99 GB/s (NVL), avg_t: 197.65 us
[tuning] SMs 50, NVL chunk 31: 455.66 GB/s (NVL), avg_t: 197.80 us
[tuning] SMs 50, NVL chunk 32: 459.04 GB/s (NVL), avg_t: 196.34 us
[tuning] SMs 50, NVL chunk 33: 459.83 GB/s (NVL), avg_t: 196.00 us
[tuning] SMs 50, NVL chunk 34: 453.80 GB/s (NVL), avg_t: 198.61 us
[tuning] SMs 50, NVL chunk 35: 452.78 GB/s (NVL), avg_t: 199.06 us
[tuning] SMs 50, NVL chunk 36: 452.09 GB/s (NVL), avg_t: 199.36 us
[tuning] SMs 50, NVL chunk 37: 450.05 GB/s (NVL), avg_t: 200.26 us
[tuning] SMs 50, NVL chunk 38: 448.94 GB/s (NVL), avg_t: 200.76 us
[tuning] SMs 50, NVL chunk 39: 457.39 GB/s (NVL), avg_t: 197.05 us
[tuning] SMs 50, NVL chunk 40: 459.26 GB/s (NVL), avg_t: 196.25 us
[tuning] SMs 50, NVL chunk 41: 461.21 GB/s (NVL), avg_t: 195.42 us
[tuning] SMs 50, NVL chunk 42: 466.45 GB/s (NVL), avg_t: 193.22 us
[tuning] SMs 50, NVL chunk 43: 463.51 GB/s (NVL), avg_t: 194.45 us
[tuning] SMs 50, NVL chunk 44: 461.02 GB/s (NVL), avg_t: 195.50 us
[tuning] SMs 50, NVL chunk 45: 458.78 GB/s (NVL), avg_t: 196.45 us
[tuning] SMs 50, NVL chunk 46: 453.76 GB/s (NVL), avg_t: 198.63 us
[tuning] SMs 50, NVL chunk 47: 448.16 GB/s (NVL), avg_t: 201.11 us
[tuning] SMs 50, NVL chunk 48: 447.88 GB/s (NVL), avg_t: 201.23 us
[tuning] SMs 50, NVL chunk 49: 445.42 GB/s (NVL), avg_t: 202.35 us
[tuning] SMs 50, NVL chunk 50: 442.23 GB/s (NVL), avg_t: 203.81 us
[tuning] SMs 50, NVL chunk 51: 440.36 GB/s (NVL), avg_t: 204.67 us
[tuning] SMs 50, NVL chunk 52: 437.03 GB/s (NVL), avg_t: 206.23 us
[tuning] SMs 50, NVL chunk 53: 434.73 GB/s (NVL), avg_t: 207.32 us
[tuning] SMs 50, NVL chunk 54: 433.72 GB/s (NVL), avg_t: 207.80 us
[tuning] SMs 50, NVL chunk 55: 432.40 GB/s (NVL), avg_t: 208.44 us
[tuning] SMs 50, NVL chunk 56: 429.18 GB/s (NVL), avg_t: 210.00 us
[tuning] SMs 50, NVL chunk 57: 432.20 GB/s (NVL), avg_t: 208.53 us
[tuning] SMs 50, NVL chunk 58: 431.63 GB/s (NVL), avg_t: 208.81 us
[tuning] SMs 50, NVL chunk 59: 436.28 GB/s (NVL), avg_t: 206.58 us
[tuning] SMs 50, NVL chunk 60: 437.52 GB/s (NVL), avg_t: 206.00 us
[tuning] SMs 50, NVL chunk 61: 440.91 GB/s (NVL), avg_t: 204.42 us
[tuning] SMs 50, NVL chunk 62: 440.61 GB/s (NVL), avg_t: 204.55 us
[tuning] SMs 50, NVL chunk 63: 440.09 GB/s (NVL), avg_t: 204.80 us
[tuning] SMs 50, NVL chunk 64: 441.61 GB/s (NVL), avg_t: 204.09 us
[tuning] Best dispatch (BF16): SMs 50, NVL chunk 42, 466.45 GB/s (NVL), t: 193.22 us

[tuning] SMs 50, NVL chunk default: 197.67 GB/s (NVL), avg_t: 455.95 us
[tuning] SMs 50, NVL chunk 1: 63.70 GB/s (NVL), avg_t: 1414.93 us
[tuning] SMs 50, NVL chunk 2: 113.43 GB/s (NVL), avg_t: 794.60 us
[tuning] SMs 50, NVL chunk 3: 161.96 GB/s (NVL), avg_t: 556.50 us
[tuning] SMs 50, NVL chunk 4: 197.49 GB/s (NVL), avg_t: 456.36 us
[tuning] SMs 50, NVL chunk 5: 234.56 GB/s (NVL), avg_t: 384.25 us
[tuning] SMs 50, NVL chunk 6: 272.80 GB/s (NVL), avg_t: 330.38 us
[tuning] SMs 50, NVL chunk 7: 282.66 GB/s (NVL), avg_t: 318.86 us
[tuning] SMs 50, NVL chunk 8: 310.57 GB/s (NVL), avg_t: 290.20 us
[tuning] SMs 50, NVL chunk 9: 331.36 GB/s (NVL), avg_t: 271.99 us
[tuning] SMs 50, NVL chunk 10: 304.96 GB/s (NVL), avg_t: 295.54 us
[tuning] SMs 50, NVL chunk 11: 323.60 GB/s (NVL), avg_t: 278.52 us
[tuning] SMs 50, NVL chunk 12: 342.63 GB/s (NVL), avg_t: 263.05 us
[tuning] SMs 50, NVL chunk 13: 354.88 GB/s (NVL), avg_t: 253.97 us
[tuning] SMs 50, NVL chunk 14: 369.13 GB/s (NVL), avg_t: 244.16 us
[tuning] SMs 50, NVL chunk 15: 381.88 GB/s (NVL), avg_t: 236.01 us
[tuning] SMs 50, NVL chunk 16: 387.72 GB/s (NVL), avg_t: 232.46 us
[tuning] SMs 50, NVL chunk 17: 397.78 GB/s (NVL), avg_t: 226.58 us
[tuning] SMs 50, NVL chunk 18: 404.84 GB/s (NVL), avg_t: 222.63 us
[tuning] SMs 50, NVL chunk 19: 408.19 GB/s (NVL), avg_t: 220.80 us
[tuning] SMs 50, NVL chunk 20: 413.50 GB/s (NVL), avg_t: 217.97 us
[tuning] SMs 50, NVL chunk 21: 416.27 GB/s (NVL), avg_t: 216.51 us
[tuning] SMs 50, NVL chunk 22: 406.18 GB/s (NVL), avg_t: 221.89 us
[tuning] SMs 50, NVL chunk 23: 411.17 GB/s (NVL), avg_t: 219.20 us
[tuning] SMs 50, NVL chunk 24: 413.46 GB/s (NVL), avg_t: 217.99 us
[tuning] SMs 50, NVL chunk 25: 411.71 GB/s (NVL), avg_t: 218.91 us
[tuning] SMs 50, NVL chunk 26: 411.54 GB/s (NVL), avg_t: 219.01 us
[tuning] SMs 50, NVL chunk 27: 405.91 GB/s (NVL), avg_t: 222.04 us
[tuning] SMs 50, NVL chunk 28: 408.63 GB/s (NVL), avg_t: 220.56 us
[tuning] SMs 50, NVL chunk 29: 407.24 GB/s (NVL), avg_t: 221.32 us
[tuning] SMs 50, NVL chunk 30: 402.42 GB/s (NVL), avg_t: 223.97 us
[tuning] SMs 50, NVL chunk 31: 400.85 GB/s (NVL), avg_t: 224.84 us
[tuning] SMs 50, NVL chunk 32: 398.24 GB/s (NVL), avg_t: 226.32 us
[tuning] SMs 50, NVL chunk 33: 397.88 GB/s (NVL), avg_t: 226.52 us
[tuning] SMs 50, NVL chunk 34: 395.44 GB/s (NVL), avg_t: 227.92 us
[tuning] SMs 50, NVL chunk 35: 395.17 GB/s (NVL), avg_t: 228.07 us
[tuning] SMs 50, NVL chunk 36: 394.55 GB/s (NVL), avg_t: 228.43 us
[tuning] SMs 50, NVL chunk 37: 387.31 GB/s (NVL), avg_t: 232.70 us
[tuning] SMs 50, NVL chunk 38: 386.89 GB/s (NVL), avg_t: 232.95 us
[tuning] SMs 50, NVL chunk 39: 386.64 GB/s (NVL), avg_t: 233.11 us
[tuning] SMs 50, NVL chunk 40: 385.66 GB/s (NVL), avg_t: 233.70 us
[tuning] SMs 50, NVL chunk 41: 383.42 GB/s (NVL), avg_t: 235.06 us
[tuning] SMs 50, NVL chunk 42: 383.29 GB/s (NVL), avg_t: 235.14 us
[tuning] SMs 50, NVL chunk 43: 384.11 GB/s (NVL), avg_t: 234.64 us
[tuning] SMs 50, NVL chunk 44: 381.01 GB/s (NVL), avg_t: 236.55 us
[tuning] SMs 50, NVL chunk 45: 376.90 GB/s (NVL), avg_t: 239.13 us
[tuning] SMs 50, NVL chunk 46: 377.86 GB/s (NVL), avg_t: 238.52 us
[tuning] SMs 50, NVL chunk 47: 375.04 GB/s (NVL), avg_t: 240.32 us
[tuning] SMs 50, NVL chunk 48: 370.45 GB/s (NVL), avg_t: 243.30 us
[tuning] SMs 50, NVL chunk 49: 371.57 GB/s (NVL), avg_t: 242.56 us
[tuning] SMs 50, NVL chunk 50: 368.50 GB/s (NVL), avg_t: 244.58 us
[tuning] SMs 50, NVL chunk 51: 362.54 GB/s (NVL), avg_t: 248.60 us
[tuning] SMs 50, NVL chunk 52: 365.30 GB/s (NVL), avg_t: 246.73 us
[tuning] SMs 50, NVL chunk 53: 363.96 GB/s (NVL), avg_t: 247.63 us
[tuning] SMs 50, NVL chunk 54: 358.64 GB/s (NVL), avg_t: 251.31 us
[tuning] SMs 50, NVL chunk 55: 358.56 GB/s (NVL), avg_t: 251.36 us
[tuning] SMs 50, NVL chunk 56: 358.27 GB/s (NVL), avg_t: 251.56 us
[tuning] SMs 50, NVL chunk 57: 354.88 GB/s (NVL), avg_t: 253.97 us
[tuning] SMs 50, NVL chunk 58: 355.27 GB/s (NVL), avg_t: 253.69 us
[tuning] SMs 50, NVL chunk 59: 357.27 GB/s (NVL), avg_t: 252.27 us
[tuning] SMs 50, NVL chunk 60: 353.93 GB/s (NVL), avg_t: 254.65 us
[tuning] SMs 50, NVL chunk 61: 352.75 GB/s (NVL), avg_t: 255.50 us
[tuning] SMs 50, NVL chunk 62: 355.73 GB/s (NVL), avg_t: 253.36 us
[tuning] SMs 50, NVL chunk 63: 351.52 GB/s (NVL), avg_t: 256.39 us
[tuning] SMs 50, NVL chunk 64: 353.90 GB/s (NVL), avg_t: 254.67 us
[tuning] Best combine: SMs 50, NVL chunk 21: 416.27 GB/s (NVL), t: 216.51 us


[config] num_tokens=4096, hidden=2048, num_topk=8
[layout] Kernel performance: 0.049 ms

[testing] Running with BF16, without top-k (async=False, previous=False) ... passed
[testing] Running with BF16, with top-k (async=False, previous=False) ... passed
[testing] Running with BF16, without top-k (async=False, previous=False) ... passed
[testing] Running with BF16, with top-k (async=False, previous=False) ... passed
[testing] Running with FP8, without top-k (async=False, previous=False) ... passed
[testing] Running with FP8, with top-k (async=False, previous=False) ... passed
[testing] Running with BF16, without top-k (async=True, previous=False) ... passed
[testing] Running with BF16, with top-k (async=True, previous=False) ... passed
[testing] Running with BF16, without top-k (async=True, previous=False) ... passed
[testing] Running with BF16, with top-k (async=True, previous=False) ... passed
[testing] Running with FP8, without top-k (async=True, previous=False) ... passed
[testing] Running with FP8, with top-k (async=True, previous=False) ... passed
[testing] Running with BF16, without top-k (async=False, previous=True) ... passed
[testing] Running with BF16, with top-k (async=False, previous=True) ... passed
[testing] Running with BF16, without top-k (async=False, previous=True) ... passed
[testing] Running with BF16, with top-k (async=False, previous=True) ... passed
[testing] Running with FP8, without top-k (async=False, previous=True) ... passed
[testing] Running with FP8, with top-k (async=False, previous=True) ... passed
[testing] Running with BF16, without top-k (async=True, previous=True) ... passed
[testing] Running with BF16, with top-k (async=True, previous=True) ... passed
[testing] Running with BF16, without top-k (async=True, previous=True) ... passed
[testing] Running with BF16, with top-k (async=True, previous=True) ... passed
[testing] Running with FP8, without top-k (async=True, previous=True) ... passed
[testing] Running with FP8, with top-k (async=True, previous=True) ... passed

[tuning] SMs 52, NVL chunk default: 279.00 GB/s (NVL), avg_t: 321.50 us
[tuning] SMs 52, NVL chunk 1: 65.62 GB/s (NVL), avg_t: 1366.84 us
[tuning] SMs 52, NVL chunk 2: 115.84 GB/s (NVL), avg_t: 774.32 us
[tuning] SMs 52, NVL chunk 3: 167.48 GB/s (NVL), avg_t: 535.56 us
[tuning] SMs 52, NVL chunk 4: 207.16 GB/s (NVL), avg_t: 433.00 us
[tuning] SMs 52, NVL chunk 5: 247.80 GB/s (NVL), avg_t: 361.97 us
[tuning] SMs 52, NVL chunk 6: 278.81 GB/s (NVL), avg_t: 321.72 us
[tuning] SMs 52, NVL chunk 7: 279.42 GB/s (NVL), avg_t: 321.01 us
[tuning] SMs 52, NVL chunk 8: 284.00 GB/s (NVL), avg_t: 315.84 us
[tuning] SMs 52, NVL chunk 9: 299.74 GB/s (NVL), avg_t: 299.25 us
[tuning] SMs 52, NVL chunk 10: 319.45 GB/s (NVL), avg_t: 280.79 us
[tuning] SMs 52, NVL chunk 11: 344.26 GB/s (NVL), avg_t: 260.55 us
[tuning] SMs 52, NVL chunk 12: 363.21 GB/s (NVL), avg_t: 246.96 us
[tuning] SMs 52, NVL chunk 13: 380.27 GB/s (NVL), avg_t: 235.88 us
[tuning] SMs 52, NVL chunk 14: 392.07 GB/s (NVL), avg_t: 228.78 us
[tuning] SMs 52, NVL chunk 15: 407.30 GB/s (NVL), avg_t: 220.23 us
[tuning] SMs 52, NVL chunk 16: 408.95 GB/s (NVL), avg_t: 219.34 us
[tuning] SMs 52, NVL chunk 17: 412.00 GB/s (NVL), avg_t: 217.72 us
[tuning] SMs 52, NVL chunk 18: 414.05 GB/s (NVL), avg_t: 216.63 us
[tuning] SMs 52, NVL chunk 19: 416.58 GB/s (NVL), avg_t: 215.32 us
[tuning] SMs 52, NVL chunk 20: 424.76 GB/s (NVL), avg_t: 211.18 us
[tuning] SMs 52, NVL chunk 21: 435.38 GB/s (NVL), avg_t: 206.02 us
[tuning] SMs 52, NVL chunk 22: 438.07 GB/s (NVL), avg_t: 204.76 us
[tuning] SMs 52, NVL chunk 23: 442.56 GB/s (NVL), avg_t: 202.68 us
[tuning] SMs 52, NVL chunk 24: 447.34 GB/s (NVL), avg_t: 200.51 us
[tuning] SMs 52, NVL chunk 25: 449.84 GB/s (NVL), avg_t: 199.40 us
[tuning] SMs 52, NVL chunk 26: 449.51 GB/s (NVL), avg_t: 199.55 us
[tuning] SMs 52, NVL chunk 27: 452.23 GB/s (NVL), avg_t: 198.34 us
[tuning] SMs 52, NVL chunk 28: 450.94 GB/s (NVL), avg_t: 198.91 us
[tuning] SMs 52, NVL chunk 29: 458.03 GB/s (NVL), avg_t: 195.84 us
[tuning] SMs 52, NVL chunk 30: 462.04 GB/s (NVL), avg_t: 194.13 us
[tuning] SMs 52, NVL chunk 31: 457.59 GB/s (NVL), avg_t: 196.02 us
[tuning] SMs 52, NVL chunk 32: 458.48 GB/s (NVL), avg_t: 195.64 us
[tuning] SMs 52, NVL chunk 33: 457.69 GB/s (NVL), avg_t: 195.98 us
[tuning] SMs 52, NVL chunk 34: 453.66 GB/s (NVL), avg_t: 197.72 us
[tuning] SMs 52, NVL chunk 35: 452.45 GB/s (NVL), avg_t: 198.25 us
[tuning] SMs 52, NVL chunk 36: 453.60 GB/s (NVL), avg_t: 197.75 us
[tuning] SMs 52, NVL chunk 37: 453.02 GB/s (NVL), avg_t: 198.00 us
[tuning] SMs 52, NVL chunk 38: 459.37 GB/s (NVL), avg_t: 195.26 us
[tuning] SMs 52, NVL chunk 39: 465.21 GB/s (NVL), avg_t: 192.81 us
[tuning] SMs 52, NVL chunk 40: 465.14 GB/s (NVL), avg_t: 192.84 us
[tuning] SMs 52, NVL chunk 41: 465.62 GB/s (NVL), avg_t: 192.64 us
[tuning] SMs 52, NVL chunk 42: 465.26 GB/s (NVL), avg_t: 192.79 us
[tuning] SMs 52, NVL chunk 43: 459.02 GB/s (NVL), avg_t: 195.41 us
[tuning] SMs 52, NVL chunk 44: 455.48 GB/s (NVL), avg_t: 196.93 us
[tuning] SMs 52, NVL chunk 45: 452.32 GB/s (NVL), avg_t: 198.31 us
[tuning] SMs 52, NVL chunk 46: 448.85 GB/s (NVL), avg_t: 199.84 us
[tuning] SMs 52, NVL chunk 47: 447.85 GB/s (NVL), avg_t: 200.29 us
[tuning] SMs 52, NVL chunk 48: 444.64 GB/s (NVL), avg_t: 201.73 us
[tuning] SMs 52, NVL chunk 49: 442.04 GB/s (NVL), avg_t: 202.92 us
[tuning] SMs 52, NVL chunk 50: 440.11 GB/s (NVL), avg_t: 203.81 us
[tuning] SMs 52, NVL chunk 51: 440.11 GB/s (NVL), avg_t: 203.81 us
[tuning] SMs 52, NVL chunk 52: 433.56 GB/s (NVL), avg_t: 206.89 us
[tuning] SMs 52, NVL chunk 53: 434.06 GB/s (NVL), avg_t: 206.65 us
[tuning] SMs 52, NVL chunk 54: 432.61 GB/s (NVL), avg_t: 207.34 us
[tuning] SMs 52, NVL chunk 55: 434.15 GB/s (NVL), avg_t: 206.61 us
[tuning] SMs 52, NVL chunk 56: 434.95 GB/s (NVL), avg_t: 206.22 us
[tuning] SMs 52, NVL chunk 57: 438.09 GB/s (NVL), avg_t: 204.75 us
[tuning] SMs 52, NVL chunk 58: 440.52 GB/s (NVL), avg_t: 203.62 us
[tuning] SMs 52, NVL chunk 59: 442.88 GB/s (NVL), avg_t: 202.53 us
[tuning] SMs 52, NVL chunk 60: 443.07 GB/s (NVL), avg_t: 202.45 us
[tuning] SMs 52, NVL chunk 61: 442.74 GB/s (NVL), avg_t: 202.60 us
[tuning] SMs 52, NVL chunk 62: 444.64 GB/s (NVL), avg_t: 201.73 us
[tuning] SMs 52, NVL chunk 63: 437.97 GB/s (NVL), avg_t: 204.81 us
[tuning] SMs 52, NVL chunk 64: 439.20 GB/s (NVL), avg_t: 204.23 us
[tuning] Best dispatch (BF16): SMs 52, NVL chunk 41, 465.62 GB/s (NVL), t: 192.64 us

[tuning] SMs 52, NVL chunk default: 204.87 GB/s (NVL), avg_t: 437.83 us
[tuning] SMs 52, NVL chunk 1: 66.66 GB/s (NVL), avg_t: 1345.56 us
[tuning] SMs 52, NVL chunk 2: 118.22 GB/s (NVL), avg_t: 758.73 us
[tuning] SMs 52, NVL chunk 3: 167.25 GB/s (NVL), avg_t: 536.30 us
[tuning] SMs 52, NVL chunk 4: 205.30 GB/s (NVL), avg_t: 436.90 us
[tuning] SMs 52, NVL chunk 5: 244.12 GB/s (NVL), avg_t: 367.43 us
[tuning] SMs 52, NVL chunk 6: 280.41 GB/s (NVL), avg_t: 319.88 us
[tuning] SMs 52, NVL chunk 7: 291.91 GB/s (NVL), avg_t: 307.28 us
[tuning] SMs 52, NVL chunk 8: 318.85 GB/s (NVL), avg_t: 281.32 us
[tuning] SMs 52, NVL chunk 9: 340.59 GB/s (NVL), avg_t: 263.36 us
[tuning] SMs 52, NVL chunk 10: 311.34 GB/s (NVL), avg_t: 288.11 us
[tuning] SMs 52, NVL chunk 11: 332.73 GB/s (NVL), avg_t: 269.59 us
[tuning] SMs 52, NVL chunk 12: 352.09 GB/s (NVL), avg_t: 254.76 us
[tuning] SMs 52, NVL chunk 13: 364.76 GB/s (NVL), avg_t: 245.91 us
[tuning] SMs 52, NVL chunk 14: 380.28 GB/s (NVL), avg_t: 235.88 us
[tuning] SMs 52, NVL chunk 15: 396.99 GB/s (NVL), avg_t: 225.95 us
[tuning] SMs 52, NVL chunk 16: 399.12 GB/s (NVL), avg_t: 224.74 us
[tuning] SMs 52, NVL chunk 17: 407.84 GB/s (NVL), avg_t: 219.93 us
[tuning] SMs 52, NVL chunk 18: 416.85 GB/s (NVL), avg_t: 215.18 us
[tuning] SMs 52, NVL chunk 19: 416.10 GB/s (NVL), avg_t: 215.57 us
[tuning] SMs 52, NVL chunk 20: 422.97 GB/s (NVL), avg_t: 212.07 us
[tuning] SMs 52, NVL chunk 21: 427.44 GB/s (NVL), avg_t: 209.85 us
[tuning] SMs 52, NVL chunk 22: 417.56 GB/s (NVL), avg_t: 214.81 us
[tuning] SMs 52, NVL chunk 23: 426.63 GB/s (NVL), avg_t: 210.25 us
[tuning] SMs 52, NVL chunk 24: 424.56 GB/s (NVL), avg_t: 211.28 us
[tuning] SMs 52, NVL chunk 25: 422.71 GB/s (NVL), avg_t: 212.20 us
[tuning] SMs 52, NVL chunk 26: 421.80 GB/s (NVL), avg_t: 212.66 us
[tuning] SMs 52, NVL chunk 27: 421.56 GB/s (NVL), avg_t: 212.78 us
[tuning] SMs 52, NVL chunk 28: 421.87 GB/s (NVL), avg_t: 212.62 us
[tuning] SMs 52, NVL chunk 29: 425.39 GB/s (NVL), avg_t: 210.86 us
[tuning] SMs 52, NVL chunk 30: 418.87 GB/s (NVL), avg_t: 214.14 us
[tuning] SMs 52, NVL chunk 31: 416.79 GB/s (NVL), avg_t: 215.21 us
[tuning] SMs 52, NVL chunk 32: 416.07 GB/s (NVL), avg_t: 215.58 us
[tuning] SMs 52, NVL chunk 33: 409.94 GB/s (NVL), avg_t: 218.81 us
[tuning] SMs 52, NVL chunk 34: 411.10 GB/s (NVL), avg_t: 218.19 us
[tuning] SMs 52, NVL chunk 35: 413.64 GB/s (NVL), avg_t: 216.85 us
[tuning] SMs 52, NVL chunk 36: 404.70 GB/s (NVL), avg_t: 221.64 us
[tuning] SMs 52, NVL chunk 37: 415.80 GB/s (NVL), avg_t: 215.72 us
[tuning] SMs 52, NVL chunk 38: 410.85 GB/s (NVL), avg_t: 218.32 us
[tuning] SMs 52, NVL chunk 39: 405.96 GB/s (NVL), avg_t: 220.95 us
[tuning] SMs 52, NVL chunk 40: 406.15 GB/s (NVL), avg_t: 220.85 us
[tuning] SMs 52, NVL chunk 41: 401.75 GB/s (NVL), avg_t: 223.27 us
[tuning] SMs 52, NVL chunk 42: 398.27 GB/s (NVL), avg_t: 225.22 us
[tuning] SMs 52, NVL chunk 43: 399.89 GB/s (NVL), avg_t: 224.31 us
[tuning] SMs 52, NVL chunk 44: 396.75 GB/s (NVL), avg_t: 226.08 us
[tuning] SMs 52, NVL chunk 45: 390.97 GB/s (NVL), avg_t: 229.42 us
[tuning] SMs 52, NVL chunk 46: 392.30 GB/s (NVL), avg_t: 228.65 us
[tuning] SMs 52, NVL chunk 47: 390.66 GB/s (NVL), avg_t: 229.61 us
[tuning] SMs 52, NVL chunk 48: 384.71 GB/s (NVL), avg_t: 233.16 us
[tuning] SMs 52, NVL chunk 49: 387.74 GB/s (NVL), avg_t: 231.34 us
[tuning] SMs 52, NVL chunk 50: 386.21 GB/s (NVL), avg_t: 232.25 us
[tuning] SMs 52, NVL chunk 51: 382.71 GB/s (NVL), avg_t: 234.37 us
[tuning] SMs 52, NVL chunk 52: 383.43 GB/s (NVL), avg_t: 233.94 us
[tuning] SMs 52, NVL chunk 53: 386.04 GB/s (NVL), avg_t: 232.35 us
[tuning] SMs 52, NVL chunk 54: 381.88 GB/s (NVL), avg_t: 234.89 us
[tuning] SMs 52, NVL chunk 55: 382.24 GB/s (NVL), avg_t: 234.66 us
[tuning] SMs 52, NVL chunk 56: 381.28 GB/s (NVL), avg_t: 235.25 us
[tuning] SMs 52, NVL chunk 57: 379.76 GB/s (NVL), avg_t: 236.20 us
[tuning] SMs 52, NVL chunk 58: 378.95 GB/s (NVL), avg_t: 236.70 us
[tuning] SMs 52, NVL chunk 59: 379.03 GB/s (NVL), avg_t: 236.65 us
[tuning] SMs 52, NVL chunk 60: 377.81 GB/s (NVL), avg_t: 237.42 us
[tuning] SMs 52, NVL chunk 61: 376.55 GB/s (NVL), avg_t: 238.21 us
[tuning] SMs 52, NVL chunk 62: 377.09 GB/s (NVL), avg_t: 237.87 us
[tuning] SMs 52, NVL chunk 63: 377.24 GB/s (NVL), avg_t: 237.78 us
[tuning] SMs 52, NVL chunk 64: 376.51 GB/s (NVL), avg_t: 238.24 us
[tuning] Best combine: SMs 52, NVL chunk 21: 427.44 GB/s (NVL), t: 209.85 us


[config] num_tokens=4096, hidden=2048, num_topk=8
[layout] Kernel performance: 0.048 ms

[testing] Running with BF16, without top-k (async=False, previous=False) ... passed
[testing] Running with BF16, with top-k (async=False, previous=False) ... passed
[testing] Running with BF16, without top-k (async=False, previous=False) ... passed
[testing] Running with BF16, with top-k (async=False, previous=False) ... passed
[testing] Running with FP8, without top-k (async=False, previous=False) ... passed
[testing] Running with FP8, with top-k (async=False, previous=False) ... passed
[testing] Running with BF16, without top-k (async=True, previous=False) ... passed
[testing] Running with BF16, with top-k (async=True, previous=False) ... passed
[testing] Running with BF16, without top-k (async=True, previous=False) ... passed
[testing] Running with BF16, with top-k (async=True, previous=False) ... passed
[testing] Running with FP8, without top-k (async=True, previous=False) ... passed
[testing] Running with FP8, with top-k (async=True, previous=False) ... passed
[testing] Running with BF16, without top-k (async=False, previous=True) ... passed
[testing] Running with BF16, with top-k (async=False, previous=True) ... passed
[testing] Running with BF16, without top-k (async=False, previous=True) ... passed
[testing] Running with BF16, with top-k (async=False, previous=True) ... passed
[testing] Running with FP8, without top-k (async=False, previous=True) ... passed
[testing] Running with FP8, with top-k (async=False, previous=True) ... passed
[testing] Running with BF16, without top-k (async=True, previous=True) ... passed
[testing] Running with BF16, with top-k (async=True, previous=True) ... passed
[testing] Running with BF16, without top-k (async=True, previous=True) ... passed
[testing] Running with BF16, with top-k (async=True, previous=True) ... passed
[testing] Running with FP8, without top-k (async=True, previous=True) ... passed
[testing] Running with FP8, with top-k (async=True, previous=True) ... passed

[tuning] SMs 54, NVL chunk default: 286.46 GB/s (NVL), avg_t: 313.63 us
[tuning] SMs 54, NVL chunk 1: 67.36 GB/s (NVL), avg_t: 1333.81 us
[tuning] SMs 54, NVL chunk 2: 119.75 GB/s (NVL), avg_t: 750.25 us
[tuning] SMs 54, NVL chunk 3: 171.81 GB/s (NVL), avg_t: 522.90 us
[tuning] SMs 54, NVL chunk 4: 212.66 GB/s (NVL), avg_t: 422.47 us
[tuning] SMs 54, NVL chunk 5: 253.21 GB/s (NVL), avg_t: 354.82 us
[tuning] SMs 54, NVL chunk 6: 286.53 GB/s (NVL), avg_t: 313.55 us
[tuning] SMs 54, NVL chunk 7: 287.40 GB/s (NVL), avg_t: 312.60 us
[tuning] SMs 54, NVL chunk 8: 290.22 GB/s (NVL), avg_t: 309.56 us
[tuning] SMs 54, NVL chunk 9: 305.09 GB/s (NVL), avg_t: 294.48 us
[tuning] SMs 54, NVL chunk 10: 327.64 GB/s (NVL), avg_t: 274.20 us
[tuning] SMs 54, NVL chunk 11: 352.82 GB/s (NVL), avg_t: 254.64 us
[tuning] SMs 54, NVL chunk 12: 373.40 GB/s (NVL), avg_t: 240.60 us
[tuning] SMs 54, NVL chunk 13: 388.09 GB/s (NVL), avg_t: 231.50 us
[tuning] SMs 54, NVL chunk 14: 402.12 GB/s (NVL), avg_t: 223.42 us
[tuning] SMs 54, NVL chunk 15: 414.65 GB/s (NVL), avg_t: 216.67 us
[tuning] SMs 54, NVL chunk 16: 421.58 GB/s (NVL), avg_t: 213.11 us
[tuning] SMs 54, NVL chunk 17: 419.44 GB/s (NVL), avg_t: 214.19 us
[tuning] SMs 54, NVL chunk 18: 422.04 GB/s (NVL), avg_t: 212.88 us
[tuning] SMs 54, NVL chunk 19: 423.44 GB/s (NVL), avg_t: 212.17 us
[tuning] SMs 54, NVL chunk 20: 431.60 GB/s (NVL), avg_t: 208.16 us
[tuning] SMs 54, NVL chunk 21: 441.24 GB/s (NVL), avg_t: 203.61 us
[tuning] SMs 54, NVL chunk 22: 443.53 GB/s (NVL), avg_t: 202.56 us
[tuning] SMs 54, NVL chunk 23: 448.08 GB/s (NVL), avg_t: 200.50 us
[tuning] SMs 54, NVL chunk 24: 452.62 GB/s (NVL), avg_t: 198.49 us
[tuning] SMs 54, NVL chunk 25: 456.15 GB/s (NVL), avg_t: 196.96 us
[tuning] SMs 54, NVL chunk 26: 456.81 GB/s (NVL), avg_t: 196.67 us
[tuning] SMs 54, NVL chunk 27: 457.98 GB/s (NVL), avg_t: 196.17 us
[tuning] SMs 54, NVL chunk 28: 460.91 GB/s (NVL), avg_t: 194.92 us
[tuning] SMs 54, NVL chunk 29: 460.83 GB/s (NVL), avg_t: 194.96 us
[tuning] SMs 54, NVL chunk 30: 465.78 GB/s (NVL), avg_t: 192.89 us
[tuning] SMs 54, NVL chunk 31: 462.44 GB/s (NVL), avg_t: 194.28 us
[tuning] SMs 54, NVL chunk 32: 459.63 GB/s (NVL), avg_t: 195.46 us
[tuning] SMs 54, NVL chunk 33: 460.98 GB/s (NVL), avg_t: 194.89 us
[tuning] SMs 54, NVL chunk 34: 453.68 GB/s (NVL), avg_t: 198.03 us
[tuning] SMs 54, NVL chunk 35: 457.87 GB/s (NVL), avg_t: 196.22 us
[tuning] SMs 54, NVL chunk 36: 460.93 GB/s (NVL), avg_t: 194.92 us
[tuning] SMs 54, NVL chunk 37: 460.50 GB/s (NVL), avg_t: 195.09 us
[tuning] SMs 54, NVL chunk 38: 461.89 GB/s (NVL), avg_t: 194.51 us
[tuning] SMs 54, NVL chunk 39: 467.56 GB/s (NVL), avg_t: 192.15 us
[tuning] SMs 54, NVL chunk 40: 467.89 GB/s (NVL), avg_t: 192.01 us
[tuning] SMs 54, NVL chunk 41: 465.24 GB/s (NVL), avg_t: 193.11 us
[tuning] SMs 54, NVL chunk 42: 463.53 GB/s (NVL), avg_t: 193.82 us
[tuning] SMs 54, NVL chunk 43: 459.17 GB/s (NVL), avg_t: 195.66 us
[tuning] SMs 54, NVL chunk 44: 454.17 GB/s (NVL), avg_t: 197.81 us
[tuning] SMs 54, NVL chunk 45: 453.48 GB/s (NVL), avg_t: 198.12 us
[tuning] SMs 54, NVL chunk 46: 448.62 GB/s (NVL), avg_t: 200.26 us
[tuning] SMs 54, NVL chunk 47: 442.61 GB/s (NVL), avg_t: 202.98 us
[tuning] SMs 54, NVL chunk 48: 443.39 GB/s (NVL), avg_t: 202.63 us
[tuning] SMs 54, NVL chunk 49: 441.13 GB/s (NVL), avg_t: 203.66 us
[tuning] SMs 54, NVL chunk 50: 438.94 GB/s (NVL), avg_t: 204.68 us
[tuning] SMs 54, NVL chunk 51: 437.98 GB/s (NVL), avg_t: 205.13 us
[tuning] SMs 54, NVL chunk 52: 435.39 GB/s (NVL), avg_t: 206.35 us
[tuning] SMs 54, NVL chunk 53: 435.07 GB/s (NVL), avg_t: 206.50 us
[tuning] SMs 54, NVL chunk 54: 435.41 GB/s (NVL), avg_t: 206.34 us
[tuning] SMs 54, NVL chunk 55: 437.30 GB/s (NVL), avg_t: 205.45 us
[tuning] SMs 54, NVL chunk 56: 440.60 GB/s (NVL), avg_t: 203.91 us
[tuning] SMs 54, NVL chunk 57: 441.09 GB/s (NVL), avg_t: 203.68 us
[tuning] SMs 54, NVL chunk 58: 443.25 GB/s (NVL), avg_t: 202.69 us
[tuning] SMs 54, NVL chunk 59: 442.19 GB/s (NVL), avg_t: 203.18 us
[tuning] SMs 54, NVL chunk 60: 444.49 GB/s (NVL), avg_t: 202.12 us
[tuning] SMs 54, NVL chunk 61: 441.72 GB/s (NVL), avg_t: 203.39 us
[tuning] SMs 54, NVL chunk 62: 441.39 GB/s (NVL), avg_t: 203.54 us
[tuning] SMs 54, NVL chunk 63: 438.34 GB/s (NVL), avg_t: 204.96 us
[tuning] SMs 54, NVL chunk 64: 433.78 GB/s (NVL), avg_t: 207.11 us
[tuning] Best dispatch (BF16): SMs 54, NVL chunk 40, 467.89 GB/s (NVL), t: 192.01 us

[tuning] SMs 54, NVL chunk default: 211.53 GB/s (NVL), avg_t: 424.73 us
[tuning] SMs 54, NVL chunk 1: 68.16 GB/s (NVL), avg_t: 1318.14 us
[tuning] SMs 54, NVL chunk 2: 120.71 GB/s (NVL), avg_t: 744.29 us
[tuning] SMs 54, NVL chunk 3: 169.87 GB/s (NVL), avg_t: 528.90 us
[tuning] SMs 54, NVL chunk 4: 211.03 GB/s (NVL), avg_t: 425.74 us
[tuning] SMs 54, NVL chunk 5: 250.95 GB/s (NVL), avg_t: 358.00 us
[tuning] SMs 54, NVL chunk 6: 287.32 GB/s (NVL), avg_t: 312.69 us
[tuning] SMs 54, NVL chunk 7: 299.28 GB/s (NVL), avg_t: 300.20 us
[tuning] SMs 54, NVL chunk 8: 328.03 GB/s (NVL), avg_t: 273.88 us
[tuning] SMs 54, NVL chunk 9: 350.51 GB/s (NVL), avg_t: 256.32 us
[tuning] SMs 54, NVL chunk 10: 319.76 GB/s (NVL), avg_t: 280.97 us
[tuning] SMs 54, NVL chunk 11: 338.89 GB/s (NVL), avg_t: 265.11 us
[tuning] SMs 54, NVL chunk 12: 355.48 GB/s (NVL), avg_t: 252.74 us
[tuning] SMs 54, NVL chunk 13: 372.21 GB/s (NVL), avg_t: 241.38 us
[tuning] SMs 54, NVL chunk 14: 381.98 GB/s (NVL), avg_t: 235.20 us
[tuning] SMs 54, NVL chunk 15: 395.92 GB/s (NVL), avg_t: 226.92 us
[tuning] SMs 54, NVL chunk 16: 397.90 GB/s (NVL), avg_t: 225.79 us
[tuning] SMs 54, NVL chunk 17: 406.54 GB/s (NVL), avg_t: 220.99 us
[tuning] SMs 54, NVL chunk 18: 413.02 GB/s (NVL), avg_t: 217.53 us
[tuning] SMs 54, NVL chunk 19: 410.57 GB/s (NVL), avg_t: 218.82 us
[tuning] SMs 54, NVL chunk 20: 416.23 GB/s (NVL), avg_t: 215.85 us
[tuning] SMs 54, NVL chunk 21: 418.62 GB/s (NVL), avg_t: 214.61 us
[tuning] SMs 54, NVL chunk 22: 410.91 GB/s (NVL), avg_t: 218.64 us
[tuning] SMs 54, NVL chunk 23: 415.55 GB/s (NVL), avg_t: 216.20 us
[tuning] SMs 54, NVL chunk 24: 408.92 GB/s (NVL), avg_t: 219.70 us
[tuning] SMs 54, NVL chunk 25: 405.82 GB/s (NVL), avg_t: 221.38 us
[tuning] SMs 54, NVL chunk 26: 409.98 GB/s (NVL), avg_t: 219.14 us
[tuning] SMs 54, NVL chunk 27: 408.48 GB/s (NVL), avg_t: 219.94 us
[tuning] SMs 54, NVL chunk 28: 408.20 GB/s (NVL), avg_t: 220.09 us
[tuning] SMs 54, NVL chunk 29: 405.24 GB/s (NVL), avg_t: 221.70 us
[tuning] SMs 54, NVL chunk 30: 401.30 GB/s (NVL), avg_t: 223.88 us
[tuning] SMs 54, NVL chunk 31: 404.16 GB/s (NVL), avg_t: 222.29 us
[tuning] SMs 54, NVL chunk 32: 403.14 GB/s (NVL), avg_t: 222.86 us
[tuning] SMs 54, NVL chunk 33: 402.59 GB/s (NVL), avg_t: 223.16 us
[tuning] SMs 54, NVL chunk 34: 399.23 GB/s (NVL), avg_t: 225.04 us
[tuning] SMs 54, NVL chunk 35: 402.61 GB/s (NVL), avg_t: 223.15 us
[tuning] SMs 54, NVL chunk 36: 398.77 GB/s (NVL), avg_t: 225.30 us
[tuning] SMs 54, NVL chunk 37: 394.52 GB/s (NVL), avg_t: 227.72 us
[tuning] SMs 54, NVL chunk 38: 393.69 GB/s (NVL), avg_t: 228.20 us
[tuning] SMs 54, NVL chunk 39: 389.52 GB/s (NVL), avg_t: 230.64 us
[tuning] SMs 54, NVL chunk 40: 390.27 GB/s (NVL), avg_t: 230.21 us
[tuning] SMs 54, NVL chunk 41: 388.07 GB/s (NVL), avg_t: 231.51 us
[tuning] SMs 54, NVL chunk 42: 384.19 GB/s (NVL), avg_t: 233.85 us
[tuning] SMs 54, NVL chunk 43: 382.41 GB/s (NVL), avg_t: 234.93 us
[tuning] SMs 54, NVL chunk 44: 381.63 GB/s (NVL), avg_t: 235.41 us
[tuning] SMs 54, NVL chunk 45: 383.05 GB/s (NVL), avg_t: 234.54 us
[tuning] SMs 54, NVL chunk 46: 380.96 GB/s (NVL), avg_t: 235.83 us
[tuning] SMs 54, NVL chunk 47: 379.57 GB/s (NVL), avg_t: 236.69 us
[tuning] SMs 54, NVL chunk 48: 376.20 GB/s (NVL), avg_t: 238.82 us
[tuning] SMs 54, NVL chunk 49: 373.45 GB/s (NVL), avg_t: 240.57 us
[tuning] SMs 54, NVL chunk 50: 375.21 GB/s (NVL), avg_t: 239.44 us
[tuning] SMs 54, NVL chunk 51: 373.61 GB/s (NVL), avg_t: 240.47 us
[tuning] SMs 54, NVL chunk 52: 369.48 GB/s (NVL), avg_t: 243.16 us
[tuning] SMs 54, NVL chunk 53: 371.71 GB/s (NVL), avg_t: 241.70 us
[tuning] SMs 54, NVL chunk 54: 369.26 GB/s (NVL), avg_t: 243.30 us
[tuning] SMs 54, NVL chunk 55: 364.72 GB/s (NVL), avg_t: 246.33 us
[tuning] SMs 54, NVL chunk 56: 365.64 GB/s (NVL), avg_t: 245.71 us
[tuning] SMs 54, NVL chunk 57: 364.30 GB/s (NVL), avg_t: 246.61 us
[tuning] SMs 54, NVL chunk 58: 363.14 GB/s (NVL), avg_t: 247.40 us
[tuning] SMs 54, NVL chunk 59: 362.21 GB/s (NVL), avg_t: 248.04 us
[tuning] SMs 54, NVL chunk 60: 362.39 GB/s (NVL), avg_t: 247.91 us
[tuning] SMs 54, NVL chunk 61: 361.57 GB/s (NVL), avg_t: 248.48 us
[tuning] SMs 54, NVL chunk 62: 361.27 GB/s (NVL), avg_t: 248.68 us
[tuning] SMs 54, NVL chunk 63: 360.13 GB/s (NVL), avg_t: 249.47 us
[tuning] SMs 54, NVL chunk 64: 359.98 GB/s (NVL), avg_t: 249.57 us
[tuning] Best combine: SMs 54, NVL chunk 21: 418.62 GB/s (NVL), t: 214.61 us


[config] num_tokens=4096, hidden=2048, num_topk=8
[layout] Kernel performance: 0.047 ms

[testing] Running with BF16, without top-k (async=False, previous=False) ... passed
[testing] Running with BF16, with top-k (async=False, previous=False) ... passed
[testing] Running with BF16, without top-k (async=False, previous=False) ... passed
[testing] Running with BF16, with top-k (async=False, previous=False) ... passed
[testing] Running with FP8, without top-k (async=False, previous=False) ... passed
[testing] Running with FP8, with top-k (async=False, previous=False) ... passed
[testing] Running with BF16, without top-k (async=True, previous=False) ... passed
[testing] Running with BF16, with top-k (async=True, previous=False) ... passed
[testing] Running with BF16, without top-k (async=True, previous=False) ... passed
[testing] Running with BF16, with top-k (async=True, previous=False) ... passed
[testing] Running with FP8, without top-k (async=True, previous=False) ... passed
[testing] Running with FP8, with top-k (async=True, previous=False) ... passed
[testing] Running with BF16, without top-k (async=False, previous=True) ... passed
[testing] Running with BF16, with top-k (async=False, previous=True) ... passed
[testing] Running with BF16, without top-k (async=False, previous=True) ... passed
[testing] Running with BF16, with top-k (async=False, previous=True) ... passed
[testing] Running with FP8, without top-k (async=False, previous=True) ... passed
[testing] Running with FP8, with top-k (async=False, previous=True) ... passed
[testing] Running with BF16, without top-k (async=True, previous=True) ... passed
[testing] Running with BF16, with top-k (async=True, previous=True) ... passed
[testing] Running with BF16, without top-k (async=True, previous=True) ... passed
[testing] Running with BF16, with top-k (async=True, previous=True) ... passed
[testing] Running with FP8, without top-k (async=True, previous=True) ... passed
[testing] Running with FP8, with top-k (async=True, previous=True) ... passed

[tuning] SMs 56, NVL chunk default: 293.57 GB/s (NVL), avg_t: 304.83 us
[tuning] SMs 56, NVL chunk 1: 68.40 GB/s (NVL), avg_t: 1308.26 us
[tuning] SMs 56, NVL chunk 2: 121.59 GB/s (NVL), avg_t: 735.97 us
[tuning] SMs 56, NVL chunk 3: 173.52 GB/s (NVL), avg_t: 515.74 us
[tuning] SMs 56, NVL chunk 4: 214.69 GB/s (NVL), avg_t: 416.84 us
[tuning] SMs 56, NVL chunk 5: 255.87 GB/s (NVL), avg_t: 349.74 us
[tuning] SMs 56, NVL chunk 6: 293.52 GB/s (NVL), avg_t: 304.88 us
[tuning] SMs 56, NVL chunk 7: 295.09 GB/s (NVL), avg_t: 303.26 us
[tuning] SMs 56, NVL chunk 8: 294.59 GB/s (NVL), avg_t: 303.77 us
[tuning] SMs 56, NVL chunk 9: 311.59 GB/s (NVL), avg_t: 287.20 us
[tuning] SMs 56, NVL chunk 10: 328.99 GB/s (NVL), avg_t: 272.01 us
[tuning] SMs 56, NVL chunk 11: 354.84 GB/s (NVL), avg_t: 252.20 us
[tuning] SMs 56, NVL chunk 12: 377.86 GB/s (NVL), avg_t: 236.84 us
[tuning] SMs 56, NVL chunk 13: 392.77 GB/s (NVL), avg_t: 227.84 us
[tuning] SMs 56, NVL chunk 14: 403.09 GB/s (NVL), avg_t: 222.01 us
[tuning] SMs 56, NVL chunk 15: 422.98 GB/s (NVL), avg_t: 211.57 us
[tuning] SMs 56, NVL chunk 16: 427.12 GB/s (NVL), avg_t: 209.52 us
[tuning] SMs 56, NVL chunk 17: 428.80 GB/s (NVL), avg_t: 208.70 us
[tuning] SMs 56, NVL chunk 18: 431.20 GB/s (NVL), avg_t: 207.53 us
[tuning] SMs 56, NVL chunk 19: 429.36 GB/s (NVL), avg_t: 208.42 us
[tuning] SMs 56, NVL chunk 20: 434.87 GB/s (NVL), avg_t: 205.78 us
[tuning] SMs 56, NVL chunk 21: 445.32 GB/s (NVL), avg_t: 200.95 us
[tuning] SMs 56, NVL chunk 22: 449.49 GB/s (NVL), avg_t: 199.09 us
[tuning] SMs 56, NVL chunk 23: 452.46 GB/s (NVL), avg_t: 197.78 us
[tuning] SMs 56, NVL chunk 24: 455.53 GB/s (NVL), avg_t: 196.45 us
[tuning] SMs 56, NVL chunk 25: 456.28 GB/s (NVL), avg_t: 196.13 us
[tuning] SMs 56, NVL chunk 26: 457.69 GB/s (NVL), avg_t: 195.52 us
[tuning] SMs 56, NVL chunk 27: 465.47 GB/s (NVL), avg_t: 192.26 us
[tuning] SMs 56, NVL chunk 28: 461.04 GB/s (NVL), avg_t: 194.10 us
[tuning] SMs 56, NVL chunk 29: 460.24 GB/s (NVL), avg_t: 194.44 us
[tuning] SMs 56, NVL chunk 30: 462.27 GB/s (NVL), avg_t: 193.59 us
[tuning] SMs 56, NVL chunk 31: 454.04 GB/s (NVL), avg_t: 197.09 us
[tuning] SMs 56, NVL chunk 32: 452.83 GB/s (NVL), avg_t: 197.62 us
[tuning] SMs 56, NVL chunk 33: 452.59 GB/s (NVL), avg_t: 197.73 us
[tuning] SMs 56, NVL chunk 34: 451.68 GB/s (NVL), avg_t: 198.12 us
[tuning] SMs 56, NVL chunk 35: 455.24 GB/s (NVL), avg_t: 196.58 us
[tuning] SMs 56, NVL chunk 36: 461.31 GB/s (NVL), avg_t: 193.99 us
[tuning] SMs 56, NVL chunk 37: 458.98 GB/s (NVL), avg_t: 194.97 us
[tuning] SMs 56, NVL chunk 38: 461.09 GB/s (NVL), avg_t: 194.08 us
[tuning] SMs 56, NVL chunk 39: 460.19 GB/s (NVL), avg_t: 194.46 us
[tuning] SMs 56, NVL chunk 40: 457.43 GB/s (NVL), avg_t: 195.63 us
[tuning] SMs 56, NVL chunk 41: 453.37 GB/s (NVL), avg_t: 197.39 us
[tuning] SMs 56, NVL chunk 42: 448.02 GB/s (NVL), avg_t: 199.74 us
[tuning] SMs 56, NVL chunk 43: 442.58 GB/s (NVL), avg_t: 202.20 us
[tuning] SMs 56, NVL chunk 44: 439.72 GB/s (NVL), avg_t: 203.51 us
[tuning] SMs 56, NVL chunk 45: 436.58 GB/s (NVL), avg_t: 204.98 us
[tuning] SMs 56, NVL chunk 46: 432.14 GB/s (NVL), avg_t: 207.08 us
[tuning] SMs 56, NVL chunk 47: 429.69 GB/s (NVL), avg_t: 208.26 us
[tuning] SMs 56, NVL chunk 48: 429.95 GB/s (NVL), avg_t: 208.14 us
[tuning] SMs 56, NVL chunk 49: 428.17 GB/s (NVL), avg_t: 209.01 us
[tuning] SMs 56, NVL chunk 50: 426.58 GB/s (NVL), avg_t: 209.78 us
[tuning] SMs 56, NVL chunk 51: 427.51 GB/s (NVL), avg_t: 209.33 us
[tuning] SMs 56, NVL chunk 52: 427.72 GB/s (NVL), avg_t: 209.22 us
[tuning] SMs 56, NVL chunk 53: 424.26 GB/s (NVL), avg_t: 210.93 us
[tuning] SMs 56, NVL chunk 54: 421.48 GB/s (NVL), avg_t: 212.32 us
[tuning] SMs 56, NVL chunk 55: 424.19 GB/s (NVL), avg_t: 210.97 us
[tuning] SMs 56, NVL chunk 56: 424.57 GB/s (NVL), avg_t: 210.78 us
[tuning] SMs 56, NVL chunk 57: 424.28 GB/s (NVL), avg_t: 210.92 us
[tuning] SMs 56, NVL chunk 58: 423.60 GB/s (NVL), avg_t: 211.26 us
[tuning] SMs 56, NVL chunk 59: 422.93 GB/s (NVL), avg_t: 211.59 us
[tuning] SMs 56, NVL chunk 60: 419.74 GB/s (NVL), avg_t: 213.20 us
[tuning] SMs 56, NVL chunk 61: 419.66 GB/s (NVL), avg_t: 213.24 us
[tuning] SMs 56, NVL chunk 62: 417.81 GB/s (NVL), avg_t: 214.18 us
[tuning] SMs 56, NVL chunk 63: 418.61 GB/s (NVL), avg_t: 213.78 us
[tuning] SMs 56, NVL chunk 64: 413.04 GB/s (NVL), avg_t: 216.66 us
[tuning] Best dispatch (BF16): SMs 56, NVL chunk 27, 465.47 GB/s (NVL), t: 192.26 us

[tuning] SMs 56, NVL chunk default: 214.50 GB/s (NVL), avg_t: 417.20 us
[tuning] SMs 56, NVL chunk 1: 70.05 GB/s (NVL), avg_t: 1277.54 us
[tuning] SMs 56, NVL chunk 2: 123.16 GB/s (NVL), avg_t: 726.62 us
[tuning] SMs 56, NVL chunk 3: 174.13 GB/s (NVL), avg_t: 513.92 us
[tuning] SMs 56, NVL chunk 4: 214.61 GB/s (NVL), avg_t: 416.98 us
[tuning] SMs 56, NVL chunk 5: 253.75 GB/s (NVL), avg_t: 352.66 us
[tuning] SMs 56, NVL chunk 6: 291.05 GB/s (NVL), avg_t: 307.47 us
[tuning] SMs 56, NVL chunk 7: 307.32 GB/s (NVL), avg_t: 291.19 us
[tuning] SMs 56, NVL chunk 8: 335.53 GB/s (NVL), avg_t: 266.71 us
[tuning] SMs 56, NVL chunk 9: 360.35 GB/s (NVL), avg_t: 248.34 us
[tuning] SMs 56, NVL chunk 10: 325.52 GB/s (NVL), avg_t: 274.91 us
[tuning] SMs 56, NVL chunk 11: 348.29 GB/s (NVL), avg_t: 256.94 us
[tuning] SMs 56, NVL chunk 12: 364.64 GB/s (NVL), avg_t: 245.42 us
[tuning] SMs 56, NVL chunk 13: 378.53 GB/s (NVL), avg_t: 236.42 us
[tuning] SMs 56, NVL chunk 14: 392.93 GB/s (NVL), avg_t: 227.75 us
[tuning] SMs 56, NVL chunk 15: 405.16 GB/s (NVL), avg_t: 220.88 us
[tuning] SMs 56, NVL chunk 16: 409.98 GB/s (NVL), avg_t: 218.28 us
[tuning] SMs 56, NVL chunk 17: 420.51 GB/s (NVL), avg_t: 212.81 us
[tuning] SMs 56, NVL chunk 18: 424.86 GB/s (NVL), avg_t: 210.63 us
[tuning] SMs 56, NVL chunk 19: 429.24 GB/s (NVL), avg_t: 208.49 us
[tuning] SMs 56, NVL chunk 20: 431.15 GB/s (NVL), avg_t: 207.56 us
[tuning] SMs 56, NVL chunk 21: 435.03 GB/s (NVL), avg_t: 205.71 us
[tuning] SMs 56, NVL chunk 22: 428.03 GB/s (NVL), avg_t: 209.07 us
[tuning] SMs 56, NVL chunk 23: 427.73 GB/s (NVL), avg_t: 209.22 us
[tuning] SMs 56, NVL chunk 24: 428.06 GB/s (NVL), avg_t: 209.06 us
[tuning] SMs 56, NVL chunk 25: 423.09 GB/s (NVL), avg_t: 211.51 us
[tuning] SMs 56, NVL chunk 26: 421.92 GB/s (NVL), avg_t: 212.10 us
[tuning] SMs 56, NVL chunk 27: 417.56 GB/s (NVL), avg_t: 214.31 us
[tuning] SMs 56, NVL chunk 28: 419.09 GB/s (NVL), avg_t: 213.53 us
[tuning] SMs 56, NVL chunk 29: 418.35 GB/s (NVL), avg_t: 213.91 us
[tuning] SMs 56, NVL chunk 30: 412.70 GB/s (NVL), avg_t: 216.84 us
[tuning] SMs 56, NVL chunk 31: 405.86 GB/s (NVL), avg_t: 220.49 us
[tuning] SMs 56, NVL chunk 32: 406.88 GB/s (NVL), avg_t: 219.94 us
[tuning] SMs 56, NVL chunk 33: 402.41 GB/s (NVL), avg_t: 222.38 us
[tuning] SMs 56, NVL chunk 34: 402.63 GB/s (NVL), avg_t: 222.26 us
[tuning] SMs 56, NVL chunk 35: 402.50 GB/s (NVL), avg_t: 222.34 us
[tuning] SMs 56, NVL chunk 36: 402.30 GB/s (NVL), avg_t: 222.45 us
[tuning] SMs 56, NVL chunk 37: 400.19 GB/s (NVL), avg_t: 223.62 us
[tuning] SMs 56, NVL chunk 38: 400.79 GB/s (NVL), avg_t: 223.28 us
[tuning] SMs 56, NVL chunk 39: 400.54 GB/s (NVL), avg_t: 223.42 us
[tuning] SMs 56, NVL chunk 40: 395.93 GB/s (NVL), avg_t: 226.03 us
[tuning] SMs 56, NVL chunk 41: 395.27 GB/s (NVL), avg_t: 226.40 us
[tuning] SMs 56, NVL chunk 42: 392.00 GB/s (NVL), avg_t: 228.29 us
[tuning] SMs 56, NVL chunk 43: 392.26 GB/s (NVL), avg_t: 228.14 us
[tuning] SMs 56, NVL chunk 44: 388.37 GB/s (NVL), avg_t: 230.42 us
[tuning] SMs 56, NVL chunk 45: 385.04 GB/s (NVL), avg_t: 232.41 us
[tuning] SMs 56, NVL chunk 46: 383.69 GB/s (NVL), avg_t: 233.23 us
[tuning] SMs 56, NVL chunk 47: 381.02 GB/s (NVL), avg_t: 234.87 us
[tuning] SMs 56, NVL chunk 48: 379.20 GB/s (NVL), avg_t: 235.99 us
[tuning] SMs 56, NVL chunk 49: 378.72 GB/s (NVL), avg_t: 236.29 us
[tuning] SMs 56, NVL chunk 50: 377.14 GB/s (NVL), avg_t: 237.29 us
[tuning] SMs 56, NVL chunk 51: 376.39 GB/s (NVL), avg_t: 237.76 us
[tuning] SMs 56, NVL chunk 52: 374.32 GB/s (NVL), avg_t: 239.07 us
[tuning] SMs 56, NVL chunk 53: 374.90 GB/s (NVL), avg_t: 238.70 us
[tuning] SMs 56, NVL chunk 54: 373.06 GB/s (NVL), avg_t: 239.88 us
[tuning] SMs 56, NVL chunk 55: 370.78 GB/s (NVL), avg_t: 241.35 us
[tuning] SMs 56, NVL chunk 56: 373.65 GB/s (NVL), avg_t: 239.50 us
[tuning] SMs 56, NVL chunk 57: 369.95 GB/s (NVL), avg_t: 241.90 us
[tuning] SMs 56, NVL chunk 58: 369.64 GB/s (NVL), avg_t: 242.10 us
[tuning] SMs 56, NVL chunk 59: 370.85 GB/s (NVL), avg_t: 241.31 us
[tuning] SMs 56, NVL chunk 60: 369.21 GB/s (NVL), avg_t: 242.38 us
[tuning] SMs 56, NVL chunk 61: 367.62 GB/s (NVL), avg_t: 243.43 us
[tuning] SMs 56, NVL chunk 62: 368.34 GB/s (NVL), avg_t: 242.95 us
[tuning] SMs 56, NVL chunk 63: 366.26 GB/s (NVL), avg_t: 244.33 us
[tuning] SMs 56, NVL chunk 64: 366.25 GB/s (NVL), avg_t: 244.34 us
[tuning] Best combine: SMs 56, NVL chunk 21: 435.03 GB/s (NVL), t: 205.71 us


[config] num_tokens=4096, hidden=2048, num_topk=8
[layout] Kernel performance: 0.047 ms

[testing] Running with BF16, without top-k (async=False, previous=False) ... passed
[testing] Running with BF16, with top-k (async=False, previous=False) ... passed
[testing] Running with BF16, without top-k (async=False, previous=False) ... passed
[testing] Running with BF16, with top-k (async=False, previous=False) ... passed
[testing] Running with FP8, without top-k (async=False, previous=False) ... passed
[testing] Running with FP8, with top-k (async=False, previous=False) ... passed
[testing] Running with BF16, without top-k (async=True, previous=False) ... passed
[testing] Running with BF16, with top-k (async=True, previous=False) ... passed
[testing] Running with BF16, without top-k (async=True, previous=False) ... passed
[testing] Running with BF16, with top-k (async=True, previous=False) ... passed
[testing] Running with FP8, without top-k (async=True, previous=False) ... passed
[testing] Running with FP8, with top-k (async=True, previous=False) ... passed
[testing] Running with BF16, without top-k (async=False, previous=True) ... passed
[testing] Running with BF16, with top-k (async=False, previous=True) ... passed
[testing] Running with BF16, without top-k (async=False, previous=True) ... passed
[testing] Running with BF16, with top-k (async=False, previous=True) ... passed
[testing] Running with FP8, without top-k (async=False, previous=True) ... passed
[testing] Running with FP8, with top-k (async=False, previous=True) ... passed
[testing] Running with BF16, without top-k (async=True, previous=True) ... passed
[testing] Running with BF16, with top-k (async=True, previous=True) ... passed
[testing] Running with BF16, without top-k (async=True, previous=True) ... passed
[testing] Running with BF16, with top-k (async=True, previous=True) ... passed
[testing] Running with FP8, without top-k (async=True, previous=True) ... passed
[testing] Running with FP8, with top-k (async=True, previous=True) ... passed

[tuning] SMs 58, NVL chunk default: 300.60 GB/s (NVL), avg_t: 297.02 us
[tuning] SMs 58, NVL chunk 1: 71.41 GB/s (NVL), avg_t: 1250.30 us
[tuning] SMs 58, NVL chunk 2: 126.67 GB/s (NVL), avg_t: 704.87 us
[tuning] SMs 58, NVL chunk 3: 181.03 GB/s (NVL), avg_t: 493.21 us
[tuning] SMs 58, NVL chunk 4: 223.79 GB/s (NVL), avg_t: 398.96 us
[tuning] SMs 58, NVL chunk 5: 266.26 GB/s (NVL), avg_t: 335.33 us
[tuning] SMs 58, NVL chunk 6: 301.91 GB/s (NVL), avg_t: 295.74 us
[tuning] SMs 58, NVL chunk 7: 303.50 GB/s (NVL), avg_t: 294.19 us
[tuning] SMs 58, NVL chunk 8: 304.84 GB/s (NVL), avg_t: 292.89 us
[tuning] SMs 58, NVL chunk 9: 319.93 GB/s (NVL), avg_t: 279.07 us
[tuning] SMs 58, NVL chunk 10: 342.14 GB/s (NVL), avg_t: 260.96 us
[tuning] SMs 58, NVL chunk 11: 367.58 GB/s (NVL), avg_t: 242.90 us
[tuning] SMs 58, NVL chunk 12: 387.79 GB/s (NVL), avg_t: 230.24 us
[tuning] SMs 58, NVL chunk 13: 406.22 GB/s (NVL), avg_t: 219.79 us
[tuning] SMs 58, NVL chunk 14: 415.72 GB/s (NVL), avg_t: 214.77 us
[tuning] SMs 58, NVL chunk 15: 433.37 GB/s (NVL), avg_t: 206.02 us
[tuning] SMs 58, NVL chunk 16: 431.97 GB/s (NVL), avg_t: 206.69 us
[tuning] SMs 58, NVL chunk 17: 432.86 GB/s (NVL), avg_t: 206.27 us
[tuning] SMs 58, NVL chunk 18: 436.29 GB/s (NVL), avg_t: 204.65 us
[tuning] SMs 58, NVL chunk 19: 438.40 GB/s (NVL), avg_t: 203.66 us
[tuning] SMs 58, NVL chunk 20: 443.17 GB/s (NVL), avg_t: 201.47 us
[tuning] SMs 58, NVL chunk 21: 449.62 GB/s (NVL), avg_t: 198.58 us
[tuning] SMs 58, NVL chunk 22: 453.42 GB/s (NVL), avg_t: 196.91 us
[tuning] SMs 58, NVL chunk 23: 456.70 GB/s (NVL), avg_t: 195.50 us
[tuning] SMs 58, NVL chunk 24: 459.21 GB/s (NVL), avg_t: 194.43 us
[tuning] SMs 58, NVL chunk 25: 459.43 GB/s (NVL), avg_t: 194.34 us
[tuning] SMs 58, NVL chunk 26: 463.79 GB/s (NVL), avg_t: 192.51 us
[tuning] SMs 58, NVL chunk 27: 462.78 GB/s (NVL), avg_t: 192.93 us
[tuning] SMs 58, NVL chunk 28: 460.90 GB/s (NVL), avg_t: 193.72 us
[tuning] SMs 58, NVL chunk 29: 459.28 GB/s (NVL), avg_t: 194.40 us
[tuning] SMs 58, NVL chunk 30: 450.80 GB/s (NVL), avg_t: 198.06 us
[tuning] SMs 58, NVL chunk 31: 443.85 GB/s (NVL), avg_t: 201.16 us
[tuning] SMs 58, NVL chunk 32: 440.70 GB/s (NVL), avg_t: 202.60 us
[tuning] SMs 58, NVL chunk 33: 446.53 GB/s (NVL), avg_t: 199.95 us
[tuning] SMs 58, NVL chunk 34: 448.92 GB/s (NVL), avg_t: 198.89 us
[tuning] SMs 58, NVL chunk 35: 449.71 GB/s (NVL), avg_t: 198.54 us
[tuning] SMs 58, NVL chunk 36: 454.76 GB/s (NVL), avg_t: 196.33 us
[tuning] SMs 58, NVL chunk 37: 455.03 GB/s (NVL), avg_t: 196.22 us
[tuning] SMs 58, NVL chunk 38: 449.27 GB/s (NVL), avg_t: 198.73 us
[tuning] SMs 58, NVL chunk 39: 451.66 GB/s (NVL), avg_t: 197.68 us
[tuning] SMs 58, NVL chunk 40: 447.29 GB/s (NVL), avg_t: 199.61 us
[tuning] SMs 58, NVL chunk 41: 442.02 GB/s (NVL), avg_t: 201.99 us
[tuning] SMs 58, NVL chunk 42: 438.53 GB/s (NVL), avg_t: 203.60 us
[tuning] SMs 58, NVL chunk 43: 436.04 GB/s (NVL), avg_t: 204.76 us
[tuning] SMs 58, NVL chunk 44: 431.76 GB/s (NVL), avg_t: 206.79 us
[tuning] SMs 58, NVL chunk 45: 426.00 GB/s (NVL), avg_t: 209.59 us
[tuning] SMs 58, NVL chunk 46: 425.89 GB/s (NVL), avg_t: 209.64 us
[tuning] SMs 58, NVL chunk 47: 421.09 GB/s (NVL), avg_t: 212.03 us
[tuning] SMs 58, NVL chunk 48: 420.27 GB/s (NVL), avg_t: 212.45 us
[tuning] SMs 58, NVL chunk 49: 420.55 GB/s (NVL), avg_t: 212.31 us
[tuning] SMs 58, NVL chunk 50: 419.13 GB/s (NVL), avg_t: 213.02 us
[tuning] SMs 58, NVL chunk 51: 422.89 GB/s (NVL), avg_t: 211.13 us
[tuning] SMs 58, NVL chunk 52: 424.06 GB/s (NVL), avg_t: 210.55 us
[tuning] SMs 58, NVL chunk 53: 426.34 GB/s (NVL), avg_t: 209.42 us
[tuning] SMs 58, NVL chunk 54: 425.57 GB/s (NVL), avg_t: 209.80 us
[tuning] SMs 58, NVL chunk 55: 424.94 GB/s (NVL), avg_t: 210.11 us
[tuning] SMs 58, NVL chunk 56: 423.75 GB/s (NVL), avg_t: 210.70 us
[tuning] SMs 58, NVL chunk 57: 422.43 GB/s (NVL), avg_t: 211.36 us
[tuning] SMs 58, NVL chunk 58: 424.03 GB/s (NVL), avg_t: 210.56 us
[tuning] SMs 58, NVL chunk 59: 421.58 GB/s (NVL), avg_t: 211.79 us
[tuning] SMs 58, NVL chunk 60: 419.85 GB/s (NVL), avg_t: 212.66 us
[tuning] SMs 58, NVL chunk 61: 416.62 GB/s (NVL), avg_t: 214.30 us
[tuning] SMs 58, NVL chunk 62: 417.05 GB/s (NVL), avg_t: 214.09 us
[tuning] SMs 58, NVL chunk 63: 415.67 GB/s (NVL), avg_t: 214.79 us
[tuning] SMs 58, NVL chunk 64: 412.75 GB/s (NVL), avg_t: 216.32 us
[tuning] Best dispatch (BF16): SMs 58, NVL chunk 26, 463.79 GB/s (NVL), t: 192.51 us

[tuning] SMs 58, NVL chunk default: 220.71 GB/s (NVL), avg_t: 404.54 us
[tuning] SMs 58, NVL chunk 1: 72.37 GB/s (NVL), avg_t: 1233.69 us
[tuning] SMs 58, NVL chunk 2: 127.84 GB/s (NVL), avg_t: 698.40 us
[tuning] SMs 58, NVL chunk 3: 179.57 GB/s (NVL), avg_t: 497.23 us
[tuning] SMs 58, NVL chunk 4: 220.99 GB/s (NVL), avg_t: 404.02 us
[tuning] SMs 58, NVL chunk 5: 261.96 GB/s (NVL), avg_t: 340.83 us
[tuning] SMs 58, NVL chunk 6: 298.10 GB/s (NVL), avg_t: 299.51 us
[tuning] SMs 58, NVL chunk 7: 310.94 GB/s (NVL), avg_t: 287.14 us
[tuning] SMs 58, NVL chunk 8: 342.87 GB/s (NVL), avg_t: 260.40 us
[tuning] SMs 58, NVL chunk 9: 364.58 GB/s (NVL), avg_t: 244.89 us
[tuning] SMs 58, NVL chunk 10: 329.95 GB/s (NVL), avg_t: 270.60 us
[tuning] SMs 58, NVL chunk 11: 352.37 GB/s (NVL), avg_t: 253.38 us
[tuning] SMs 58, NVL chunk 12: 370.00 GB/s (NVL), avg_t: 241.31 us
[tuning] SMs 58, NVL chunk 13: 379.09 GB/s (NVL), avg_t: 235.52 us
[tuning] SMs 58, NVL chunk 14: 395.29 GB/s (NVL), avg_t: 225.87 us
[tuning] SMs 58, NVL chunk 15: 401.96 GB/s (NVL), avg_t: 222.12 us
[tuning] SMs 58, NVL chunk 16: 405.54 GB/s (NVL), avg_t: 220.16 us
[tuning] SMs 58, NVL chunk 17: 409.45 GB/s (NVL), avg_t: 218.06 us
[tuning] SMs 58, NVL chunk 18: 414.59 GB/s (NVL), avg_t: 215.36 us
[tuning] SMs 58, NVL chunk 19: 417.02 GB/s (NVL), avg_t: 214.10 us
[tuning] SMs 58, NVL chunk 20: 416.76 GB/s (NVL), avg_t: 214.23 us
[tuning] SMs 58, NVL chunk 21: 412.39 GB/s (NVL), avg_t: 216.50 us
[tuning] SMs 58, NVL chunk 22: 405.28 GB/s (NVL), avg_t: 220.30 us
[tuning] SMs 58, NVL chunk 23: 398.89 GB/s (NVL), avg_t: 223.83 us
[tuning] SMs 58, NVL chunk 24: 393.07 GB/s (NVL), avg_t: 227.15 us
[tuning] SMs 58, NVL chunk 25: 395.78 GB/s (NVL), avg_t: 225.59 us
[tuning] SMs 58, NVL chunk 26: 395.80 GB/s (NVL), avg_t: 225.58 us
[tuning] SMs 58, NVL chunk 27: 394.93 GB/s (NVL), avg_t: 226.08 us
[tuning] SMs 58, NVL chunk 28: 398.29 GB/s (NVL), avg_t: 224.17 us
[tuning] SMs 58, NVL chunk 29: 396.87 GB/s (NVL), avg_t: 224.97 us
[tuning] SMs 58, NVL chunk 30: 392.67 GB/s (NVL), avg_t: 227.38 us
[tuning] SMs 58, NVL chunk 31: 387.27 GB/s (NVL), avg_t: 230.55 us
[tuning] SMs 58, NVL chunk 32: 382.97 GB/s (NVL), avg_t: 233.14 us
[tuning] SMs 58, NVL chunk 33: 383.39 GB/s (NVL), avg_t: 232.88 us
[tuning] SMs 58, NVL chunk 34: 381.47 GB/s (NVL), avg_t: 234.06 us
[tuning] SMs 58, NVL chunk 35: 383.26 GB/s (NVL), avg_t: 232.96 us
[tuning] SMs 58, NVL chunk 36: 381.20 GB/s (NVL), avg_t: 234.22 us
[tuning] SMs 58, NVL chunk 37: 381.68 GB/s (NVL), avg_t: 233.92 us
[tuning] SMs 58, NVL chunk 38: 377.60 GB/s (NVL), avg_t: 236.45 us
[tuning] SMs 58, NVL chunk 39: 375.51 GB/s (NVL), avg_t: 237.77 us
[tuning] SMs 58, NVL chunk 40: 376.78 GB/s (NVL), avg_t: 236.97 us
[tuning] SMs 58, NVL chunk 41: 370.78 GB/s (NVL), avg_t: 240.80 us
[tuning] SMs 58, NVL chunk 42: 368.98 GB/s (NVL), avg_t: 241.98 us
[tuning] SMs 58, NVL chunk 43: 368.34 GB/s (NVL), avg_t: 242.40 us
[tuning] SMs 58, NVL chunk 44: 366.96 GB/s (NVL), avg_t: 243.31 us
[tuning] SMs 58, NVL chunk 45: 365.20 GB/s (NVL), avg_t: 244.48 us
[tuning] SMs 58, NVL chunk 46: 364.43 GB/s (NVL), avg_t: 245.00 us
[tuning] SMs 58, NVL chunk 47: 361.17 GB/s (NVL), avg_t: 247.21 us
[tuning] SMs 58, NVL chunk 48: 361.68 GB/s (NVL), avg_t: 246.86 us
[tuning] SMs 58, NVL chunk 49: 361.04 GB/s (NVL), avg_t: 247.30 us
[tuning] SMs 58, NVL chunk 50: 359.80 GB/s (NVL), avg_t: 248.15 us
[tuning] SMs 58, NVL chunk 51: 359.36 GB/s (NVL), avg_t: 248.46 us
[tuning] SMs 58, NVL chunk 52: 359.70 GB/s (NVL), avg_t: 248.22 us
[tuning] SMs 58, NVL chunk 53: 357.39 GB/s (NVL), avg_t: 249.82 us
[tuning] SMs 58, NVL chunk 54: 358.64 GB/s (NVL), avg_t: 248.96 us
[tuning] SMs 58, NVL chunk 55: 357.06 GB/s (NVL), avg_t: 250.06 us
[tuning] SMs 58, NVL chunk 56: 355.45 GB/s (NVL), avg_t: 251.19 us
[tuning] SMs 58, NVL chunk 57: 356.97 GB/s (NVL), avg_t: 250.12 us
[tuning] SMs 58, NVL chunk 58: 355.95 GB/s (NVL), avg_t: 250.84 us
[tuning] SMs 58, NVL chunk 59: 354.19 GB/s (NVL), avg_t: 252.08 us
[tuning] SMs 58, NVL chunk 60: 357.37 GB/s (NVL), avg_t: 249.84 us
[tuning] SMs 58, NVL chunk 61: 356.64 GB/s (NVL), avg_t: 250.35 us
[tuning] SMs 58, NVL chunk 62: 353.57 GB/s (NVL), avg_t: 252.53 us
[tuning] SMs 58, NVL chunk 63: 352.35 GB/s (NVL), avg_t: 253.39 us
[tuning] SMs 58, NVL chunk 64: 353.29 GB/s (NVL), avg_t: 252.72 us
[tuning] Best combine: SMs 58, NVL chunk 19: 417.02 GB/s (NVL), t: 214.10 us


[config] num_tokens=4096, hidden=2048, num_topk=8
[layout] Kernel performance: 0.047 ms

[testing] Running with BF16, without top-k (async=False, previous=False) ... passed
[testing] Running with BF16, with top-k (async=False, previous=False) ... passed
[testing] Running with BF16, without top-k (async=False, previous=False) ... passed
[testing] Running with BF16, with top-k (async=False, previous=False) ... passed
[testing] Running with FP8, without top-k (async=False, previous=False) ... passed
[testing] Running with FP8, with top-k (async=False, previous=False) ... passed
[testing] Running with BF16, without top-k (async=True, previous=False) ... passed
[testing] Running with BF16, with top-k (async=True, previous=False) ... passed
[testing] Running with BF16, without top-k (async=True, previous=False) ... passed
[testing] Running with BF16, with top-k (async=True, previous=False) ... passed
[testing] Running with FP8, without top-k (async=True, previous=False) ... passed
[testing] Running with FP8, with top-k (async=True, previous=False) ... passed
[testing] Running with BF16, without top-k (async=False, previous=True) ... passed
[testing] Running with BF16, with top-k (async=False, previous=True) ... passed
[testing] Running with BF16, without top-k (async=False, previous=True) ... passed
[testing] Running with BF16, with top-k (async=False, previous=True) ... passed
[testing] Running with FP8, without top-k (async=False, previous=True) ... passed
[testing] Running with FP8, with top-k (async=False, previous=True) ... passed
[testing] Running with BF16, without top-k (async=True, previous=True) ... passed
[testing] Running with BF16, with top-k (async=True, previous=True) ... passed
[testing] Running with BF16, without top-k (async=True, previous=True) ... passed
[testing] Running with BF16, with top-k (async=True, previous=True) ... passed
[testing] Running with FP8, without top-k (async=True, previous=True) ... passed
[testing] Running with FP8, with top-k (async=True, previous=True) ... passed

[tuning] SMs 60, NVL chunk default: 312.18 GB/s (NVL), avg_t: 287.79 us
[tuning] SMs 60, NVL chunk 1: 74.29 GB/s (NVL), avg_t: 1209.26 us
[tuning] SMs 60, NVL chunk 2: 130.90 GB/s (NVL), avg_t: 686.32 us
[tuning] SMs 60, NVL chunk 3: 187.16 GB/s (NVL), avg_t: 480.04 us
[tuning] SMs 60, NVL chunk 4: 232.15 GB/s (NVL), avg_t: 387.00 us
[tuning] SMs 60, NVL chunk 5: 275.32 GB/s (NVL), avg_t: 326.31 us
[tuning] SMs 60, NVL chunk 6: 311.78 GB/s (NVL), avg_t: 288.16 us
[tuning] SMs 60, NVL chunk 7: 315.20 GB/s (NVL), avg_t: 285.03 us
[tuning] SMs 60, NVL chunk 8: 316.41 GB/s (NVL), avg_t: 283.94 us
[tuning] SMs 60, NVL chunk 9: 330.69 GB/s (NVL), avg_t: 271.68 us
[tuning] SMs 60, NVL chunk 10: 352.95 GB/s (NVL), avg_t: 254.54 us
[tuning] SMs 60, NVL chunk 11: 378.31 GB/s (NVL), avg_t: 237.48 us
[tuning] SMs 60, NVL chunk 12: 397.03 GB/s (NVL), avg_t: 226.28 us
[tuning] SMs 60, NVL chunk 13: 412.64 GB/s (NVL), avg_t: 217.72 us
[tuning] SMs 60, NVL chunk 14: 426.39 GB/s (NVL), avg_t: 210.70 us
[tuning] SMs 60, NVL chunk 15: 441.38 GB/s (NVL), avg_t: 203.55 us
[tuning] SMs 60, NVL chunk 16: 443.48 GB/s (NVL), avg_t: 202.59 us
[tuning] SMs 60, NVL chunk 17: 447.19 GB/s (NVL), avg_t: 200.90 us
[tuning] SMs 60, NVL chunk 18: 450.02 GB/s (NVL), avg_t: 199.64 us
[tuning] SMs 60, NVL chunk 19: 450.22 GB/s (NVL), avg_t: 199.55 us
[tuning] SMs 60, NVL chunk 20: 454.42 GB/s (NVL), avg_t: 197.71 us
[tuning] SMs 60, NVL chunk 21: 458.71 GB/s (NVL), avg_t: 195.86 us
[tuning] SMs 60, NVL chunk 22: 460.93 GB/s (NVL), avg_t: 194.92 us
[tuning] SMs 60, NVL chunk 23: 464.16 GB/s (NVL), avg_t: 193.56 us
[tuning] SMs 60, NVL chunk 24: 468.10 GB/s (NVL), avg_t: 191.93 us
[tuning] SMs 60, NVL chunk 25: 466.33 GB/s (NVL), avg_t: 192.66 us
[tuning] SMs 60, NVL chunk 26: 467.81 GB/s (NVL), avg_t: 192.05 us
[tuning] SMs 60, NVL chunk 27: 464.17 GB/s (NVL), avg_t: 193.55 us
[tuning] SMs 60, NVL chunk 28: 462.88 GB/s (NVL), avg_t: 194.09 us
[tuning] SMs 60, NVL chunk 29: 460.36 GB/s (NVL), avg_t: 195.15 us
[tuning] SMs 60, NVL chunk 30: 450.25 GB/s (NVL), avg_t: 199.54 us
[tuning] SMs 60, NVL chunk 31: 445.96 GB/s (NVL), avg_t: 201.46 us
[tuning] SMs 60, NVL chunk 32: 447.21 GB/s (NVL), avg_t: 200.89 us
[tuning] SMs 60, NVL chunk 33: 444.85 GB/s (NVL), avg_t: 201.96 us
[tuning] SMs 60, NVL chunk 34: 450.29 GB/s (NVL), avg_t: 199.52 us
[tuning] SMs 60, NVL chunk 35: 455.95 GB/s (NVL), avg_t: 197.04 us
[tuning] SMs 60, NVL chunk 36: 454.17 GB/s (NVL), avg_t: 197.82 us
[tuning] SMs 60, NVL chunk 37: 451.36 GB/s (NVL), avg_t: 199.05 us
[tuning] SMs 60, NVL chunk 38: 454.21 GB/s (NVL), avg_t: 197.80 us
[tuning] SMs 60, NVL chunk 39: 450.00 GB/s (NVL), avg_t: 199.65 us
[tuning] SMs 60, NVL chunk 40: 449.56 GB/s (NVL), avg_t: 199.84 us
[tuning] SMs 60, NVL chunk 41: 444.06 GB/s (NVL), avg_t: 202.32 us
[tuning] SMs 60, NVL chunk 42: 436.58 GB/s (NVL), avg_t: 205.79 us
[tuning] SMs 60, NVL chunk 43: 435.09 GB/s (NVL), avg_t: 206.49 us
[tuning] SMs 60, NVL chunk 44: 430.23 GB/s (NVL), avg_t: 208.82 us
[tuning] SMs 60, NVL chunk 45: 428.23 GB/s (NVL), avg_t: 209.80 us
[tuning] SMs 60, NVL chunk 46: 427.21 GB/s (NVL), avg_t: 210.30 us
[tuning] SMs 60, NVL chunk 47: 427.11 GB/s (NVL), avg_t: 210.35 us
[tuning] SMs 60, NVL chunk 48: 425.69 GB/s (NVL), avg_t: 211.05 us
[tuning] SMs 60, NVL chunk 49: 428.52 GB/s (NVL), avg_t: 209.65 us
[tuning] SMs 60, NVL chunk 50: 427.66 GB/s (NVL), avg_t: 210.08 us
[tuning] SMs 60, NVL chunk 51: 429.96 GB/s (NVL), avg_t: 208.95 us
[tuning] SMs 60, NVL chunk 52: 432.43 GB/s (NVL), avg_t: 207.76 us
[tuning] SMs 60, NVL chunk 53: 430.31 GB/s (NVL), avg_t: 208.78 us
[tuning] SMs 60, NVL chunk 54: 435.82 GB/s (NVL), avg_t: 206.14 us
[tuning] SMs 60, NVL chunk 55: 434.08 GB/s (NVL), avg_t: 206.97 us
[tuning] SMs 60, NVL chunk 56: 431.65 GB/s (NVL), avg_t: 208.13 us
[tuning] SMs 60, NVL chunk 57: 431.89 GB/s (NVL), avg_t: 208.02 us
[tuning] SMs 60, NVL chunk 58: 430.36 GB/s (NVL), avg_t: 208.76 us
[tuning] SMs 60, NVL chunk 59: 428.52 GB/s (NVL), avg_t: 209.65 us
[tuning] SMs 60, NVL chunk 60: 428.14 GB/s (NVL), avg_t: 209.84 us
[tuning] SMs 60, NVL chunk 61: 427.85 GB/s (NVL), avg_t: 209.98 us
[tuning] SMs 60, NVL chunk 62: 424.90 GB/s (NVL), avg_t: 211.44 us
[tuning] SMs 60, NVL chunk 63: 423.12 GB/s (NVL), avg_t: 212.33 us
[tuning] SMs 60, NVL chunk 64: 422.79 GB/s (NVL), avg_t: 212.50 us
[tuning] Best dispatch (BF16): SMs 60, NVL chunk 24, 468.10 GB/s (NVL), t: 191.93 us

[tuning] SMs 60, NVL chunk default: 228.41 GB/s (NVL), avg_t: 393.34 us
[tuning] SMs 60, NVL chunk 1: 75.37 GB/s (NVL), avg_t: 1192.02 us
[tuning] SMs 60, NVL chunk 2: 132.97 GB/s (NVL), avg_t: 675.63 us
[tuning] SMs 60, NVL chunk 3: 185.82 GB/s (NVL), avg_t: 483.49 us
[tuning] SMs 60, NVL chunk 4: 228.70 GB/s (NVL), avg_t: 392.83 us
[tuning] SMs 60, NVL chunk 5: 271.28 GB/s (NVL), avg_t: 331.18 us
[tuning] SMs 60, NVL chunk 6: 310.73 GB/s (NVL), avg_t: 289.13 us
[tuning] SMs 60, NVL chunk 7: 324.27 GB/s (NVL), avg_t: 277.06 us
[tuning] SMs 60, NVL chunk 8: 350.43 GB/s (NVL), avg_t: 256.37 us
[tuning] SMs 60, NVL chunk 9: 378.69 GB/s (NVL), avg_t: 237.24 us
[tuning] SMs 60, NVL chunk 10: 344.17 GB/s (NVL), avg_t: 261.04 us
[tuning] SMs 60, NVL chunk 11: 363.78 GB/s (NVL), avg_t: 246.97 us
[tuning] SMs 60, NVL chunk 12: 380.36 GB/s (NVL), avg_t: 236.20 us
[tuning] SMs 60, NVL chunk 13: 396.62 GB/s (NVL), avg_t: 226.52 us
[tuning] SMs 60, NVL chunk 14: 407.35 GB/s (NVL), avg_t: 220.55 us
[tuning] SMs 60, NVL chunk 15: 421.99 GB/s (NVL), avg_t: 212.90 us
[tuning] SMs 60, NVL chunk 16: 423.98 GB/s (NVL), avg_t: 211.90 us
[tuning] SMs 60, NVL chunk 17: 429.54 GB/s (NVL), avg_t: 209.16 us
[tuning] SMs 60, NVL chunk 18: 436.98 GB/s (NVL), avg_t: 205.59 us
[tuning] SMs 60, NVL chunk 19: 434.22 GB/s (NVL), avg_t: 206.90 us
[tuning] SMs 60, NVL chunk 20: 439.57 GB/s (NVL), avg_t: 204.39 us
[tuning] SMs 60, NVL chunk 21: 430.94 GB/s (NVL), avg_t: 208.48 us
[tuning] SMs 60, NVL chunk 22: 432.44 GB/s (NVL), avg_t: 207.76 us
[tuning] SMs 60, NVL chunk 23: 427.99 GB/s (NVL), avg_t: 209.92 us
[tuning] SMs 60, NVL chunk 24: 427.47 GB/s (NVL), avg_t: 210.17 us
[tuning] SMs 60, NVL chunk 25: 426.73 GB/s (NVL), avg_t: 210.53 us
[tuning] SMs 60, NVL chunk 26: 428.88 GB/s (NVL), avg_t: 209.48 us
[tuning] SMs 60, NVL chunk 27: 419.28 GB/s (NVL), avg_t: 214.27 us
[tuning] SMs 60, NVL chunk 28: 415.62 GB/s (NVL), avg_t: 216.16 us
[tuning] SMs 60, NVL chunk 29: 418.35 GB/s (NVL), avg_t: 214.75 us
[tuning] SMs 60, NVL chunk 30: 409.82 GB/s (NVL), avg_t: 219.22 us
[tuning] SMs 60, NVL chunk 31: 406.96 GB/s (NVL), avg_t: 220.76 us
[tuning] SMs 60, NVL chunk 32: 409.07 GB/s (NVL), avg_t: 219.62 us
[tuning] SMs 60, NVL chunk 33: 409.46 GB/s (NVL), avg_t: 219.42 us
[tuning] SMs 60, NVL chunk 34: 412.61 GB/s (NVL), avg_t: 217.74 us
[tuning] SMs 60, NVL chunk 35: 408.22 GB/s (NVL), avg_t: 220.08 us
[tuning] SMs 60, NVL chunk 36: 411.44 GB/s (NVL), avg_t: 218.36 us
[tuning] SMs 60, NVL chunk 37: 409.50 GB/s (NVL), avg_t: 219.39 us
[tuning] SMs 60, NVL chunk 38: 408.31 GB/s (NVL), avg_t: 220.03 us
[tuning] SMs 60, NVL chunk 39: 401.86 GB/s (NVL), avg_t: 223.56 us
[tuning] SMs 60, NVL chunk 40: 400.76 GB/s (NVL), avg_t: 224.18 us
[tuning] SMs 60, NVL chunk 41: 400.29 GB/s (NVL), avg_t: 224.44 us
[tuning] SMs 60, NVL chunk 42: 396.66 GB/s (NVL), avg_t: 226.50 us
[tuning] SMs 60, NVL chunk 43: 394.52 GB/s (NVL), avg_t: 227.72 us
[tuning] SMs 60, NVL chunk 44: 392.26 GB/s (NVL), avg_t: 229.04 us
[tuning] SMs 60, NVL chunk 45: 390.20 GB/s (NVL), avg_t: 230.24 us
[tuning] SMs 60, NVL chunk 46: 388.29 GB/s (NVL), avg_t: 231.38 us
[tuning] SMs 60, NVL chunk 47: 390.09 GB/s (NVL), avg_t: 230.31 us
[tuning] SMs 60, NVL chunk 48: 391.38 GB/s (NVL), avg_t: 229.55 us
[tuning] SMs 60, NVL chunk 49: 392.83 GB/s (NVL), avg_t: 228.70 us
[tuning] SMs 60, NVL chunk 50: 391.81 GB/s (NVL), avg_t: 229.30 us
[tuning] SMs 60, NVL chunk 51: 389.96 GB/s (NVL), avg_t: 230.39 us
[tuning] SMs 60, NVL chunk 52: 392.47 GB/s (NVL), avg_t: 228.92 us
[tuning] SMs 60, NVL chunk 53: 389.56 GB/s (NVL), avg_t: 230.62 us
[tuning] SMs 60, NVL chunk 54: 388.25 GB/s (NVL), avg_t: 231.40 us
[tuning] SMs 60, NVL chunk 55: 386.95 GB/s (NVL), avg_t: 232.18 us
[tuning] SMs 60, NVL chunk 56: 388.79 GB/s (NVL), avg_t: 231.08 us
[tuning] SMs 60, NVL chunk 57: 386.78 GB/s (NVL), avg_t: 232.28 us
[tuning] SMs 60, NVL chunk 58: 387.07 GB/s (NVL), avg_t: 232.11 us
[tuning] SMs 60, NVL chunk 59: 385.90 GB/s (NVL), avg_t: 232.81 us
[tuning] SMs 60, NVL chunk 60: 383.69 GB/s (NVL), avg_t: 234.15 us
[tuning] SMs 60, NVL chunk 61: 383.65 GB/s (NVL), avg_t: 234.18 us
[tuning] SMs 60, NVL chunk 62: 381.10 GB/s (NVL), avg_t: 235.74 us
[tuning] SMs 60, NVL chunk 63: 379.63 GB/s (NVL), avg_t: 236.66 us
[tuning] SMs 60, NVL chunk 64: 377.62 GB/s (NVL), avg_t: 237.92 us
[tuning] Best combine: SMs 60, NVL chunk 20: 439.57 GB/s (NVL), t: 204.39 us


[config] num_tokens=4096, hidden=2048, num_topk=8
[layout] Kernel performance: 0.047 ms

[testing] Running with BF16, without top-k (async=False, previous=False) ... passed
[testing] Running with BF16, with top-k (async=False, previous=False) ... passed
[testing] Running with BF16, without top-k (async=False, previous=False) ... passed
[testing] Running with BF16, with top-k (async=False, previous=False) ... passed
[testing] Running with FP8, without top-k (async=False, previous=False) ... passed
[testing] Running with FP8, with top-k (async=False, previous=False) ... passed
[testing] Running with BF16, without top-k (async=True, previous=False) ... passed
[testing] Running with BF16, with top-k (async=True, previous=False) ... passed
[testing] Running with BF16, without top-k (async=True, previous=False) ... passed
[testing] Running with BF16, with top-k (async=True, previous=False) ... passed
[testing] Running with FP8, without top-k (async=True, previous=False) ... passed
[testing] Running with FP8, with top-k (async=True, previous=False) ... passed
[testing] Running with BF16, without top-k (async=False, previous=True) ... passed
[testing] Running with BF16, with top-k (async=False, previous=True) ... passed
[testing] Running with BF16, without top-k (async=False, previous=True) ... passed
[testing] Running with BF16, with top-k (async=False, previous=True) ... passed
[testing] Running with FP8, without top-k (async=False, previous=True) ... passed
[testing] Running with FP8, with top-k (async=False, previous=True) ... passed
[testing] Running with BF16, without top-k (async=True, previous=True) ... passed
[testing] Running with BF16, with top-k (async=True, previous=True) ... passed
[testing] Running with BF16, without top-k (async=True, previous=True) ... passed
[testing] Running with BF16, with top-k (async=True, previous=True) ... passed
[testing] Running with FP8, without top-k (async=True, previous=True) ... passed
[testing] Running with FP8, with top-k (async=True, previous=True) ... passed

[tuning] SMs 62, NVL chunk default: 315.54 GB/s (NVL), avg_t: 282.36 us
[tuning] SMs 62, NVL chunk 1: 75.50 GB/s (NVL), avg_t: 1180.10 us
[tuning] SMs 62, NVL chunk 2: 132.06 GB/s (NVL), avg_t: 674.65 us
[tuning] SMs 62, NVL chunk 3: 188.95 GB/s (NVL), avg_t: 471.53 us
[tuning] SMs 62, NVL chunk 4: 233.15 GB/s (NVL), avg_t: 382.13 us
[tuning] SMs 62, NVL chunk 5: 279.00 GB/s (NVL), avg_t: 319.35 us
[tuning] SMs 62, NVL chunk 6: 314.54 GB/s (NVL), avg_t: 283.26 us
[tuning] SMs 62, NVL chunk 7: 316.69 GB/s (NVL), avg_t: 281.34 us
[tuning] SMs 62, NVL chunk 8: 319.85 GB/s (NVL), avg_t: 278.56 us
[tuning] SMs 62, NVL chunk 9: 333.94 GB/s (NVL), avg_t: 266.80 us
[tuning] SMs 62, NVL chunk 10: 355.22 GB/s (NVL), avg_t: 250.82 us
[tuning] SMs 62, NVL chunk 11: 379.71 GB/s (NVL), avg_t: 234.64 us
[tuning] SMs 62, NVL chunk 12: 400.78 GB/s (NVL), avg_t: 222.31 us
[tuning] SMs 62, NVL chunk 13: 414.17 GB/s (NVL), avg_t: 215.12 us
[tuning] SMs 62, NVL chunk 14: 429.31 GB/s (NVL), avg_t: 207.54 us
[tuning] SMs 62, NVL chunk 15: 439.19 GB/s (NVL), avg_t: 202.86 us
[tuning] SMs 62, NVL chunk 16: 443.01 GB/s (NVL), avg_t: 201.11 us
[tuning] SMs 62, NVL chunk 17: 448.25 GB/s (NVL), avg_t: 198.76 us
[tuning] SMs 62, NVL chunk 18: 448.62 GB/s (NVL), avg_t: 198.60 us
[tuning] SMs 62, NVL chunk 19: 449.39 GB/s (NVL), avg_t: 198.26 us
[tuning] SMs 62, NVL chunk 20: 451.65 GB/s (NVL), avg_t: 197.27 us
[tuning] SMs 62, NVL chunk 21: 458.61 GB/s (NVL), avg_t: 194.27 us
[tuning] SMs 62, NVL chunk 22: 460.34 GB/s (NVL), avg_t: 193.55 us
[tuning] SMs 62, NVL chunk 23: 462.14 GB/s (NVL), avg_t: 192.79 us
[tuning] SMs 62, NVL chunk 24: 456.75 GB/s (NVL), avg_t: 195.07 us
[tuning] SMs 62, NVL chunk 25: 450.93 GB/s (NVL), avg_t: 197.58 us
[tuning] SMs 62, NVL chunk 26: 454.07 GB/s (NVL), avg_t: 196.22 us
[tuning] SMs 62, NVL chunk 27: 454.31 GB/s (NVL), avg_t: 196.11 us
[tuning] SMs 62, NVL chunk 28: 446.30 GB/s (NVL), avg_t: 199.63 us
[tuning] SMs 62, NVL chunk 29: 443.64 GB/s (NVL), avg_t: 200.83 us
[tuning] SMs 62, NVL chunk 30: 439.10 GB/s (NVL), avg_t: 202.91 us
[tuning] SMs 62, NVL chunk 31: 436.59 GB/s (NVL), avg_t: 204.08 us
[tuning] SMs 62, NVL chunk 32: 440.32 GB/s (NVL), avg_t: 202.34 us
[tuning] SMs 62, NVL chunk 33: 443.48 GB/s (NVL), avg_t: 200.90 us
[tuning] SMs 62, NVL chunk 34: 445.63 GB/s (NVL), avg_t: 199.93 us
[tuning] SMs 62, NVL chunk 35: 446.48 GB/s (NVL), avg_t: 199.55 us
[tuning] SMs 62, NVL chunk 36: 449.59 GB/s (NVL), avg_t: 198.17 us
[tuning] SMs 62, NVL chunk 37: 447.31 GB/s (NVL), avg_t: 199.18 us
[tuning] SMs 62, NVL chunk 38: 447.20 GB/s (NVL), avg_t: 199.23 us
[tuning] SMs 62, NVL chunk 39: 442.56 GB/s (NVL), avg_t: 201.32 us
[tuning] SMs 62, NVL chunk 40: 438.72 GB/s (NVL), avg_t: 203.08 us
[tuning] SMs 62, NVL chunk 41: 435.43 GB/s (NVL), avg_t: 204.62 us
[tuning] SMs 62, NVL chunk 42: 432.21 GB/s (NVL), avg_t: 206.14 us
[tuning] SMs 62, NVL chunk 43: 428.46 GB/s (NVL), avg_t: 207.95 us
[tuning] SMs 62, NVL chunk 44: 423.42 GB/s (NVL), avg_t: 210.42 us
[tuning] SMs 62, NVL chunk 45: 425.05 GB/s (NVL), avg_t: 209.61 us
[tuning] SMs 62, NVL chunk 46: 424.40 GB/s (NVL), avg_t: 209.93 us
[tuning] SMs 62, NVL chunk 47: 422.06 GB/s (NVL), avg_t: 211.10 us
[tuning] SMs 62, NVL chunk 48: 425.65 GB/s (NVL), avg_t: 209.32 us
[tuning] SMs 62, NVL chunk 49: 426.57 GB/s (NVL), avg_t: 208.87 us
[tuning] SMs 62, NVL chunk 50: 428.52 GB/s (NVL), avg_t: 207.92 us
[tuning] SMs 62, NVL chunk 51: 431.39 GB/s (NVL), avg_t: 206.53 us
[tuning] SMs 62, NVL chunk 52: 430.82 GB/s (NVL), avg_t: 206.80 us
[tuning] SMs 62, NVL chunk 53: 429.33 GB/s (NVL), avg_t: 207.52 us
[tuning] SMs 62, NVL chunk 54: 431.13 GB/s (NVL), avg_t: 206.66 us
[tuning] SMs 62, NVL chunk 55: 430.36 GB/s (NVL), avg_t: 207.03 us
[tuning] SMs 62, NVL chunk 56: 428.89 GB/s (NVL), avg_t: 207.74 us
[tuning] SMs 62, NVL chunk 57: 425.23 GB/s (NVL), avg_t: 209.52 us
[tuning] SMs 62, NVL chunk 58: 425.80 GB/s (NVL), avg_t: 209.25 us
[tuning] SMs 62, NVL chunk 59: 426.45 GB/s (NVL), avg_t: 208.93 us
[tuning] SMs 62, NVL chunk 60: 424.03 GB/s (NVL), avg_t: 210.12 us
[tuning] SMs 62, NVL chunk 61: 421.68 GB/s (NVL), avg_t: 211.29 us
[tuning] SMs 62, NVL chunk 62: 421.69 GB/s (NVL), avg_t: 211.28 us
[tuning] SMs 62, NVL chunk 63: 420.19 GB/s (NVL), avg_t: 212.04 us
[tuning] SMs 62, NVL chunk 64: 417.30 GB/s (NVL), avg_t: 213.51 us
[tuning] Best dispatch (BF16): SMs 62, NVL chunk 23, 462.14 GB/s (NVL), t: 192.79 us

[tuning] SMs 62, NVL chunk default: 232.24 GB/s (NVL), avg_t: 383.64 us
[tuning] SMs 62, NVL chunk 1: 76.53 GB/s (NVL), avg_t: 1164.22 us
[tuning] SMs 62, NVL chunk 2: 135.08 GB/s (NVL), avg_t: 659.56 us
[tuning] SMs 62, NVL chunk 3: 190.95 GB/s (NVL), avg_t: 466.58 us
[tuning] SMs 62, NVL chunk 4: 232.64 GB/s (NVL), avg_t: 382.97 us
[tuning] SMs 62, NVL chunk 5: 276.06 GB/s (NVL), avg_t: 322.75 us
[tuning] SMs 62, NVL chunk 6: 312.04 GB/s (NVL), avg_t: 285.53 us
[tuning] SMs 62, NVL chunk 7: 326.45 GB/s (NVL), avg_t: 272.92 us
[tuning] SMs 62, NVL chunk 8: 356.72 GB/s (NVL), avg_t: 249.77 us
[tuning] SMs 62, NVL chunk 9: 377.19 GB/s (NVL), avg_t: 236.21 us
[tuning] SMs 62, NVL chunk 10: 346.03 GB/s (NVL), avg_t: 257.48 us
[tuning] SMs 62, NVL chunk 11: 367.62 GB/s (NVL), avg_t: 242.36 us
[tuning] SMs 62, NVL chunk 12: 380.58 GB/s (NVL), avg_t: 234.10 us
[tuning] SMs 62, NVL chunk 13: 394.57 GB/s (NVL), avg_t: 225.81 us
[tuning] SMs 62, NVL chunk 14: 402.14 GB/s (NVL), avg_t: 221.56 us
[tuning] SMs 62, NVL chunk 15: 414.49 GB/s (NVL), avg_t: 214.95 us
[tuning] SMs 62, NVL chunk 16: 412.02 GB/s (NVL), avg_t: 216.24 us
[tuning] SMs 62, NVL chunk 17: 418.89 GB/s (NVL), avg_t: 212.70 us
[tuning] SMs 62, NVL chunk 18: 421.52 GB/s (NVL), avg_t: 211.37 us
[tuning] SMs 62, NVL chunk 19: 420.15 GB/s (NVL), avg_t: 212.06 us
[tuning] SMs 62, NVL chunk 20: 416.69 GB/s (NVL), avg_t: 213.82 us
[tuning] SMs 62, NVL chunk 21: 410.65 GB/s (NVL), avg_t: 216.96 us
[tuning] SMs 62, NVL chunk 22: 405.00 GB/s (NVL), avg_t: 219.99 us
[tuning] SMs 62, NVL chunk 23: 402.52 GB/s (NVL), avg_t: 221.35 us
[tuning] SMs 62, NVL chunk 24: 400.59 GB/s (NVL), avg_t: 222.41 us
[tuning] SMs 62, NVL chunk 25: 405.44 GB/s (NVL), avg_t: 219.75 us
[tuning] SMs 62, NVL chunk 26: 404.39 GB/s (NVL), avg_t: 220.32 us
[tuning] SMs 62, NVL chunk 27: 399.64 GB/s (NVL), avg_t: 222.94 us
[tuning] SMs 62, NVL chunk 28: 397.93 GB/s (NVL), avg_t: 223.90 us
[tuning] SMs 62, NVL chunk 29: 395.22 GB/s (NVL), avg_t: 225.43 us
[tuning] SMs 62, NVL chunk 30: 394.35 GB/s (NVL), avg_t: 225.93 us
[tuning] SMs 62, NVL chunk 31: 388.96 GB/s (NVL), avg_t: 229.06 us
[tuning] SMs 62, NVL chunk 32: 392.32 GB/s (NVL), avg_t: 227.10 us
[tuning] SMs 62, NVL chunk 33: 393.65 GB/s (NVL), avg_t: 226.33 us
[tuning] SMs 62, NVL chunk 34: 393.84 GB/s (NVL), avg_t: 226.23 us
[tuning] SMs 62, NVL chunk 35: 393.83 GB/s (NVL), avg_t: 226.23 us
[tuning] SMs 62, NVL chunk 36: 389.46 GB/s (NVL), avg_t: 228.77 us
[tuning] SMs 62, NVL chunk 37: 391.26 GB/s (NVL), avg_t: 227.71 us
[tuning] SMs 62, NVL chunk 38: 386.92 GB/s (NVL), avg_t: 230.27 us
[tuning] SMs 62, NVL chunk 39: 382.19 GB/s (NVL), avg_t: 233.12 us
[tuning] SMs 62, NVL chunk 40: 381.47 GB/s (NVL), avg_t: 233.56 us
[tuning] SMs 62, NVL chunk 41: 378.06 GB/s (NVL), avg_t: 235.67 us
[tuning] SMs 62, NVL chunk 42: 377.45 GB/s (NVL), avg_t: 236.05 us
[tuning] SMs 62, NVL chunk 43: 373.98 GB/s (NVL), avg_t: 238.24 us
[tuning] SMs 62, NVL chunk 44: 374.05 GB/s (NVL), avg_t: 238.19 us
[tuning] SMs 62, NVL chunk 45: 374.26 GB/s (NVL), avg_t: 238.06 us
[tuning] SMs 62, NVL chunk 46: 372.85 GB/s (NVL), avg_t: 238.96 us
[tuning] SMs 62, NVL chunk 47: 370.64 GB/s (NVL), avg_t: 240.38 us
[tuning] SMs 62, NVL chunk 48: 372.75 GB/s (NVL), avg_t: 239.02 us
[tuning] SMs 62, NVL chunk 49: 371.33 GB/s (NVL), avg_t: 239.94 us
[tuning] SMs 62, NVL chunk 50: 370.27 GB/s (NVL), avg_t: 240.62 us
[tuning] SMs 62, NVL chunk 51: 369.25 GB/s (NVL), avg_t: 241.29 us
[tuning] SMs 62, NVL chunk 52: 369.61 GB/s (NVL), avg_t: 241.05 us
[tuning] SMs 62, NVL chunk 53: 368.75 GB/s (NVL), avg_t: 241.62 us
[tuning] SMs 62, NVL chunk 54: 369.02 GB/s (NVL), avg_t: 241.44 us
[tuning] SMs 62, NVL chunk 55: 370.53 GB/s (NVL), avg_t: 240.46 us
[tuning] SMs 62, NVL chunk 56: 368.00 GB/s (NVL), avg_t: 242.11 us
[tuning] SMs 62, NVL chunk 57: 366.88 GB/s (NVL), avg_t: 242.85 us
[tuning] SMs 62, NVL chunk 58: 367.85 GB/s (NVL), avg_t: 242.21 us
[tuning] SMs 62, NVL chunk 59: 365.72 GB/s (NVL), avg_t: 243.62 us
[tuning] SMs 62, NVL chunk 60: 364.02 GB/s (NVL), avg_t: 244.75 us
[tuning] SMs 62, NVL chunk 61: 363.68 GB/s (NVL), avg_t: 244.98 us
[tuning] SMs 62, NVL chunk 62: 362.57 GB/s (NVL), avg_t: 245.73 us
[tuning] SMs 62, NVL chunk 63: 360.13 GB/s (NVL), avg_t: 247.40 us
[tuning] SMs 62, NVL chunk 64: 361.16 GB/s (NVL), avg_t: 246.69 us
[tuning] Best combine: SMs 62, NVL chunk 18: 421.52 GB/s (NVL), t: 211.37 us


[config] num_tokens=4096, hidden=2048, num_topk=8
[layout] Kernel performance: 0.048 ms

[testing] Running with BF16, without top-k (async=False, previous=False) ... passed
[testing] Running with BF16, with top-k (async=False, previous=False) ... passed
[testing] Running with BF16, without top-k (async=False, previous=False) ... passed
[testing] Running with BF16, with top-k (async=False, previous=False) ... passed
[testing] Running with FP8, without top-k (async=False, previous=False) ... passed
[testing] Running with FP8, with top-k (async=False, previous=False) ... passed
[testing] Running with BF16, without top-k (async=True, previous=False) ... passed
[testing] Running with BF16, with top-k (async=True, previous=False) ... passed
[testing] Running with BF16, without top-k (async=True, previous=False) ... passed
[testing] Running with BF16, with top-k (async=True, previous=False) ... passed
[testing] Running with FP8, without top-k (async=True, previous=False) ... passed
[testing] Running with FP8, with top-k (async=True, previous=False) ... passed
[testing] Running with BF16, without top-k (async=False, previous=True) ... passed
[testing] Running with BF16, with top-k (async=False, previous=True) ... passed
[testing] Running with BF16, without top-k (async=False, previous=True) ... passed
[testing] Running with BF16, with top-k (async=False, previous=True) ... passed
[testing] Running with FP8, without top-k (async=False, previous=True) ... passed
[testing] Running with FP8, with top-k (async=False, previous=True) ... passed
[testing] Running with BF16, without top-k (async=True, previous=True) ... passed
[testing] Running with BF16, with top-k (async=True, previous=True) ... passed
[testing] Running with BF16, without top-k (async=True, previous=True) ... passed
[testing] Running with BF16, with top-k (async=True, previous=True) ... passed
[testing] Running with FP8, without top-k (async=True, previous=True) ... passed
[testing] Running with FP8, with top-k (async=True, previous=True) ... passed

[tuning] SMs 64, NVL chunk default: 325.27 GB/s (NVL), avg_t: 276.98 us
[tuning] SMs 64, NVL chunk 1: 78.30 GB/s (NVL), avg_t: 1150.65 us
[tuning] SMs 64, NVL chunk 2: 135.70 GB/s (NVL), avg_t: 663.95 us
[tuning] SMs 64, NVL chunk 3: 195.20 GB/s (NVL), avg_t: 461.56 us
[tuning] SMs 64, NVL chunk 4: 242.14 GB/s (NVL), avg_t: 372.09 us
[tuning] SMs 64, NVL chunk 5: 284.88 GB/s (NVL), avg_t: 316.25 us
[tuning] SMs 64, NVL chunk 6: 326.18 GB/s (NVL), avg_t: 276.21 us
[tuning] SMs 64, NVL chunk 7: 327.98 GB/s (NVL), avg_t: 274.70 us
[tuning] SMs 64, NVL chunk 8: 332.69 GB/s (NVL), avg_t: 270.81 us
[tuning] SMs 64, NVL chunk 9: 344.36 GB/s (NVL), avg_t: 261.63 us
[tuning] SMs 64, NVL chunk 10: 366.14 GB/s (NVL), avg_t: 246.07 us
[tuning] SMs 64, NVL chunk 11: 388.54 GB/s (NVL), avg_t: 231.88 us
[tuning] SMs 64, NVL chunk 12: 410.50 GB/s (NVL), avg_t: 219.48 us
[tuning] SMs 64, NVL chunk 13: 425.15 GB/s (NVL), avg_t: 211.92 us
[tuning] SMs 64, NVL chunk 14: 436.83 GB/s (NVL), avg_t: 206.25 us
[tuning] SMs 64, NVL chunk 15: 448.17 GB/s (NVL), avg_t: 201.03 us
[tuning] SMs 64, NVL chunk 16: 453.35 GB/s (NVL), avg_t: 198.73 us
[tuning] SMs 64, NVL chunk 17: 459.19 GB/s (NVL), avg_t: 196.21 us
[tuning] SMs 64, NVL chunk 18: 460.37 GB/s (NVL), avg_t: 195.70 us
[tuning] SMs 64, NVL chunk 19: 459.87 GB/s (NVL), avg_t: 195.92 us
[tuning] SMs 64, NVL chunk 20: 457.27 GB/s (NVL), avg_t: 197.03 us
[tuning] SMs 64, NVL chunk 21: 458.43 GB/s (NVL), avg_t: 196.53 us
[tuning] SMs 64, NVL chunk 22: 457.22 GB/s (NVL), avg_t: 197.05 us
[tuning] SMs 64, NVL chunk 23: 454.74 GB/s (NVL), avg_t: 198.13 us
[tuning] SMs 64, NVL chunk 24: 460.45 GB/s (NVL), avg_t: 195.67 us
[tuning] SMs 64, NVL chunk 25: 456.42 GB/s (NVL), avg_t: 197.39 us
[tuning] SMs 64, NVL chunk 26: 454.84 GB/s (NVL), avg_t: 198.08 us
[tuning] SMs 64, NVL chunk 27: 450.31 GB/s (NVL), avg_t: 200.08 us
[tuning] SMs 64, NVL chunk 28: 444.63 GB/s (NVL), avg_t: 202.63 us
[tuning] SMs 64, NVL chunk 29: 439.53 GB/s (NVL), avg_t: 204.98 us
[tuning] SMs 64, NVL chunk 30: 439.96 GB/s (NVL), avg_t: 204.78 us
[tuning] SMs 64, NVL chunk 31: 439.86 GB/s (NVL), avg_t: 204.83 us
[tuning] SMs 64, NVL chunk 32: 444.84 GB/s (NVL), avg_t: 202.53 us
[tuning] SMs 64, NVL chunk 33: 445.61 GB/s (NVL), avg_t: 202.19 us
[tuning] SMs 64, NVL chunk 34: 445.48 GB/s (NVL), avg_t: 202.25 us
[tuning] SMs 64, NVL chunk 35: 449.27 GB/s (NVL), avg_t: 200.54 us
[tuning] SMs 64, NVL chunk 36: 446.61 GB/s (NVL), avg_t: 201.73 us
[tuning] SMs 64, NVL chunk 37: 443.84 GB/s (NVL), avg_t: 202.99 us
[tuning] SMs 64, NVL chunk 38: 440.57 GB/s (NVL), avg_t: 204.50 us
[tuning] SMs 64, NVL chunk 39: 437.73 GB/s (NVL), avg_t: 205.82 us
[tuning] SMs 64, NVL chunk 40: 436.39 GB/s (NVL), avg_t: 206.45 us
[tuning] SMs 64, NVL chunk 41: 431.51 GB/s (NVL), avg_t: 208.79 us
[tuning] SMs 64, NVL chunk 42: 430.61 GB/s (NVL), avg_t: 209.23 us
[tuning] SMs 64, NVL chunk 43: 426.35 GB/s (NVL), avg_t: 211.32 us
[tuning] SMs 64, NVL chunk 44: 423.76 GB/s (NVL), avg_t: 212.61 us
[tuning] SMs 64, NVL chunk 45: 428.07 GB/s (NVL), avg_t: 210.47 us
[tuning] SMs 64, NVL chunk 46: 427.69 GB/s (NVL), avg_t: 210.66 us
[tuning] SMs 64, NVL chunk 47: 428.10 GB/s (NVL), avg_t: 210.46 us
[tuning] SMs 64, NVL chunk 48: 431.13 GB/s (NVL), avg_t: 208.98 us
[tuning] SMs 64, NVL chunk 49: 435.00 GB/s (NVL), avg_t: 207.12 us
[tuning] SMs 64, NVL chunk 50: 431.88 GB/s (NVL), avg_t: 208.61 us
[tuning] SMs 64, NVL chunk 51: 436.43 GB/s (NVL), avg_t: 206.44 us
[tuning] SMs 64, NVL chunk 52: 432.19 GB/s (NVL), avg_t: 208.46 us
[tuning] SMs 64, NVL chunk 53: 432.55 GB/s (NVL), avg_t: 208.29 us
[tuning] SMs 64, NVL chunk 54: 433.40 GB/s (NVL), avg_t: 207.88 us
[tuning] SMs 64, NVL chunk 55: 432.51 GB/s (NVL), avg_t: 208.31 us
[tuning] SMs 64, NVL chunk 56: 429.26 GB/s (NVL), avg_t: 209.89 us
[tuning] SMs 64, NVL chunk 57: 429.68 GB/s (NVL), avg_t: 209.68 us
[tuning] SMs 64, NVL chunk 58: 426.11 GB/s (NVL), avg_t: 211.44 us
[tuning] SMs 64, NVL chunk 59: 425.36 GB/s (NVL), avg_t: 211.81 us
[tuning] SMs 64, NVL chunk 60: 424.52 GB/s (NVL), avg_t: 212.23 us
[tuning] SMs 64, NVL chunk 61: 423.30 GB/s (NVL), avg_t: 212.84 us
[tuning] SMs 64, NVL chunk 62: 420.16 GB/s (NVL), avg_t: 214.43 us
[tuning] SMs 64, NVL chunk 63: 418.58 GB/s (NVL), avg_t: 215.24 us
[tuning] SMs 64, NVL chunk 64: 415.85 GB/s (NVL), avg_t: 216.65 us
[tuning] Best dispatch (BF16): SMs 64, NVL chunk 24, 460.45 GB/s (NVL), t: 195.67 us

[tuning] SMs 64, NVL chunk default: 238.48 GB/s (NVL), avg_t: 377.80 us
[tuning] SMs 64, NVL chunk 1: 79.39 GB/s (NVL), avg_t: 1134.83 us
[tuning] SMs 64, NVL chunk 2: 142.50 GB/s (NVL), avg_t: 632.24 us
[tuning] SMs 64, NVL chunk 3: 198.63 GB/s (NVL), avg_t: 453.58 us
[tuning] SMs 64, NVL chunk 4: 239.23 GB/s (NVL), avg_t: 376.61 us
[tuning] SMs 64, NVL chunk 5: 283.53 GB/s (NVL), avg_t: 317.76 us
[tuning] SMs 64, NVL chunk 6: 321.97 GB/s (NVL), avg_t: 279.83 us
[tuning] SMs 64, NVL chunk 7: 342.38 GB/s (NVL), avg_t: 263.15 us
[tuning] SMs 64, NVL chunk 8: 371.87 GB/s (NVL), avg_t: 242.27 us
[tuning] SMs 64, NVL chunk 9: 397.51 GB/s (NVL), avg_t: 226.65 us
[tuning] SMs 64, NVL chunk 10: 361.03 GB/s (NVL), avg_t: 249.55 us
[tuning] SMs 64, NVL chunk 11: 378.79 GB/s (NVL), avg_t: 237.85 us
[tuning] SMs 64, NVL chunk 12: 394.54 GB/s (NVL), avg_t: 228.36 us
[tuning] SMs 64, NVL chunk 13: 410.15 GB/s (NVL), avg_t: 219.67 us
[tuning] SMs 64, NVL chunk 14: 417.75 GB/s (NVL), avg_t: 215.67 us
[tuning] SMs 64, NVL chunk 15: 428.20 GB/s (NVL), avg_t: 210.40 us
[tuning] SMs 64, NVL chunk 16: 434.43 GB/s (NVL), avg_t: 207.39 us
[tuning] SMs 64, NVL chunk 17: 439.56 GB/s (NVL), avg_t: 204.97 us
[tuning] SMs 64, NVL chunk 18: 441.10 GB/s (NVL), avg_t: 204.25 us
[tuning] SMs 64, NVL chunk 19: 442.28 GB/s (NVL), avg_t: 203.71 us
[tuning] SMs 64, NVL chunk 20: 443.64 GB/s (NVL), avg_t: 203.08 us
[tuning] SMs 64, NVL chunk 21: 437.95 GB/s (NVL), avg_t: 205.72 us
[tuning] SMs 64, NVL chunk 22: 431.95 GB/s (NVL), avg_t: 208.58 us
[tuning] SMs 64, NVL chunk 23: 431.36 GB/s (NVL), avg_t: 208.86 us
[tuning] SMs 64, NVL chunk 24: 429.84 GB/s (NVL), avg_t: 209.60 us
[tuning] SMs 64, NVL chunk 25: 432.12 GB/s (NVL), avg_t: 208.50 us
[tuning] SMs 64, NVL chunk 26: 427.98 GB/s (NVL), avg_t: 210.51 us
[tuning] SMs 64, NVL chunk 27: 420.97 GB/s (NVL), avg_t: 214.02 us
[tuning] SMs 64, NVL chunk 28: 418.96 GB/s (NVL), avg_t: 215.05 us
[tuning] SMs 64, NVL chunk 29: 422.02 GB/s (NVL), avg_t: 213.49 us
[tuning] SMs 64, NVL chunk 30: 415.97 GB/s (NVL), avg_t: 216.59 us
[tuning] SMs 64, NVL chunk 31: 418.03 GB/s (NVL), avg_t: 215.53 us
[tuning] SMs 64, NVL chunk 32: 415.21 GB/s (NVL), avg_t: 216.99 us
[tuning] SMs 64, NVL chunk 33: 414.15 GB/s (NVL), avg_t: 217.54 us
[tuning] SMs 64, NVL chunk 34: 416.95 GB/s (NVL), avg_t: 216.08 us
[tuning] SMs 64, NVL chunk 35: 414.51 GB/s (NVL), avg_t: 217.36 us
[tuning] SMs 64, NVL chunk 36: 409.05 GB/s (NVL), avg_t: 220.25 us
[tuning] SMs 64, NVL chunk 37: 410.64 GB/s (NVL), avg_t: 219.40 us
[tuning] SMs 64, NVL chunk 38: 408.22 GB/s (NVL), avg_t: 220.70 us
[tuning] SMs 64, NVL chunk 39: 398.93 GB/s (NVL), avg_t: 225.84 us
[tuning] SMs 64, NVL chunk 40: 404.88 GB/s (NVL), avg_t: 222.53 us
[tuning] SMs 64, NVL chunk 41: 399.97 GB/s (NVL), avg_t: 225.26 us
[tuning] SMs 64, NVL chunk 42: 397.31 GB/s (NVL), avg_t: 226.76 us
[tuning] SMs 64, NVL chunk 43: 401.39 GB/s (NVL), avg_t: 224.46 us
[tuning] SMs 64, NVL chunk 44: 398.83 GB/s (NVL), avg_t: 225.90 us
[tuning] SMs 64, NVL chunk 45: 396.36 GB/s (NVL), avg_t: 227.31 us
[tuning] SMs 64, NVL chunk 46: 398.85 GB/s (NVL), avg_t: 225.89 us
[tuning] SMs 64, NVL chunk 47: 396.10 GB/s (NVL), avg_t: 227.46 us
[tuning] SMs 64, NVL chunk 48: 394.71 GB/s (NVL), avg_t: 228.26 us
[tuning] SMs 64, NVL chunk 49: 398.50 GB/s (NVL), avg_t: 226.09 us
[tuning] SMs 64, NVL chunk 50: 395.24 GB/s (NVL), avg_t: 227.95 us
[tuning] SMs 64, NVL chunk 51: 394.03 GB/s (NVL), avg_t: 228.65 us
[tuning] SMs 64, NVL chunk 52: 394.92 GB/s (NVL), avg_t: 228.14 us
[tuning] SMs 64, NVL chunk 53: 393.65 GB/s (NVL), avg_t: 228.87 us
[tuning] SMs 64, NVL chunk 54: 390.00 GB/s (NVL), avg_t: 231.01 us
[tuning] SMs 64, NVL chunk 55: 391.34 GB/s (NVL), avg_t: 230.22 us
[tuning] SMs 64, NVL chunk 56: 390.64 GB/s (NVL), avg_t: 230.64 us
[tuning] SMs 64, NVL chunk 57: 387.75 GB/s (NVL), avg_t: 232.35 us
[tuning] SMs 64, NVL chunk 58: 386.24 GB/s (NVL), avg_t: 233.26 us
[tuning] SMs 64, NVL chunk 59: 385.89 GB/s (NVL), avg_t: 233.48 us
[tuning] SMs 64, NVL chunk 60: 383.77 GB/s (NVL), avg_t: 234.76 us
[tuning] SMs 64, NVL chunk 61: 385.62 GB/s (NVL), avg_t: 233.64 us
[tuning] SMs 64, NVL chunk 62: 383.01 GB/s (NVL), avg_t: 235.23 us
[tuning] SMs 64, NVL chunk 63: 380.65 GB/s (NVL), avg_t: 236.69 us
[tuning] SMs 64, NVL chunk 64: 378.71 GB/s (NVL), avg_t: 237.90 us
[tuning] Best combine: SMs 64, NVL chunk 20: 443.64 GB/s (NVL), t: 203.08 us


[config] num_tokens=4096, hidden=2048, num_topk=8
[layout] Kernel performance: 0.047 ms

[testing] Running with BF16, without top-k (async=False, previous=False) ... passed
[testing] Running with BF16, with top-k (async=False, previous=False) ... passed
[testing] Running with BF16, without top-k (async=False, previous=False) ... passed
[testing] Running with BF16, with top-k (async=False, previous=False) ... passed
[testing] Running with FP8, without top-k (async=False, previous=False) ... passed
[testing] Running with FP8, with top-k (async=False, previous=False) ... passed
[testing] Running with BF16, without top-k (async=True, previous=False) ... passed
[testing] Running with BF16, with top-k (async=True, previous=False) ... passed
[testing] Running with BF16, without top-k (async=True, previous=False) ... passed
[testing] Running with BF16, with top-k (async=True, previous=False) ... passed
[testing] Running with FP8, without top-k (async=True, previous=False) ... passed
[testing] Running with FP8, with top-k (async=True, previous=False) ... passed
[testing] Running with BF16, without top-k (async=False, previous=True) ... passed
[testing] Running with BF16, with top-k (async=False, previous=True) ... passed
[testing] Running with BF16, without top-k (async=False, previous=True) ... passed
[testing] Running with BF16, with top-k (async=False, previous=True) ... passed
[testing] Running with FP8, without top-k (async=False, previous=True) ... passed
[testing] Running with FP8, with top-k (async=False, previous=True) ... passed
[testing] Running with BF16, without top-k (async=True, previous=True) ... passed
[testing] Running with BF16, with top-k (async=True, previous=True) ... passed
[testing] Running with BF16, without top-k (async=True, previous=True) ... passed
[testing] Running with BF16, with top-k (async=True, previous=True) ... passed
[testing] Running with FP8, without top-k (async=True, previous=True) ... passed
[testing] Running with FP8, with top-k (async=True, previous=True) ... passed

[tuning] SMs 66, NVL chunk default: 327.65 GB/s (NVL), avg_t: 272.60 us
[tuning] SMs 66, NVL chunk 1: 78.77 GB/s (NVL), avg_t: 1133.97 us
[tuning] SMs 66, NVL chunk 2: 137.58 GB/s (NVL), avg_t: 649.22 us
[tuning] SMs 66, NVL chunk 3: 195.91 GB/s (NVL), avg_t: 455.90 us
[tuning] SMs 66, NVL chunk 4: 242.51 GB/s (NVL), avg_t: 368.30 us
[tuning] SMs 66, NVL chunk 5: 287.83 GB/s (NVL), avg_t: 310.31 us
[tuning] SMs 66, NVL chunk 6: 327.89 GB/s (NVL), avg_t: 272.40 us
[tuning] SMs 66, NVL chunk 7: 332.57 GB/s (NVL), avg_t: 268.57 us
[tuning] SMs 66, NVL chunk 8: 334.93 GB/s (NVL), avg_t: 266.67 us
[tuning] SMs 66, NVL chunk 9: 348.80 GB/s (NVL), avg_t: 256.07 us
[tuning] SMs 66, NVL chunk 10: 369.16 GB/s (NVL), avg_t: 241.95 us
[tuning] SMs 66, NVL chunk 11: 392.17 GB/s (NVL), avg_t: 227.75 us
[tuning] SMs 66, NVL chunk 12: 411.00 GB/s (NVL), avg_t: 217.32 us
[tuning] SMs 66, NVL chunk 13: 426.83 GB/s (NVL), avg_t: 209.26 us
[tuning] SMs 66, NVL chunk 14: 436.94 GB/s (NVL), avg_t: 204.41 us
[tuning] SMs 66, NVL chunk 15: 450.68 GB/s (NVL), avg_t: 198.19 us
[tuning] SMs 66, NVL chunk 16: 455.13 GB/s (NVL), avg_t: 196.25 us
[tuning] SMs 66, NVL chunk 17: 455.41 GB/s (NVL), avg_t: 196.13 us
[tuning] SMs 66, NVL chunk 18: 458.32 GB/s (NVL), avg_t: 194.88 us
[tuning] SMs 66, NVL chunk 19: 457.25 GB/s (NVL), avg_t: 195.34 us
[tuning] SMs 66, NVL chunk 20: 455.95 GB/s (NVL), avg_t: 195.89 us
[tuning] SMs 66, NVL chunk 21: 457.39 GB/s (NVL), avg_t: 195.28 us
[tuning] SMs 66, NVL chunk 22: 454.37 GB/s (NVL), avg_t: 196.57 us
[tuning] SMs 66, NVL chunk 23: 460.39 GB/s (NVL), avg_t: 194.00 us
[tuning] SMs 66, NVL chunk 24: 455.07 GB/s (NVL), avg_t: 196.27 us
[tuning] SMs 66, NVL chunk 25: 453.03 GB/s (NVL), avg_t: 197.15 us
[tuning] SMs 66, NVL chunk 26: 451.43 GB/s (NVL), avg_t: 197.85 us
[tuning] SMs 66, NVL chunk 27: 446.70 GB/s (NVL), avg_t: 199.95 us
[tuning] SMs 66, NVL chunk 28: 437.95 GB/s (NVL), avg_t: 203.95 us
[tuning] SMs 66, NVL chunk 29: 437.11 GB/s (NVL), avg_t: 204.34 us
[tuning] SMs 66, NVL chunk 30: 440.84 GB/s (NVL), avg_t: 202.61 us
[tuning] SMs 66, NVL chunk 31: 434.93 GB/s (NVL), avg_t: 205.36 us
[tuning] SMs 66, NVL chunk 32: 438.95 GB/s (NVL), avg_t: 203.48 us
[tuning] SMs 66, NVL chunk 33: 443.54 GB/s (NVL), avg_t: 201.38 us
[tuning] SMs 66, NVL chunk 34: 444.93 GB/s (NVL), avg_t: 200.75 us
[tuning] SMs 66, NVL chunk 35: 445.78 GB/s (NVL), avg_t: 200.36 us
[tuning] SMs 66, NVL chunk 36: 445.79 GB/s (NVL), avg_t: 200.36 us
[tuning] SMs 66, NVL chunk 37: 443.37 GB/s (NVL), avg_t: 201.45 us
[tuning] SMs 66, NVL chunk 38: 439.45 GB/s (NVL), avg_t: 203.25 us
[tuning] SMs 66, NVL chunk 39: 435.97 GB/s (NVL), avg_t: 204.87 us
[tuning] SMs 66, NVL chunk 40: 433.13 GB/s (NVL), avg_t: 206.21 us
[tuning] SMs 66, NVL chunk 41: 432.10 GB/s (NVL), avg_t: 206.71 us
[tuning] SMs 66, NVL chunk 42: 431.85 GB/s (NVL), avg_t: 206.83 us
[tuning] SMs 66, NVL chunk 43: 430.33 GB/s (NVL), avg_t: 207.56 us
[tuning] SMs 66, NVL chunk 44: 430.69 GB/s (NVL), avg_t: 207.38 us
[tuning] SMs 66, NVL chunk 45: 433.90 GB/s (NVL), avg_t: 205.85 us
[tuning] SMs 66, NVL chunk 46: 436.65 GB/s (NVL), avg_t: 204.55 us
[tuning] SMs 66, NVL chunk 47: 434.24 GB/s (NVL), avg_t: 205.69 us
[tuning] SMs 66, NVL chunk 48: 437.98 GB/s (NVL), avg_t: 203.93 us
[tuning] SMs 66, NVL chunk 49: 438.18 GB/s (NVL), avg_t: 203.84 us
[tuning] SMs 66, NVL chunk 50: 439.86 GB/s (NVL), avg_t: 203.06 us
[tuning] SMs 66, NVL chunk 51: 438.46 GB/s (NVL), avg_t: 203.71 us
[tuning] SMs 66, NVL chunk 52: 436.63 GB/s (NVL), avg_t: 204.56 us
[tuning] SMs 66, NVL chunk 53: 433.35 GB/s (NVL), avg_t: 206.11 us
[tuning] SMs 66, NVL chunk 54: 429.75 GB/s (NVL), avg_t: 207.84 us
[tuning] SMs 66, NVL chunk 55: 429.89 GB/s (NVL), avg_t: 207.77 us
[tuning] SMs 66, NVL chunk 56: 427.03 GB/s (NVL), avg_t: 209.16 us
[tuning] SMs 66, NVL chunk 57: 424.30 GB/s (NVL), avg_t: 210.51 us
[tuning] SMs 66, NVL chunk 58: 425.63 GB/s (NVL), avg_t: 209.85 us
[tuning] SMs 66, NVL chunk 59: 423.75 GB/s (NVL), avg_t: 210.78 us
[tuning] SMs 66, NVL chunk 60: 421.63 GB/s (NVL), avg_t: 211.84 us
[tuning] SMs 66, NVL chunk 61: 421.34 GB/s (NVL), avg_t: 211.98 us
[tuning] SMs 66, NVL chunk 62: 418.03 GB/s (NVL), avg_t: 213.66 us
[tuning] SMs 66, NVL chunk 63: 418.11 GB/s (NVL), avg_t: 213.62 us
[tuning] SMs 66, NVL chunk 64: 415.66 GB/s (NVL), avg_t: 214.88 us
[tuning] Best dispatch (BF16): SMs 66, NVL chunk 23, 460.39 GB/s (NVL), t: 194.00 us

[tuning] SMs 66, NVL chunk default: 237.71 GB/s (NVL), avg_t: 375.74 us
[tuning] SMs 66, NVL chunk 1: 79.08 GB/s (NVL), avg_t: 1129.52 us
[tuning] SMs 66, NVL chunk 2: 138.12 GB/s (NVL), avg_t: 646.68 us
[tuning] SMs 66, NVL chunk 3: 196.40 GB/s (NVL), avg_t: 454.76 us
[tuning] SMs 66, NVL chunk 4: 237.32 GB/s (NVL), avg_t: 376.35 us
[tuning] SMs 66, NVL chunk 5: 282.03 GB/s (NVL), avg_t: 316.69 us
[tuning] SMs 66, NVL chunk 6: 316.34 GB/s (NVL), avg_t: 282.35 us
[tuning] SMs 66, NVL chunk 7: 337.78 GB/s (NVL), avg_t: 264.43 us
[tuning] SMs 66, NVL chunk 8: 365.69 GB/s (NVL), avg_t: 244.24 us
[tuning] SMs 66, NVL chunk 9: 381.33 GB/s (NVL), avg_t: 234.22 us
[tuning] SMs 66, NVL chunk 10: 351.96 GB/s (NVL), avg_t: 253.77 us
[tuning] SMs 66, NVL chunk 11: 373.55 GB/s (NVL), avg_t: 239.11 us
[tuning] SMs 66, NVL chunk 12: 388.00 GB/s (NVL), avg_t: 230.20 us
[tuning] SMs 66, NVL chunk 13: 398.14 GB/s (NVL), avg_t: 224.34 us
[tuning] SMs 66, NVL chunk 14: 406.60 GB/s (NVL), avg_t: 219.67 us
[tuning] SMs 66, NVL chunk 15: 413.37 GB/s (NVL), avg_t: 216.07 us
[tuning] SMs 66, NVL chunk 16: 413.64 GB/s (NVL), avg_t: 215.93 us
[tuning] SMs 66, NVL chunk 17: 419.88 GB/s (NVL), avg_t: 212.72 us
[tuning] SMs 66, NVL chunk 18: 410.08 GB/s (NVL), avg_t: 217.80 us
[tuning] SMs 66, NVL chunk 19: 413.47 GB/s (NVL), avg_t: 216.02 us
[tuning] SMs 66, NVL chunk 20: 410.84 GB/s (NVL), avg_t: 217.40 us
[tuning] SMs 66, NVL chunk 21: 405.13 GB/s (NVL), avg_t: 220.46 us
[tuning] SMs 66, NVL chunk 22: 401.78 GB/s (NVL), avg_t: 222.31 us
[tuning] SMs 66, NVL chunk 23: 402.55 GB/s (NVL), avg_t: 221.88 us
[tuning] SMs 66, NVL chunk 24: 400.27 GB/s (NVL), avg_t: 223.14 us
[tuning] SMs 66, NVL chunk 25: 400.78 GB/s (NVL), avg_t: 222.86 us
[tuning] SMs 66, NVL chunk 26: 397.97 GB/s (NVL), avg_t: 224.43 us
[tuning] SMs 66, NVL chunk 27: 395.40 GB/s (NVL), avg_t: 225.89 us
[tuning] SMs 66, NVL chunk 28: 396.73 GB/s (NVL), avg_t: 225.14 us
[tuning] SMs 66, NVL chunk 29: 389.63 GB/s (NVL), avg_t: 229.23 us
[tuning] SMs 66, NVL chunk 30: 392.19 GB/s (NVL), avg_t: 227.74 us
[tuning] SMs 66, NVL chunk 31: 396.41 GB/s (NVL), avg_t: 225.32 us
[tuning] SMs 66, NVL chunk 32: 395.36 GB/s (NVL), avg_t: 225.91 us
[tuning] SMs 66, NVL chunk 33: 390.89 GB/s (NVL), avg_t: 228.50 us
[tuning] SMs 66, NVL chunk 34: 389.34 GB/s (NVL), avg_t: 229.41 us
[tuning] SMs 66, NVL chunk 35: 391.59 GB/s (NVL), avg_t: 228.09 us
[tuning] SMs 66, NVL chunk 36: 383.75 GB/s (NVL), avg_t: 232.75 us
[tuning] SMs 66, NVL chunk 37: 383.48 GB/s (NVL), avg_t: 232.91 us
[tuning] SMs 66, NVL chunk 38: 382.70 GB/s (NVL), avg_t: 233.39 us
[tuning] SMs 66, NVL chunk 39: 377.87 GB/s (NVL), avg_t: 236.37 us
[tuning] SMs 66, NVL chunk 40: 377.50 GB/s (NVL), avg_t: 236.60 us
[tuning] SMs 66, NVL chunk 41: 376.53 GB/s (NVL), avg_t: 237.21 us
[tuning] SMs 66, NVL chunk 42: 375.60 GB/s (NVL), avg_t: 237.80 us
[tuning] SMs 66, NVL chunk 43: 375.29 GB/s (NVL), avg_t: 237.99 us
[tuning] SMs 66, NVL chunk 44: 377.01 GB/s (NVL), avg_t: 236.91 us
[tuning] SMs 66, NVL chunk 45: 376.67 GB/s (NVL), avg_t: 237.13 us
[tuning] SMs 66, NVL chunk 46: 376.31 GB/s (NVL), avg_t: 237.35 us
[tuning] SMs 66, NVL chunk 47: 373.25 GB/s (NVL), avg_t: 239.29 us
[tuning] SMs 66, NVL chunk 48: 373.50 GB/s (NVL), avg_t: 239.14 us
[tuning] SMs 66, NVL chunk 49: 372.41 GB/s (NVL), avg_t: 239.83 us
[tuning] SMs 66, NVL chunk 50: 371.77 GB/s (NVL), avg_t: 240.25 us
[tuning] SMs 66, NVL chunk 51: 372.44 GB/s (NVL), avg_t: 239.82 us
[tuning] SMs 66, NVL chunk 52: 371.09 GB/s (NVL), avg_t: 240.69 us
[tuning] SMs 66, NVL chunk 53: 370.64 GB/s (NVL), avg_t: 240.98 us
[tuning] SMs 66, NVL chunk 54: 369.95 GB/s (NVL), avg_t: 241.43 us
[tuning] SMs 66, NVL chunk 55: 368.89 GB/s (NVL), avg_t: 242.13 us
[tuning] SMs 66, NVL chunk 56: 366.51 GB/s (NVL), avg_t: 243.70 us
[tuning] SMs 66, NVL chunk 57: 366.74 GB/s (NVL), avg_t: 243.54 us
[tuning] SMs 66, NVL chunk 58: 364.67 GB/s (NVL), avg_t: 244.93 us
[tuning] SMs 66, NVL chunk 59: 363.89 GB/s (NVL), avg_t: 245.45 us
[tuning] SMs 66, NVL chunk 60: 363.12 GB/s (NVL), avg_t: 245.97 us
[tuning] SMs 66, NVL chunk 61: 362.19 GB/s (NVL), avg_t: 246.60 us
[tuning] SMs 66, NVL chunk 62: 361.95 GB/s (NVL), avg_t: 246.77 us
[tuning] SMs 66, NVL chunk 63: 361.57 GB/s (NVL), avg_t: 247.03 us
[tuning] SMs 66, NVL chunk 64: 359.82 GB/s (NVL), avg_t: 248.23 us
[tuning] Best combine: SMs 66, NVL chunk 17: 419.88 GB/s (NVL), t: 212.72 us


[config] num_tokens=4096, hidden=2048, num_topk=8
[layout] Kernel performance: 0.047 ms

[testing] Running with BF16, without top-k (async=False, previous=False) ... passed
[testing] Running with BF16, with top-k (async=False, previous=False) ... passed
[testing] Running with BF16, without top-k (async=False, previous=False) ... passed
[testing] Running with BF16, with top-k (async=False, previous=False) ... passed
[testing] Running with FP8, without top-k (async=False, previous=False) ... passed
[testing] Running with FP8, with top-k (async=False, previous=False) ... passed
[testing] Running with BF16, without top-k (async=True, previous=False) ... passed
[testing] Running with BF16, with top-k (async=True, previous=False) ... passed
[testing] Running with BF16, without top-k (async=True, previous=False) ... passed
[testing] Running with BF16, with top-k (async=True, previous=False) ... passed
[testing] Running with FP8, without top-k (async=True, previous=False) ... passed
[testing] Running with FP8, with top-k (async=True, previous=False) ... passed
[testing] Running with BF16, without top-k (async=False, previous=True) ... passed
[testing] Running with BF16, with top-k (async=False, previous=True) ... passed
[testing] Running with BF16, without top-k (async=False, previous=True) ... passed
[testing] Running with BF16, with top-k (async=False, previous=True) ... passed
[testing] Running with FP8, without top-k (async=False, previous=True) ... passed
[testing] Running with FP8, with top-k (async=False, previous=True) ... passed
[testing] Running with BF16, without top-k (async=True, previous=True) ... passed
[testing] Running with BF16, with top-k (async=True, previous=True) ... passed
[testing] Running with BF16, without top-k (async=True, previous=True) ... passed
[testing] Running with BF16, with top-k (async=True, previous=True) ... passed
[testing] Running with FP8, without top-k (async=True, previous=True) ... passed
[testing] Running with FP8, with top-k (async=True, previous=True) ... passed

[tuning] SMs 68, NVL chunk default: 335.77 GB/s (NVL), avg_t: 265.22 us
[tuning] SMs 68, NVL chunk 1: 81.57 GB/s (NVL), avg_t: 1091.66 us
[tuning] SMs 68, NVL chunk 2: 141.32 GB/s (NVL), avg_t: 630.13 us
[tuning] SMs 68, NVL chunk 3: 202.11 GB/s (NVL), avg_t: 440.60 us
[tuning] SMs 68, NVL chunk 4: 249.21 GB/s (NVL), avg_t: 357.33 us
[tuning] SMs 68, NVL chunk 5: 295.01 GB/s (NVL), avg_t: 301.86 us
[tuning] SMs 68, NVL chunk 6: 337.37 GB/s (NVL), avg_t: 263.95 us
[tuning] SMs 68, NVL chunk 7: 341.63 GB/s (NVL), avg_t: 260.66 us
[tuning] SMs 68, NVL chunk 8: 341.61 GB/s (NVL), avg_t: 260.68 us
[tuning] SMs 68, NVL chunk 9: 353.25 GB/s (NVL), avg_t: 252.09 us
[tuning] SMs 68, NVL chunk 10: 375.17 GB/s (NVL), avg_t: 237.36 us
[tuning] SMs 68, NVL chunk 11: 397.42 GB/s (NVL), avg_t: 224.08 us
[tuning] SMs 68, NVL chunk 12: 417.52 GB/s (NVL), avg_t: 213.29 us
[tuning] SMs 68, NVL chunk 13: 431.27 GB/s (NVL), avg_t: 206.49 us
[tuning] SMs 68, NVL chunk 14: 443.09 GB/s (NVL), avg_t: 200.98 us
[tuning] SMs 68, NVL chunk 15: 452.41 GB/s (NVL), avg_t: 196.84 us
[tuning] SMs 68, NVL chunk 16: 456.02 GB/s (NVL), avg_t: 195.28 us
[tuning] SMs 68, NVL chunk 17: 458.74 GB/s (NVL), avg_t: 194.12 us
[tuning] SMs 68, NVL chunk 18: 460.25 GB/s (NVL), avg_t: 193.48 us
[tuning] SMs 68, NVL chunk 19: 454.44 GB/s (NVL), avg_t: 195.96 us
[tuning] SMs 68, NVL chunk 20: 456.16 GB/s (NVL), avg_t: 195.22 us
[tuning] SMs 68, NVL chunk 21: 455.80 GB/s (NVL), avg_t: 195.37 us
[tuning] SMs 68, NVL chunk 22: 451.43 GB/s (NVL), avg_t: 197.26 us
[tuning] SMs 68, NVL chunk 23: 452.09 GB/s (NVL), avg_t: 196.98 us
[tuning] SMs 68, NVL chunk 24: 454.89 GB/s (NVL), avg_t: 195.76 us
[tuning] SMs 68, NVL chunk 25: 448.77 GB/s (NVL), avg_t: 198.44 us
[tuning] SMs 68, NVL chunk 26: 449.76 GB/s (NVL), avg_t: 198.00 us
[tuning] SMs 68, NVL chunk 27: 446.06 GB/s (NVL), avg_t: 199.64 us
[tuning] SMs 68, NVL chunk 28: 444.71 GB/s (NVL), avg_t: 200.25 us
[tuning] SMs 68, NVL chunk 29: 442.46 GB/s (NVL), avg_t: 201.26 us
[tuning] SMs 68, NVL chunk 30: 443.97 GB/s (NVL), avg_t: 200.58 us
[tuning] SMs 68, NVL chunk 31: 441.01 GB/s (NVL), avg_t: 201.93 us
[tuning] SMs 68, NVL chunk 32: 443.43 GB/s (NVL), avg_t: 200.82 us
[tuning] SMs 68, NVL chunk 33: 445.19 GB/s (NVL), avg_t: 200.03 us
[tuning] SMs 68, NVL chunk 34: 444.84 GB/s (NVL), avg_t: 200.19 us
[tuning] SMs 68, NVL chunk 35: 444.07 GB/s (NVL), avg_t: 200.53 us
[tuning] SMs 68, NVL chunk 36: 441.59 GB/s (NVL), avg_t: 201.66 us
[tuning] SMs 68, NVL chunk 37: 439.72 GB/s (NVL), avg_t: 202.52 us
[tuning] SMs 68, NVL chunk 38: 435.25 GB/s (NVL), avg_t: 204.60 us
[tuning] SMs 68, NVL chunk 39: 432.75 GB/s (NVL), avg_t: 205.78 us
[tuning] SMs 68, NVL chunk 40: 430.48 GB/s (NVL), avg_t: 206.87 us
[tuning] SMs 68, NVL chunk 41: 426.23 GB/s (NVL), avg_t: 208.93 us
[tuning] SMs 68, NVL chunk 42: 431.68 GB/s (NVL), avg_t: 206.29 us
[tuning] SMs 68, NVL chunk 43: 432.19 GB/s (NVL), avg_t: 206.05 us
[tuning] SMs 68, NVL chunk 44: 433.10 GB/s (NVL), avg_t: 205.62 us
[tuning] SMs 68, NVL chunk 45: 439.12 GB/s (NVL), avg_t: 202.79 us
[tuning] SMs 68, NVL chunk 46: 438.33 GB/s (NVL), avg_t: 203.16 us
[tuning] SMs 68, NVL chunk 47: 437.53 GB/s (NVL), avg_t: 203.53 us
[tuning] SMs 68, NVL chunk 48: 441.28 GB/s (NVL), avg_t: 201.80 us
[tuning] SMs 68, NVL chunk 49: 437.63 GB/s (NVL), avg_t: 203.49 us
[tuning] SMs 68, NVL chunk 50: 436.89 GB/s (NVL), avg_t: 203.83 us
[tuning] SMs 68, NVL chunk 51: 434.38 GB/s (NVL), avg_t: 205.01 us
[tuning] SMs 68, NVL chunk 52: 432.62 GB/s (NVL), avg_t: 205.84 us
[tuning] SMs 68, NVL chunk 53: 431.18 GB/s (NVL), avg_t: 206.53 us
[tuning] SMs 68, NVL chunk 54: 431.38 GB/s (NVL), avg_t: 206.43 us
[tuning] SMs 68, NVL chunk 55: 426.88 GB/s (NVL), avg_t: 208.61 us
[tuning] SMs 68, NVL chunk 56: 424.31 GB/s (NVL), avg_t: 209.87 us
[tuning] SMs 68, NVL chunk 57: 423.57 GB/s (NVL), avg_t: 210.24 us
[tuning] SMs 68, NVL chunk 58: 424.21 GB/s (NVL), avg_t: 209.92 us
[tuning] SMs 68, NVL chunk 59: 421.03 GB/s (NVL), avg_t: 211.51 us
[tuning] SMs 68, NVL chunk 60: 418.81 GB/s (NVL), avg_t: 212.63 us
[tuning] SMs 68, NVL chunk 61: 416.49 GB/s (NVL), avg_t: 213.81 us
[tuning] SMs 68, NVL chunk 62: 414.87 GB/s (NVL), avg_t: 214.65 us
[tuning] SMs 68, NVL chunk 63: 413.38 GB/s (NVL), avg_t: 215.42 us
[tuning] SMs 68, NVL chunk 64: 412.80 GB/s (NVL), avg_t: 215.73 us
[tuning] Best dispatch (BF16): SMs 68, NVL chunk 18, 460.25 GB/s (NVL), t: 193.48 us

[tuning] SMs 68, NVL chunk default: 247.22 GB/s (NVL), avg_t: 360.21 us
[tuning] SMs 68, NVL chunk 1: 82.75 GB/s (NVL), avg_t: 1076.09 us
[tuning] SMs 68, NVL chunk 2: 145.38 GB/s (NVL), avg_t: 612.52 us
[tuning] SMs 68, NVL chunk 3: 205.04 GB/s (NVL), avg_t: 434.30 us
[tuning] SMs 68, NVL chunk 4: 246.94 GB/s (NVL), avg_t: 360.62 us
[tuning] SMs 68, NVL chunk 5: 292.36 GB/s (NVL), avg_t: 304.60 us
[tuning] SMs 68, NVL chunk 6: 329.90 GB/s (NVL), avg_t: 269.93 us
[tuning] SMs 68, NVL chunk 7: 345.10 GB/s (NVL), avg_t: 258.04 us
[tuning] SMs 68, NVL chunk 8: 378.65 GB/s (NVL), avg_t: 235.18 us
[tuning] SMs 68, NVL chunk 9: 400.92 GB/s (NVL), avg_t: 222.12 us
[tuning] SMs 68, NVL chunk 10: 362.34 GB/s (NVL), avg_t: 245.77 us
[tuning] SMs 68, NVL chunk 11: 383.17 GB/s (NVL), avg_t: 232.40 us
[tuning] SMs 68, NVL chunk 12: 401.29 GB/s (NVL), avg_t: 221.91 us
[tuning] SMs 68, NVL chunk 13: 405.47 GB/s (NVL), avg_t: 219.63 us
[tuning] SMs 68, NVL chunk 14: 421.01 GB/s (NVL), avg_t: 211.52 us
[tuning] SMs 68, NVL chunk 15: 427.48 GB/s (NVL), avg_t: 208.32 us
[tuning] SMs 68, NVL chunk 16: 421.93 GB/s (NVL), avg_t: 211.06 us
[tuning] SMs 68, NVL chunk 17: 431.45 GB/s (NVL), avg_t: 206.40 us
[tuning] SMs 68, NVL chunk 18: 433.25 GB/s (NVL), avg_t: 205.54 us
[tuning] SMs 68, NVL chunk 19: 432.53 GB/s (NVL), avg_t: 205.89 us
[tuning] SMs 68, NVL chunk 20: 431.70 GB/s (NVL), avg_t: 206.28 us
[tuning] SMs 68, NVL chunk 21: 428.52 GB/s (NVL), avg_t: 207.81 us
[tuning] SMs 68, NVL chunk 22: 420.16 GB/s (NVL), avg_t: 211.95 us
[tuning] SMs 68, NVL chunk 23: 419.82 GB/s (NVL), avg_t: 212.12 us
[tuning] SMs 68, NVL chunk 24: 422.56 GB/s (NVL), avg_t: 210.74 us
[tuning] SMs 68, NVL chunk 25: 413.05 GB/s (NVL), avg_t: 215.59 us
[tuning] SMs 68, NVL chunk 26: 413.42 GB/s (NVL), avg_t: 215.40 us
[tuning] SMs 68, NVL chunk 27: 415.32 GB/s (NVL), avg_t: 214.42 us
[tuning] SMs 68, NVL chunk 28: 411.63 GB/s (NVL), avg_t: 216.34 us
[tuning] SMs 68, NVL chunk 29: 414.83 GB/s (NVL), avg_t: 214.67 us
[tuning] SMs 68, NVL chunk 30: 412.86 GB/s (NVL), avg_t: 215.69 us
[tuning] SMs 68, NVL chunk 31: 406.59 GB/s (NVL), avg_t: 219.02 us
[tuning] SMs 68, NVL chunk 32: 408.31 GB/s (NVL), avg_t: 218.10 us
[tuning] SMs 68, NVL chunk 33: 405.96 GB/s (NVL), avg_t: 219.36 us
[tuning] SMs 68, NVL chunk 34: 404.06 GB/s (NVL), avg_t: 220.39 us
[tuning] SMs 68, NVL chunk 35: 401.68 GB/s (NVL), avg_t: 221.70 us
[tuning] SMs 68, NVL chunk 36: 398.43 GB/s (NVL), avg_t: 223.51 us
[tuning] SMs 68, NVL chunk 37: 396.99 GB/s (NVL), avg_t: 224.31 us
[tuning] SMs 68, NVL chunk 38: 396.12 GB/s (NVL), avg_t: 224.81 us
[tuning] SMs 68, NVL chunk 39: 391.63 GB/s (NVL), avg_t: 227.38 us
[tuning] SMs 68, NVL chunk 40: 394.57 GB/s (NVL), avg_t: 225.69 us
[tuning] SMs 68, NVL chunk 41: 391.83 GB/s (NVL), avg_t: 227.27 us
[tuning] SMs 68, NVL chunk 42: 386.95 GB/s (NVL), avg_t: 230.13 us
[tuning] SMs 68, NVL chunk 43: 388.93 GB/s (NVL), avg_t: 228.96 us
[tuning] SMs 68, NVL chunk 44: 388.18 GB/s (NVL), avg_t: 229.41 us
[tuning] SMs 68, NVL chunk 45: 384.49 GB/s (NVL), avg_t: 231.61 us
[tuning] SMs 68, NVL chunk 46: 384.32 GB/s (NVL), avg_t: 231.71 us
[tuning] SMs 68, NVL chunk 47: 384.12 GB/s (NVL), avg_t: 231.83 us
[tuning] SMs 68, NVL chunk 48: 384.03 GB/s (NVL), avg_t: 231.88 us
[tuning] SMs 68, NVL chunk 49: 385.44 GB/s (NVL), avg_t: 231.04 us
[tuning] SMs 68, NVL chunk 50: 385.64 GB/s (NVL), avg_t: 230.92 us
[tuning] SMs 68, NVL chunk 51: 383.53 GB/s (NVL), avg_t: 232.19 us
[tuning] SMs 68, NVL chunk 52: 384.18 GB/s (NVL), avg_t: 231.80 us
[tuning] SMs 68, NVL chunk 53: 382.60 GB/s (NVL), avg_t: 232.76 us
[tuning] SMs 68, NVL chunk 54: 381.70 GB/s (NVL), avg_t: 233.30 us
[tuning] SMs 68, NVL chunk 55: 380.14 GB/s (NVL), avg_t: 234.26 us
[tuning] SMs 68, NVL chunk 56: 380.29 GB/s (NVL), avg_t: 234.17 us
[tuning] SMs 68, NVL chunk 57: 378.38 GB/s (NVL), avg_t: 235.35 us
[tuning] SMs 68, NVL chunk 58: 378.34 GB/s (NVL), avg_t: 235.38 us
[tuning] SMs 68, NVL chunk 59: 375.44 GB/s (NVL), avg_t: 237.19 us
[tuning] SMs 68, NVL chunk 60: 374.72 GB/s (NVL), avg_t: 237.64 us
[tuning] SMs 68, NVL chunk 61: 373.94 GB/s (NVL), avg_t: 238.14 us
[tuning] SMs 68, NVL chunk 62: 370.55 GB/s (NVL), avg_t: 240.32 us
[tuning] SMs 68, NVL chunk 63: 368.22 GB/s (NVL), avg_t: 241.84 us
[tuning] SMs 68, NVL chunk 64: 369.97 GB/s (NVL), avg_t: 240.70 us
[tuning] Best combine: SMs 68, NVL chunk 18: 433.25 GB/s (NVL), t: 205.54 us


[config] num_tokens=4096, hidden=2048, num_topk=8
[layout] Kernel performance: 0.047 ms

[testing] Running with BF16, without top-k (async=False, previous=False) ... passed
[testing] Running with BF16, with top-k (async=False, previous=False) ... passed
[testing] Running with BF16, without top-k (async=False, previous=False) ... passed
[testing] Running with BF16, with top-k (async=False, previous=False) ... passed
[testing] Running with FP8, without top-k (async=False, previous=False) ... passed
[testing] Running with FP8, with top-k (async=False, previous=False) ... passed
[testing] Running with BF16, without top-k (async=True, previous=False) ... passed
[testing] Running with BF16, with top-k (async=True, previous=False) ... passed
[testing] Running with BF16, without top-k (async=True, previous=False) ... passed
[testing] Running with BF16, with top-k (async=True, previous=False) ... passed
[testing] Running with FP8, without top-k (async=True, previous=False) ... passed
[testing] Running with FP8, with top-k (async=True, previous=False) ... passed
[testing] Running with BF16, without top-k (async=False, previous=True) ... passed
[testing] Running with BF16, with top-k (async=False, previous=True) ... passed
[testing] Running with BF16, without top-k (async=False, previous=True) ... passed
[testing] Running with BF16, with top-k (async=False, previous=True) ... passed
[testing] Running with FP8, without top-k (async=False, previous=True) ... passed
[testing] Running with FP8, with top-k (async=False, previous=True) ... passed
[testing] Running with BF16, without top-k (async=True, previous=True) ... passed
[testing] Running with BF16, with top-k (async=True, previous=True) ... passed
[testing] Running with BF16, without top-k (async=True, previous=True) ... passed
[testing] Running with BF16, with top-k (async=True, previous=True) ... passed
[testing] Running with FP8, without top-k (async=True, previous=True) ... passed
[testing] Running with FP8, with top-k (async=True, previous=True) ... passed

[tuning] SMs 70, NVL chunk default: 341.91 GB/s (NVL), avg_t: 259.76 us
[tuning] SMs 70, NVL chunk 1: 83.06 GB/s (NVL), avg_t: 1069.24 us
[tuning] SMs 70, NVL chunk 2: 144.78 GB/s (NVL), avg_t: 613.43 us
[tuning] SMs 70, NVL chunk 3: 206.83 GB/s (NVL), avg_t: 429.40 us
[tuning] SMs 70, NVL chunk 4: 253.53 GB/s (NVL), avg_t: 350.30 us
[tuning] SMs 70, NVL chunk 5: 300.33 GB/s (NVL), avg_t: 295.72 us
[tuning] SMs 70, NVL chunk 6: 342.60 GB/s (NVL), avg_t: 259.24 us
[tuning] SMs 70, NVL chunk 7: 345.82 GB/s (NVL), avg_t: 256.82 us
[tuning] SMs 70, NVL chunk 8: 344.76 GB/s (NVL), avg_t: 257.61 us
[tuning] SMs 70, NVL chunk 9: 358.30 GB/s (NVL), avg_t: 247.87 us
[tuning] SMs 70, NVL chunk 10: 377.84 GB/s (NVL), avg_t: 235.05 us
[tuning] SMs 70, NVL chunk 11: 400.34 GB/s (NVL), avg_t: 221.84 us
[tuning] SMs 70, NVL chunk 12: 423.76 GB/s (NVL), avg_t: 209.58 us
[tuning] SMs 70, NVL chunk 13: 434.57 GB/s (NVL), avg_t: 204.37 us
[tuning] SMs 70, NVL chunk 14: 447.68 GB/s (NVL), avg_t: 198.38 us
[tuning] SMs 70, NVL chunk 15: 454.07 GB/s (NVL), avg_t: 195.60 us
[tuning] SMs 70, NVL chunk 16: 457.04 GB/s (NVL), avg_t: 194.32 us
[tuning] SMs 70, NVL chunk 17: 457.21 GB/s (NVL), avg_t: 194.25 us
[tuning] SMs 70, NVL chunk 18: 455.66 GB/s (NVL), avg_t: 194.91 us
[tuning] SMs 70, NVL chunk 19: 452.29 GB/s (NVL), avg_t: 196.36 us
[tuning] SMs 70, NVL chunk 20: 454.83 GB/s (NVL), avg_t: 195.27 us
[tuning] SMs 70, NVL chunk 21: 452.72 GB/s (NVL), avg_t: 196.18 us
[tuning] SMs 70, NVL chunk 22: 446.08 GB/s (NVL), avg_t: 199.10 us
[tuning] SMs 70, NVL chunk 23: 450.95 GB/s (NVL), avg_t: 196.95 us
[tuning] SMs 70, NVL chunk 24: 451.16 GB/s (NVL), avg_t: 196.86 us
[tuning] SMs 70, NVL chunk 25: 439.97 GB/s (NVL), avg_t: 201.86 us
[tuning] SMs 70, NVL chunk 26: 439.34 GB/s (NVL), avg_t: 202.15 us
[tuning] SMs 70, NVL chunk 27: 438.04 GB/s (NVL), avg_t: 202.75 us
[tuning] SMs 70, NVL chunk 28: 435.04 GB/s (NVL), avg_t: 204.15 us
[tuning] SMs 70, NVL chunk 29: 432.37 GB/s (NVL), avg_t: 205.41 us
[tuning] SMs 70, NVL chunk 30: 437.89 GB/s (NVL), avg_t: 202.82 us
[tuning] SMs 70, NVL chunk 31: 433.77 GB/s (NVL), avg_t: 204.75 us
[tuning] SMs 70, NVL chunk 32: 437.86 GB/s (NVL), avg_t: 202.84 us
[tuning] SMs 70, NVL chunk 33: 439.96 GB/s (NVL), avg_t: 201.87 us
[tuning] SMs 70, NVL chunk 34: 439.26 GB/s (NVL), avg_t: 202.19 us
[tuning] SMs 70, NVL chunk 35: 437.50 GB/s (NVL), avg_t: 203.00 us
[tuning] SMs 70, NVL chunk 36: 436.77 GB/s (NVL), avg_t: 203.34 us
[tuning] SMs 70, NVL chunk 37: 433.34 GB/s (NVL), avg_t: 204.95 us
[tuning] SMs 70, NVL chunk 38: 430.54 GB/s (NVL), avg_t: 206.28 us
[tuning] SMs 70, NVL chunk 39: 432.30 GB/s (NVL), avg_t: 205.44 us
[tuning] SMs 70, NVL chunk 40: 429.99 GB/s (NVL), avg_t: 206.55 us
[tuning] SMs 70, NVL chunk 41: 429.60 GB/s (NVL), avg_t: 206.73 us
[tuning] SMs 70, NVL chunk 42: 432.48 GB/s (NVL), avg_t: 205.36 us
[tuning] SMs 70, NVL chunk 43: 432.94 GB/s (NVL), avg_t: 205.14 us
[tuning] SMs 70, NVL chunk 44: 435.35 GB/s (NVL), avg_t: 204.00 us
[tuning] SMs 70, NVL chunk 45: 438.13 GB/s (NVL), avg_t: 202.71 us
[tuning] SMs 70, NVL chunk 46: 439.94 GB/s (NVL), avg_t: 201.88 us
[tuning] SMs 70, NVL chunk 47: 437.29 GB/s (NVL), avg_t: 203.10 us
[tuning] SMs 70, NVL chunk 48: 436.92 GB/s (NVL), avg_t: 203.27 us
[tuning] SMs 70, NVL chunk 49: 434.29 GB/s (NVL), avg_t: 204.50 us
[tuning] SMs 70, NVL chunk 50: 433.90 GB/s (NVL), avg_t: 204.69 us
[tuning] SMs 70, NVL chunk 51: 430.97 GB/s (NVL), avg_t: 206.08 us
[tuning] SMs 70, NVL chunk 52: 429.92 GB/s (NVL), avg_t: 206.58 us
[tuning] SMs 70, NVL chunk 53: 429.55 GB/s (NVL), avg_t: 206.76 us
[tuning] SMs 70, NVL chunk 54: 426.60 GB/s (NVL), avg_t: 208.19 us
[tuning] SMs 70, NVL chunk 55: 424.82 GB/s (NVL), avg_t: 209.06 us
[tuning] SMs 70, NVL chunk 56: 423.34 GB/s (NVL), avg_t: 209.79 us
[tuning] SMs 70, NVL chunk 57: 418.71 GB/s (NVL), avg_t: 212.11 us
[tuning] SMs 70, NVL chunk 58: 420.00 GB/s (NVL), avg_t: 211.46 us
[tuning] SMs 70, NVL chunk 59: 418.46 GB/s (NVL), avg_t: 212.24 us
[tuning] SMs 70, NVL chunk 60: 415.85 GB/s (NVL), avg_t: 213.57 us
[tuning] SMs 70, NVL chunk 61: 412.87 GB/s (NVL), avg_t: 215.11 us
[tuning] SMs 70, NVL chunk 62: 411.06 GB/s (NVL), avg_t: 216.06 us
[tuning] SMs 70, NVL chunk 63: 410.28 GB/s (NVL), avg_t: 216.47 us
[tuning] SMs 70, NVL chunk 64: 410.50 GB/s (NVL), avg_t: 216.35 us
[tuning] Best dispatch (BF16): SMs 70, NVL chunk 17, 457.21 GB/s (NVL), t: 194.25 us

[tuning] SMs 70, NVL chunk default: 249.52 GB/s (NVL), avg_t: 355.94 us
[tuning] SMs 70, NVL chunk 1: 84.39 GB/s (NVL), avg_t: 1052.40 us
[tuning] SMs 70, NVL chunk 2: 147.02 GB/s (NVL), avg_t: 604.08 us
[tuning] SMs 70, NVL chunk 3: 205.88 GB/s (NVL), avg_t: 431.38 us
[tuning] SMs 70, NVL chunk 4: 249.42 GB/s (NVL), avg_t: 356.07 us
[tuning] SMs 70, NVL chunk 5: 292.63 GB/s (NVL), avg_t: 303.50 us
[tuning] SMs 70, NVL chunk 6: 329.66 GB/s (NVL), avg_t: 269.41 us
[tuning] SMs 70, NVL chunk 7: 348.93 GB/s (NVL), avg_t: 254.53 us
[tuning] SMs 70, NVL chunk 8: 377.25 GB/s (NVL), avg_t: 235.42 us
[tuning] SMs 70, NVL chunk 9: 388.56 GB/s (NVL), avg_t: 228.57 us
[tuning] SMs 70, NVL chunk 10: 363.51 GB/s (NVL), avg_t: 244.32 us
[tuning] SMs 70, NVL chunk 11: 381.99 GB/s (NVL), avg_t: 232.50 us
[tuning] SMs 70, NVL chunk 12: 395.34 GB/s (NVL), avg_t: 224.65 us
[tuning] SMs 70, NVL chunk 13: 402.77 GB/s (NVL), avg_t: 220.51 us
[tuning] SMs 70, NVL chunk 14: 407.26 GB/s (NVL), avg_t: 218.07 us
[tuning] SMs 70, NVL chunk 15: 411.81 GB/s (NVL), avg_t: 215.66 us
[tuning] SMs 70, NVL chunk 16: 415.27 GB/s (NVL), avg_t: 213.87 us
[tuning] SMs 70, NVL chunk 17: 411.54 GB/s (NVL), avg_t: 215.81 us
[tuning] SMs 70, NVL chunk 18: 406.80 GB/s (NVL), avg_t: 218.32 us
[tuning] SMs 70, NVL chunk 19: 412.91 GB/s (NVL), avg_t: 215.09 us
[tuning] SMs 70, NVL chunk 20: 412.49 GB/s (NVL), avg_t: 215.31 us
[tuning] SMs 70, NVL chunk 21: 403.79 GB/s (NVL), avg_t: 219.95 us
[tuning] SMs 70, NVL chunk 22: 403.29 GB/s (NVL), avg_t: 220.22 us
[tuning] SMs 70, NVL chunk 23: 399.43 GB/s (NVL), avg_t: 222.35 us
[tuning] SMs 70, NVL chunk 24: 399.24 GB/s (NVL), avg_t: 222.46 us
[tuning] SMs 70, NVL chunk 25: 396.12 GB/s (NVL), avg_t: 224.21 us
[tuning] SMs 70, NVL chunk 26: 395.39 GB/s (NVL), avg_t: 224.62 us
[tuning] SMs 70, NVL chunk 27: 395.06 GB/s (NVL), avg_t: 224.81 us
[tuning] SMs 70, NVL chunk 28: 398.05 GB/s (NVL), avg_t: 223.12 us
[tuning] SMs 70, NVL chunk 29: 397.99 GB/s (NVL), avg_t: 223.16 us
[tuning] SMs 70, NVL chunk 30: 392.52 GB/s (NVL), avg_t: 226.26 us
[tuning] SMs 70, NVL chunk 31: 391.68 GB/s (NVL), avg_t: 226.75 us
[tuning] SMs 70, NVL chunk 32: 390.60 GB/s (NVL), avg_t: 227.38 us
[tuning] SMs 70, NVL chunk 33: 387.38 GB/s (NVL), avg_t: 229.27 us
[tuning] SMs 70, NVL chunk 34: 384.65 GB/s (NVL), avg_t: 230.90 us
[tuning] SMs 70, NVL chunk 35: 387.58 GB/s (NVL), avg_t: 229.15 us
[tuning] SMs 70, NVL chunk 36: 383.74 GB/s (NVL), avg_t: 231.44 us
[tuning] SMs 70, NVL chunk 37: 379.98 GB/s (NVL), avg_t: 233.73 us
[tuning] SMs 70, NVL chunk 38: 379.57 GB/s (NVL), avg_t: 233.98 us
[tuning] SMs 70, NVL chunk 39: 376.50 GB/s (NVL), avg_t: 235.89 us
[tuning] SMs 70, NVL chunk 40: 375.61 GB/s (NVL), avg_t: 236.45 us
[tuning] SMs 70, NVL chunk 41: 374.28 GB/s (NVL), avg_t: 237.29 us
[tuning] SMs 70, NVL chunk 42: 371.44 GB/s (NVL), avg_t: 239.11 us
[tuning] SMs 70, NVL chunk 43: 370.37 GB/s (NVL), avg_t: 239.80 us
[tuning] SMs 70, NVL chunk 44: 372.55 GB/s (NVL), avg_t: 238.39 us
[tuning] SMs 70, NVL chunk 45: 371.24 GB/s (NVL), avg_t: 239.24 us
[tuning] SMs 70, NVL chunk 46: 368.39 GB/s (NVL), avg_t: 241.09 us
[tuning] SMs 70, NVL chunk 47: 369.17 GB/s (NVL), avg_t: 240.57 us
[tuning] SMs 70, NVL chunk 48: 369.22 GB/s (NVL), avg_t: 240.55 us
[tuning] SMs 70, NVL chunk 49: 367.11 GB/s (NVL), avg_t: 241.92 us
[tuning] SMs 70, NVL chunk 50: 367.80 GB/s (NVL), avg_t: 241.48 us
[tuning] SMs 70, NVL chunk 51: 369.01 GB/s (NVL), avg_t: 240.68 us
[tuning] SMs 70, NVL chunk 52: 365.83 GB/s (NVL), avg_t: 242.77 us
[tuning] SMs 70, NVL chunk 53: 366.49 GB/s (NVL), avg_t: 242.34 us
[tuning] SMs 70, NVL chunk 54: 365.26 GB/s (NVL), avg_t: 243.15 us
[tuning] SMs 70, NVL chunk 55: 363.42 GB/s (NVL), avg_t: 244.39 us
[tuning] SMs 70, NVL chunk 56: 364.22 GB/s (NVL), avg_t: 243.85 us
[tuning] SMs 70, NVL chunk 57: 362.62 GB/s (NVL), avg_t: 244.92 us
[tuning] SMs 70, NVL chunk 58: 361.07 GB/s (NVL), avg_t: 245.98 us
[tuning] SMs 70, NVL chunk 59: 361.49 GB/s (NVL), avg_t: 245.69 us
[tuning] SMs 70, NVL chunk 60: 357.93 GB/s (NVL), avg_t: 248.13 us
[tuning] SMs 70, NVL chunk 61: 357.20 GB/s (NVL), avg_t: 248.64 us
[tuning] SMs 70, NVL chunk 62: 356.85 GB/s (NVL), avg_t: 248.88 us
[tuning] SMs 70, NVL chunk 63: 354.05 GB/s (NVL), avg_t: 250.85 us
[tuning] SMs 70, NVL chunk 64: 353.91 GB/s (NVL), avg_t: 250.95 us
[tuning] Best combine: SMs 70, NVL chunk 16: 415.27 GB/s (NVL), t: 213.87 us


[config] num_tokens=4096, hidden=2048, num_topk=8
[layout] Kernel performance: 0.047 ms

[testing] Running with BF16, without top-k (async=False, previous=False) ... passed
[testing] Running with BF16, with top-k (async=False, previous=False) ... passed
[testing] Running with BF16, without top-k (async=False, previous=False) ... passed
[testing] Running with BF16, with top-k (async=False, previous=False) ... passed
[testing] Running with FP8, without top-k (async=False, previous=False) ... passed
[testing] Running with FP8, with top-k (async=False, previous=False) ... passed
[testing] Running with BF16, without top-k (async=True, previous=False) ... passed
[testing] Running with BF16, with top-k (async=True, previous=False) ... passed
[testing] Running with BF16, without top-k (async=True, previous=False) ... passed
[testing] Running with BF16, with top-k (async=True, previous=False) ... passed
[testing] Running with FP8, without top-k (async=True, previous=False) ... passed
[testing] Running with FP8, with top-k (async=True, previous=False) ... passed
[testing] Running with BF16, without top-k (async=False, previous=True) ... passed
[testing] Running with BF16, with top-k (async=False, previous=True) ... passed
[testing] Running with BF16, without top-k (async=False, previous=True) ... passed
[testing] Running with BF16, with top-k (async=False, previous=True) ... passed
[testing] Running with FP8, without top-k (async=False, previous=True) ... passed
[testing] Running with FP8, with top-k (async=False, previous=True) ... passed
[testing] Running with BF16, without top-k (async=True, previous=True) ... passed
[testing] Running with BF16, with top-k (async=True, previous=True) ... passed
[testing] Running with BF16, without top-k (async=True, previous=True) ... passed
[testing] Running with BF16, with top-k (async=True, previous=True) ... passed
[testing] Running with FP8, without top-k (async=True, previous=True) ... passed
[testing] Running with FP8, with top-k (async=True, previous=True) ... passed

[tuning] SMs 72, NVL chunk default: 351.41 GB/s (NVL), avg_t: 255.06 us
[tuning] SMs 72, NVL chunk 1: 86.06 GB/s (NVL), avg_t: 1041.42 us
[tuning] SMs 72, NVL chunk 2: 149.02 GB/s (NVL), avg_t: 601.44 us
[tuning] SMs 72, NVL chunk 3: 212.26 GB/s (NVL), avg_t: 422.25 us
[tuning] SMs 72, NVL chunk 4: 262.21 GB/s (NVL), avg_t: 341.83 us
[tuning] SMs 72, NVL chunk 5: 308.27 GB/s (NVL), avg_t: 290.75 us
[tuning] SMs 72, NVL chunk 6: 351.86 GB/s (NVL), avg_t: 254.73 us
[tuning] SMs 72, NVL chunk 7: 357.22 GB/s (NVL), avg_t: 250.90 us
[tuning] SMs 72, NVL chunk 8: 355.43 GB/s (NVL), avg_t: 252.17 us
[tuning] SMs 72, NVL chunk 9: 368.95 GB/s (NVL), avg_t: 242.93 us
[tuning] SMs 72, NVL chunk 10: 389.59 GB/s (NVL), avg_t: 230.06 us
[tuning] SMs 72, NVL chunk 11: 410.67 GB/s (NVL), avg_t: 218.25 us
[tuning] SMs 72, NVL chunk 12: 429.13 GB/s (NVL), avg_t: 208.86 us
[tuning] SMs 72, NVL chunk 13: 448.31 GB/s (NVL), avg_t: 199.93 us
[tuning] SMs 72, NVL chunk 14: 456.80 GB/s (NVL), avg_t: 196.21 us
[tuning] SMs 72, NVL chunk 15: 461.52 GB/s (NVL), avg_t: 194.20 us
[tuning] SMs 72, NVL chunk 16: 464.90 GB/s (NVL), avg_t: 192.79 us
[tuning] SMs 72, NVL chunk 17: 467.69 GB/s (NVL), avg_t: 191.64 us
[tuning] SMs 72, NVL chunk 18: 465.28 GB/s (NVL), avg_t: 192.64 us
[tuning] SMs 72, NVL chunk 19: 461.84 GB/s (NVL), avg_t: 194.07 us
[tuning] SMs 72, NVL chunk 20: 464.37 GB/s (NVL), avg_t: 193.01 us
[tuning] SMs 72, NVL chunk 21: 462.52 GB/s (NVL), avg_t: 193.78 us
[tuning] SMs 72, NVL chunk 22: 460.78 GB/s (NVL), avg_t: 194.52 us
[tuning] SMs 72, NVL chunk 23: 457.34 GB/s (NVL), avg_t: 195.98 us
[tuning] SMs 72, NVL chunk 24: 458.12 GB/s (NVL), avg_t: 195.65 us
[tuning] SMs 72, NVL chunk 25: 450.31 GB/s (NVL), avg_t: 199.04 us
[tuning] SMs 72, NVL chunk 26: 451.75 GB/s (NVL), avg_t: 198.41 us
[tuning] SMs 72, NVL chunk 27: 452.91 GB/s (NVL), avg_t: 197.90 us
[tuning] SMs 72, NVL chunk 28: 454.55 GB/s (NVL), avg_t: 197.18 us
[tuning] SMs 72, NVL chunk 29: 453.49 GB/s (NVL), avg_t: 197.64 us
[tuning] SMs 72, NVL chunk 30: 455.23 GB/s (NVL), avg_t: 196.89 us
[tuning] SMs 72, NVL chunk 31: 458.10 GB/s (NVL), avg_t: 195.65 us
[tuning] SMs 72, NVL chunk 32: 453.54 GB/s (NVL), avg_t: 197.62 us
[tuning] SMs 72, NVL chunk 33: 457.16 GB/s (NVL), avg_t: 196.06 us
[tuning] SMs 72, NVL chunk 34: 450.16 GB/s (NVL), avg_t: 199.10 us
[tuning] SMs 72, NVL chunk 35: 450.40 GB/s (NVL), avg_t: 199.00 us
[tuning] SMs 72, NVL chunk 36: 445.78 GB/s (NVL), avg_t: 201.06 us
[tuning] SMs 72, NVL chunk 37: 442.58 GB/s (NVL), avg_t: 202.51 us
[tuning] SMs 72, NVL chunk 38: 440.49 GB/s (NVL), avg_t: 203.47 us
[tuning] SMs 72, NVL chunk 39: 441.76 GB/s (NVL), avg_t: 202.89 us
[tuning] SMs 72, NVL chunk 40: 443.48 GB/s (NVL), avg_t: 202.10 us
[tuning] SMs 72, NVL chunk 41: 444.21 GB/s (NVL), avg_t: 201.77 us
[tuning] SMs 72, NVL chunk 42: 449.43 GB/s (NVL), avg_t: 199.43 us
[tuning] SMs 72, NVL chunk 43: 451.60 GB/s (NVL), avg_t: 198.47 us
[tuning] SMs 72, NVL chunk 44: 451.91 GB/s (NVL), avg_t: 198.33 us
[tuning] SMs 72, NVL chunk 45: 452.61 GB/s (NVL), avg_t: 198.03 us
[tuning] SMs 72, NVL chunk 46: 451.25 GB/s (NVL), avg_t: 198.62 us
[tuning] SMs 72, NVL chunk 47: 444.30 GB/s (NVL), avg_t: 201.73 us
[tuning] SMs 72, NVL chunk 48: 445.51 GB/s (NVL), avg_t: 201.18 us
[tuning] SMs 72, NVL chunk 49: 445.50 GB/s (NVL), avg_t: 201.19 us
[tuning] SMs 72, NVL chunk 50: 442.28 GB/s (NVL), avg_t: 202.65 us
[tuning] SMs 72, NVL chunk 51: 440.77 GB/s (NVL), avg_t: 203.35 us
[tuning] SMs 72, NVL chunk 52: 438.21 GB/s (NVL), avg_t: 204.53 us
[tuning] SMs 72, NVL chunk 53: 436.95 GB/s (NVL), avg_t: 205.13 us
[tuning] SMs 72, NVL chunk 54: 434.25 GB/s (NVL), avg_t: 206.40 us
[tuning] SMs 72, NVL chunk 55: 430.48 GB/s (NVL), avg_t: 208.21 us
[tuning] SMs 72, NVL chunk 56: 426.74 GB/s (NVL), avg_t: 210.03 us
[tuning] SMs 72, NVL chunk 57: 425.63 GB/s (NVL), avg_t: 210.58 us
[tuning] SMs 72, NVL chunk 58: 424.98 GB/s (NVL), avg_t: 210.90 us
[tuning] SMs 72, NVL chunk 59: 422.99 GB/s (NVL), avg_t: 211.89 us
[tuning] SMs 72, NVL chunk 60: 421.47 GB/s (NVL), avg_t: 212.66 us
[tuning] SMs 72, NVL chunk 61: 418.82 GB/s (NVL), avg_t: 214.00 us
[tuning] SMs 72, NVL chunk 62: 418.21 GB/s (NVL), avg_t: 214.31 us
[tuning] SMs 72, NVL chunk 63: 416.47 GB/s (NVL), avg_t: 215.21 us
[tuning] SMs 72, NVL chunk 64: 412.96 GB/s (NVL), avg_t: 217.04 us
[tuning] Best dispatch (BF16): SMs 72, NVL chunk 17, 467.69 GB/s (NVL), t: 191.64 us

[tuning] SMs 72, NVL chunk default: 256.15 GB/s (NVL), avg_t: 349.91 us
[tuning] SMs 72, NVL chunk 1: 87.14 GB/s (NVL), avg_t: 1028.61 us
[tuning] SMs 72, NVL chunk 2: 150.61 GB/s (NVL), avg_t: 595.09 us
[tuning] SMs 72, NVL chunk 3: 212.68 GB/s (NVL), avg_t: 421.43 us
[tuning] SMs 72, NVL chunk 4: 256.59 GB/s (NVL), avg_t: 349.31 us
[tuning] SMs 72, NVL chunk 5: 300.57 GB/s (NVL), avg_t: 298.20 us
[tuning] SMs 72, NVL chunk 6: 339.11 GB/s (NVL), avg_t: 264.30 us
[tuning] SMs 72, NVL chunk 7: 363.45 GB/s (NVL), avg_t: 246.61 us
[tuning] SMs 72, NVL chunk 8: 389.35 GB/s (NVL), avg_t: 230.20 us
[tuning] SMs 72, NVL chunk 9: 407.15 GB/s (NVL), avg_t: 220.14 us
[tuning] SMs 72, NVL chunk 10: 376.10 GB/s (NVL), avg_t: 238.31 us
[tuning] SMs 72, NVL chunk 11: 395.52 GB/s (NVL), avg_t: 226.61 us
[tuning] SMs 72, NVL chunk 12: 408.32 GB/s (NVL), avg_t: 219.51 us
[tuning] SMs 72, NVL chunk 13: 418.04 GB/s (NVL), avg_t: 214.40 us
[tuning] SMs 72, NVL chunk 14: 426.64 GB/s (NVL), avg_t: 210.08 us
[tuning] SMs 72, NVL chunk 15: 435.71 GB/s (NVL), avg_t: 205.71 us
[tuning] SMs 72, NVL chunk 16: 432.23 GB/s (NVL), avg_t: 207.36 us
[tuning] SMs 72, NVL chunk 17: 433.86 GB/s (NVL), avg_t: 206.58 us
[tuning] SMs 72, NVL chunk 18: 440.28 GB/s (NVL), avg_t: 203.57 us
[tuning] SMs 72, NVL chunk 19: 441.83 GB/s (NVL), avg_t: 202.86 us
[tuning] SMs 72, NVL chunk 20: 435.06 GB/s (NVL), avg_t: 206.02 us
[tuning] SMs 72, NVL chunk 21: 431.15 GB/s (NVL), avg_t: 207.88 us
[tuning] SMs 72, NVL chunk 22: 430.13 GB/s (NVL), avg_t: 208.38 us
[tuning] SMs 72, NVL chunk 23: 428.19 GB/s (NVL), avg_t: 209.32 us
[tuning] SMs 72, NVL chunk 24: 422.42 GB/s (NVL), avg_t: 212.18 us
[tuning] SMs 72, NVL chunk 25: 420.30 GB/s (NVL), avg_t: 213.25 us
[tuning] SMs 72, NVL chunk 26: 421.77 GB/s (NVL), avg_t: 212.51 us
[tuning] SMs 72, NVL chunk 27: 419.74 GB/s (NVL), avg_t: 213.54 us
[tuning] SMs 72, NVL chunk 28: 416.69 GB/s (NVL), avg_t: 215.09 us
[tuning] SMs 72, NVL chunk 29: 421.23 GB/s (NVL), avg_t: 212.78 us
[tuning] SMs 72, NVL chunk 30: 416.37 GB/s (NVL), avg_t: 215.26 us
[tuning] SMs 72, NVL chunk 31: 412.73 GB/s (NVL), avg_t: 217.16 us
[tuning] SMs 72, NVL chunk 32: 413.25 GB/s (NVL), avg_t: 216.89 us
[tuning] SMs 72, NVL chunk 33: 415.22 GB/s (NVL), avg_t: 215.86 us
[tuning] SMs 72, NVL chunk 34: 412.35 GB/s (NVL), avg_t: 217.36 us
[tuning] SMs 72, NVL chunk 35: 412.19 GB/s (NVL), avg_t: 217.44 us
[tuning] SMs 72, NVL chunk 36: 411.28 GB/s (NVL), avg_t: 217.93 us
[tuning] SMs 72, NVL chunk 37: 412.50 GB/s (NVL), avg_t: 217.28 us
[tuning] SMs 72, NVL chunk 38: 412.32 GB/s (NVL), avg_t: 217.37 us
[tuning] SMs 72, NVL chunk 39: 407.42 GB/s (NVL), avg_t: 219.99 us
[tuning] SMs 72, NVL chunk 40: 408.66 GB/s (NVL), avg_t: 219.32 us
[tuning] SMs 72, NVL chunk 41: 407.49 GB/s (NVL), avg_t: 219.95 us
[tuning] SMs 72, NVL chunk 42: 404.73 GB/s (NVL), avg_t: 221.45 us
[tuning] SMs 72, NVL chunk 43: 406.04 GB/s (NVL), avg_t: 220.74 us
[tuning] SMs 72, NVL chunk 44: 405.08 GB/s (NVL), avg_t: 221.26 us
[tuning] SMs 72, NVL chunk 45: 402.37 GB/s (NVL), avg_t: 222.75 us
[tuning] SMs 72, NVL chunk 46: 402.38 GB/s (NVL), avg_t: 222.75 us
[tuning] SMs 72, NVL chunk 47: 404.67 GB/s (NVL), avg_t: 221.49 us
[tuning] SMs 72, NVL chunk 48: 398.67 GB/s (NVL), avg_t: 224.82 us
[tuning] SMs 72, NVL chunk 49: 402.94 GB/s (NVL), avg_t: 222.44 us
[tuning] SMs 72, NVL chunk 50: 403.52 GB/s (NVL), avg_t: 222.12 us
[tuning] SMs 72, NVL chunk 51: 398.13 GB/s (NVL), avg_t: 225.12 us
[tuning] SMs 72, NVL chunk 52: 397.38 GB/s (NVL), avg_t: 225.55 us
[tuning] SMs 72, NVL chunk 53: 398.62 GB/s (NVL), avg_t: 224.85 us
[tuning] SMs 72, NVL chunk 54: 396.48 GB/s (NVL), avg_t: 226.06 us
[tuning] SMs 72, NVL chunk 55: 394.25 GB/s (NVL), avg_t: 227.34 us
[tuning] SMs 72, NVL chunk 56: 397.24 GB/s (NVL), avg_t: 225.63 us
[tuning] SMs 72, NVL chunk 57: 392.84 GB/s (NVL), avg_t: 228.16 us
[tuning] SMs 72, NVL chunk 58: 394.63 GB/s (NVL), avg_t: 227.12 us
[tuning] SMs 72, NVL chunk 59: 392.92 GB/s (NVL), avg_t: 228.11 us
[tuning] SMs 72, NVL chunk 60: 388.54 GB/s (NVL), avg_t: 230.68 us
[tuning] SMs 72, NVL chunk 61: 387.46 GB/s (NVL), avg_t: 231.32 us
[tuning] SMs 72, NVL chunk 62: 387.88 GB/s (NVL), avg_t: 231.08 us
[tuning] SMs 72, NVL chunk 63: 383.68 GB/s (NVL), avg_t: 233.60 us
[tuning] SMs 72, NVL chunk 64: 385.49 GB/s (NVL), avg_t: 232.51 us
[tuning] Best combine: SMs 72, NVL chunk 19: 441.83 GB/s (NVL), t: 202.86 us


[config] num_tokens=4096, hidden=2048, num_topk=8
[layout] Kernel performance: 0.047 ms

[testing] Running with BF16, without top-k (async=False, previous=False) ... passed
[testing] Running with BF16, with top-k (async=False, previous=False) ... passed
[testing] Running with BF16, without top-k (async=False, previous=False) ... passed
[testing] Running with BF16, with top-k (async=False, previous=False) ... passed
[testing] Running with FP8, without top-k (async=False, previous=False) ... passed
[testing] Running with FP8, with top-k (async=False, previous=False) ... passed
[testing] Running with BF16, without top-k (async=True, previous=False) ... passed
[testing] Running with BF16, with top-k (async=True, previous=False) ... passed
[testing] Running with BF16, without top-k (async=True, previous=False) ... passed
[testing] Running with BF16, with top-k (async=True, previous=False) ... passed
[testing] Running with FP8, without top-k (async=True, previous=False) ... passed
[testing] Running with FP8, with top-k (async=True, previous=False) ... passed
[testing] Running with BF16, without top-k (async=False, previous=True) ... passed
[testing] Running with BF16, with top-k (async=False, previous=True) ... passed
[testing] Running with BF16, without top-k (async=False, previous=True) ... passed
[testing] Running with BF16, with top-k (async=False, previous=True) ... passed
[testing] Running with FP8, without top-k (async=False, previous=True) ... passed
[testing] Running with FP8, with top-k (async=False, previous=True) ... passed
[testing] Running with BF16, without top-k (async=True, previous=True) ... passed
[testing] Running with BF16, with top-k (async=True, previous=True) ... passed
[testing] Running with BF16, without top-k (async=True, previous=True) ... passed
[testing] Running with BF16, with top-k (async=True, previous=True) ... passed
[testing] Running with FP8, without top-k (async=True, previous=True) ... passed
[testing] Running with FP8, with top-k (async=True, previous=True) ... passed

[tuning] SMs 74, NVL chunk default: 354.87 GB/s (NVL), avg_t: 252.91 us
[tuning] SMs 74, NVL chunk 1: 86.64 GB/s (NVL), avg_t: 1035.95 us
[tuning] SMs 74, NVL chunk 2: 151.20 GB/s (NVL), avg_t: 593.59 us
[tuning] SMs 74, NVL chunk 3: 214.47 GB/s (NVL), avg_t: 418.48 us
[tuning] SMs 74, NVL chunk 4: 265.65 GB/s (NVL), avg_t: 337.85 us
[tuning] SMs 74, NVL chunk 5: 312.83 GB/s (NVL), avg_t: 286.90 us
[tuning] SMs 74, NVL chunk 6: 354.18 GB/s (NVL), avg_t: 253.40 us
[tuning] SMs 74, NVL chunk 7: 359.06 GB/s (NVL), avg_t: 249.96 us
[tuning] SMs 74, NVL chunk 8: 360.62 GB/s (NVL), avg_t: 248.88 us
[tuning] SMs 74, NVL chunk 9: 374.80 GB/s (NVL), avg_t: 239.47 us
[tuning] SMs 74, NVL chunk 10: 388.95 GB/s (NVL), avg_t: 230.75 us
[tuning] SMs 74, NVL chunk 11: 414.39 GB/s (NVL), avg_t: 216.59 us
[tuning] SMs 74, NVL chunk 12: 435.52 GB/s (NVL), avg_t: 206.08 us
[tuning] SMs 74, NVL chunk 13: 451.96 GB/s (NVL), avg_t: 198.58 us
[tuning] SMs 74, NVL chunk 14: 460.92 GB/s (NVL), avg_t: 194.72 us
[tuning] SMs 74, NVL chunk 15: 466.43 GB/s (NVL), avg_t: 192.42 us
[tuning] SMs 74, NVL chunk 16: 468.74 GB/s (NVL), avg_t: 191.47 us
[tuning] SMs 74, NVL chunk 17: 471.07 GB/s (NVL), avg_t: 190.53 us
[tuning] SMs 74, NVL chunk 18: 467.58 GB/s (NVL), avg_t: 191.95 us
[tuning] SMs 74, NVL chunk 19: 465.74 GB/s (NVL), avg_t: 192.71 us
[tuning] SMs 74, NVL chunk 20: 465.92 GB/s (NVL), avg_t: 192.63 us
[tuning] SMs 74, NVL chunk 21: 464.55 GB/s (NVL), avg_t: 193.20 us
[tuning] SMs 74, NVL chunk 22: 462.74 GB/s (NVL), avg_t: 193.96 us
[tuning] SMs 74, NVL chunk 23: 463.92 GB/s (NVL), avg_t: 193.46 us
[tuning] SMs 74, NVL chunk 24: 462.45 GB/s (NVL), avg_t: 194.08 us
[tuning] SMs 74, NVL chunk 25: 456.12 GB/s (NVL), avg_t: 196.77 us
[tuning] SMs 74, NVL chunk 26: 454.48 GB/s (NVL), avg_t: 197.48 us
[tuning] SMs 74, NVL chunk 27: 456.95 GB/s (NVL), avg_t: 196.42 us
[tuning] SMs 74, NVL chunk 28: 458.74 GB/s (NVL), avg_t: 195.65 us
[tuning] SMs 74, NVL chunk 29: 459.37 GB/s (NVL), avg_t: 195.38 us
[tuning] SMs 74, NVL chunk 30: 463.48 GB/s (NVL), avg_t: 193.65 us
[tuning] SMs 74, NVL chunk 31: 461.50 GB/s (NVL), avg_t: 194.48 us
[tuning] SMs 74, NVL chunk 32: 460.63 GB/s (NVL), avg_t: 194.85 us
[tuning] SMs 74, NVL chunk 33: 460.21 GB/s (NVL), avg_t: 195.02 us
[tuning] SMs 74, NVL chunk 34: 455.45 GB/s (NVL), avg_t: 197.06 us
[tuning] SMs 74, NVL chunk 35: 450.89 GB/s (NVL), avg_t: 199.06 us
[tuning] SMs 74, NVL chunk 36: 448.37 GB/s (NVL), avg_t: 200.17 us
[tuning] SMs 74, NVL chunk 37: 446.21 GB/s (NVL), avg_t: 201.14 us
[tuning] SMs 74, NVL chunk 38: 446.61 GB/s (NVL), avg_t: 200.96 us
[tuning] SMs 74, NVL chunk 39: 448.59 GB/s (NVL), avg_t: 200.07 us
[tuning] SMs 74, NVL chunk 40: 448.04 GB/s (NVL), avg_t: 200.32 us
[tuning] SMs 74, NVL chunk 41: 452.51 GB/s (NVL), avg_t: 198.34 us
[tuning] SMs 74, NVL chunk 42: 454.82 GB/s (NVL), avg_t: 197.33 us
[tuning] SMs 74, NVL chunk 43: 458.12 GB/s (NVL), avg_t: 195.91 us
[tuning] SMs 74, NVL chunk 44: 456.07 GB/s (NVL), avg_t: 196.80 us
[tuning] SMs 74, NVL chunk 45: 457.03 GB/s (NVL), avg_t: 196.38 us
[tuning] SMs 74, NVL chunk 46: 456.49 GB/s (NVL), avg_t: 196.61 us
[tuning] SMs 74, NVL chunk 47: 452.43 GB/s (NVL), avg_t: 198.38 us
[tuning] SMs 74, NVL chunk 48: 453.27 GB/s (NVL), avg_t: 198.01 us
[tuning] SMs 74, NVL chunk 49: 448.71 GB/s (NVL), avg_t: 200.02 us
[tuning] SMs 74, NVL chunk 50: 446.91 GB/s (NVL), avg_t: 200.83 us
[tuning] SMs 74, NVL chunk 51: 445.14 GB/s (NVL), avg_t: 201.63 us
[tuning] SMs 74, NVL chunk 52: 441.96 GB/s (NVL), avg_t: 203.08 us
[tuning] SMs 74, NVL chunk 53: 438.93 GB/s (NVL), avg_t: 204.48 us
[tuning] SMs 74, NVL chunk 54: 437.56 GB/s (NVL), avg_t: 205.12 us
[tuning] SMs 74, NVL chunk 55: 435.75 GB/s (NVL), avg_t: 205.97 us
[tuning] SMs 74, NVL chunk 56: 431.56 GB/s (NVL), avg_t: 207.97 us
[tuning] SMs 74, NVL chunk 57: 430.36 GB/s (NVL), avg_t: 208.55 us
[tuning] SMs 74, NVL chunk 58: 429.38 GB/s (NVL), avg_t: 209.03 us
[tuning] SMs 74, NVL chunk 59: 428.94 GB/s (NVL), avg_t: 209.24 us
[tuning] SMs 74, NVL chunk 60: 427.28 GB/s (NVL), avg_t: 210.05 us
[tuning] SMs 74, NVL chunk 61: 424.15 GB/s (NVL), avg_t: 211.60 us
[tuning] SMs 74, NVL chunk 62: 420.05 GB/s (NVL), avg_t: 213.67 us
[tuning] SMs 74, NVL chunk 63: 421.02 GB/s (NVL), avg_t: 213.17 us
[tuning] SMs 74, NVL chunk 64: 418.60 GB/s (NVL), avg_t: 214.41 us
[tuning] Best dispatch (BF16): SMs 74, NVL chunk 17, 471.07 GB/s (NVL), t: 190.53 us

[tuning] SMs 74, NVL chunk default: 262.80 GB/s (NVL), avg_t: 341.52 us
[tuning] SMs 74, NVL chunk 1: 89.14 GB/s (NVL), avg_t: 1006.86 us
[tuning] SMs 74, NVL chunk 2: 156.24 GB/s (NVL), avg_t: 574.45 us
[tuning] SMs 74, NVL chunk 3: 215.39 GB/s (NVL), avg_t: 416.69 us
[tuning] SMs 74, NVL chunk 4: 263.26 GB/s (NVL), avg_t: 340.92 us
[tuning] SMs 74, NVL chunk 5: 306.79 GB/s (NVL), avg_t: 292.55 us
[tuning] SMs 74, NVL chunk 6: 340.95 GB/s (NVL), avg_t: 263.24 us
[tuning] SMs 74, NVL chunk 7: 365.51 GB/s (NVL), avg_t: 245.55 us
[tuning] SMs 74, NVL chunk 8: 391.02 GB/s (NVL), avg_t: 229.53 us
[tuning] SMs 74, NVL chunk 9: 396.86 GB/s (NVL), avg_t: 226.16 us
[tuning] SMs 74, NVL chunk 10: 378.50 GB/s (NVL), avg_t: 237.12 us
[tuning] SMs 74, NVL chunk 11: 394.78 GB/s (NVL), avg_t: 227.34 us
[tuning] SMs 74, NVL chunk 12: 411.42 GB/s (NVL), avg_t: 218.15 us
[tuning] SMs 74, NVL chunk 13: 411.73 GB/s (NVL), avg_t: 217.99 us
[tuning] SMs 74, NVL chunk 14: 423.48 GB/s (NVL), avg_t: 211.94 us
[tuning] SMs 74, NVL chunk 15: 422.96 GB/s (NVL), avg_t: 212.20 us
[tuning] SMs 74, NVL chunk 16: 423.38 GB/s (NVL), avg_t: 211.99 us
[tuning] SMs 74, NVL chunk 17: 425.67 GB/s (NVL), avg_t: 210.85 us
[tuning] SMs 74, NVL chunk 18: 420.40 GB/s (NVL), avg_t: 213.49 us
[tuning] SMs 74, NVL chunk 19: 420.83 GB/s (NVL), avg_t: 213.27 us
[tuning] SMs 74, NVL chunk 20: 418.28 GB/s (NVL), avg_t: 214.57 us
[tuning] SMs 74, NVL chunk 21: 417.49 GB/s (NVL), avg_t: 214.98 us
[tuning] SMs 74, NVL chunk 22: 413.81 GB/s (NVL), avg_t: 216.89 us
[tuning] SMs 74, NVL chunk 23: 414.47 GB/s (NVL), avg_t: 216.55 us
[tuning] SMs 74, NVL chunk 24: 412.66 GB/s (NVL), avg_t: 217.50 us
[tuning] SMs 74, NVL chunk 25: 412.32 GB/s (NVL), avg_t: 217.68 us
[tuning] SMs 74, NVL chunk 26: 407.26 GB/s (NVL), avg_t: 220.38 us
[tuning] SMs 74, NVL chunk 27: 406.05 GB/s (NVL), avg_t: 221.04 us
[tuning] SMs 74, NVL chunk 28: 410.26 GB/s (NVL), avg_t: 218.77 us
[tuning] SMs 74, NVL chunk 29: 406.29 GB/s (NVL), avg_t: 220.91 us
[tuning] SMs 74, NVL chunk 30: 405.10 GB/s (NVL), avg_t: 221.55 us
[tuning] SMs 74, NVL chunk 31: 402.82 GB/s (NVL), avg_t: 222.81 us
[tuning] SMs 74, NVL chunk 32: 401.95 GB/s (NVL), avg_t: 223.29 us
[tuning] SMs 74, NVL chunk 33: 406.72 GB/s (NVL), avg_t: 220.67 us
[tuning] SMs 74, NVL chunk 34: 402.40 GB/s (NVL), avg_t: 223.04 us
[tuning] SMs 74, NVL chunk 35: 405.07 GB/s (NVL), avg_t: 221.57 us
[tuning] SMs 74, NVL chunk 36: 401.23 GB/s (NVL), avg_t: 223.69 us
[tuning] SMs 74, NVL chunk 37: 399.26 GB/s (NVL), avg_t: 224.80 us
[tuning] SMs 74, NVL chunk 38: 399.10 GB/s (NVL), avg_t: 224.89 us
[tuning] SMs 74, NVL chunk 39: 397.97 GB/s (NVL), avg_t: 225.52 us
[tuning] SMs 74, NVL chunk 40: 395.36 GB/s (NVL), avg_t: 227.01 us
[tuning] SMs 74, NVL chunk 41: 394.07 GB/s (NVL), avg_t: 227.75 us
[tuning] SMs 74, NVL chunk 42: 393.45 GB/s (NVL), avg_t: 228.12 us
[tuning] SMs 74, NVL chunk 43: 392.16 GB/s (NVL), avg_t: 228.87 us
[tuning] SMs 74, NVL chunk 44: 393.03 GB/s (NVL), avg_t: 228.36 us
[tuning] SMs 74, NVL chunk 45: 391.08 GB/s (NVL), avg_t: 229.49 us
[tuning] SMs 74, NVL chunk 46: 389.82 GB/s (NVL), avg_t: 230.24 us
[tuning] SMs 74, NVL chunk 47: 387.30 GB/s (NVL), avg_t: 231.74 us
[tuning] SMs 74, NVL chunk 48: 388.82 GB/s (NVL), avg_t: 230.83 us
[tuning] SMs 74, NVL chunk 49: 385.70 GB/s (NVL), avg_t: 232.70 us
[tuning] SMs 74, NVL chunk 50: 384.63 GB/s (NVL), avg_t: 233.34 us
[tuning] SMs 74, NVL chunk 51: 384.76 GB/s (NVL), avg_t: 233.27 us
[tuning] SMs 74, NVL chunk 52: 382.51 GB/s (NVL), avg_t: 234.64 us
[tuning] SMs 74, NVL chunk 53: 382.82 GB/s (NVL), avg_t: 234.45 us
[tuning] SMs 74, NVL chunk 54: 381.83 GB/s (NVL), avg_t: 235.06 us
[tuning] SMs 74, NVL chunk 55: 381.65 GB/s (NVL), avg_t: 235.17 us
[tuning] SMs 74, NVL chunk 56: 380.16 GB/s (NVL), avg_t: 236.09 us
[tuning] SMs 74, NVL chunk 57: 378.63 GB/s (NVL), avg_t: 237.04 us
[tuning] SMs 74, NVL chunk 58: 376.31 GB/s (NVL), avg_t: 238.50 us
[tuning] SMs 74, NVL chunk 59: 376.92 GB/s (NVL), avg_t: 238.12 us
[tuning] SMs 74, NVL chunk 60: 375.64 GB/s (NVL), avg_t: 238.93 us
[tuning] SMs 74, NVL chunk 61: 374.73 GB/s (NVL), avg_t: 239.51 us
[tuning] SMs 74, NVL chunk 62: 373.80 GB/s (NVL), avg_t: 240.11 us
[tuning] SMs 74, NVL chunk 63: 373.50 GB/s (NVL), avg_t: 240.30 us
[tuning] SMs 74, NVL chunk 64: 372.04 GB/s (NVL), avg_t: 241.24 us
[tuning] Best combine: SMs 74, NVL chunk 17: 425.67 GB/s (NVL), t: 210.85 us


[config] num_tokens=4096, hidden=2048, num_topk=8
[layout] Kernel performance: 0.048 ms

[testing] Running with BF16, without top-k (async=False, previous=False) ... passed
[testing] Running with BF16, with top-k (async=False, previous=False) ... passed
[testing] Running with BF16, without top-k (async=False, previous=False) ... passed
[testing] Running with BF16, with top-k (async=False, previous=False) ... passed
[testing] Running with FP8, without top-k (async=False, previous=False) ... passed
[testing] Running with FP8, with top-k (async=False, previous=False) ... passed
[testing] Running with BF16, without top-k (async=True, previous=False) ... passed
[testing] Running with BF16, with top-k (async=True, previous=False) ... passed
[testing] Running with BF16, without top-k (async=True, previous=False) ... passed
[testing] Running with BF16, with top-k (async=True, previous=False) ... passed
[testing] Running with FP8, without top-k (async=True, previous=False) ... passed
[testing] Running with FP8, with top-k (async=True, previous=False) ... passed
[testing] Running with BF16, without top-k (async=False, previous=True) ... passed
[testing] Running with BF16, with top-k (async=False, previous=True) ... passed
[testing] Running with BF16, without top-k (async=False, previous=True) ... passed
[testing] Running with BF16, with top-k (async=False, previous=True) ... passed
[testing] Running with FP8, without top-k (async=False, previous=True) ... passed
[testing] Running with FP8, with top-k (async=False, previous=True) ... passed
[testing] Running with BF16, without top-k (async=True, previous=True) ... passed
[testing] Running with BF16, with top-k (async=True, previous=True) ... passed
[testing] Running with BF16, without top-k (async=True, previous=True) ... passed
[testing] Running with BF16, with top-k (async=True, previous=True) ... passed
[testing] Running with FP8, without top-k (async=True, previous=True) ... passed
[testing] Running with FP8, with top-k (async=True, previous=True) ... passed

[tuning] SMs 76, NVL chunk default: 364.28 GB/s (NVL), avg_t: 245.82 us
[tuning] SMs 76, NVL chunk 1: 88.95 GB/s (NVL), avg_t: 1006.72 us
[tuning] SMs 76, NVL chunk 2: 155.58 GB/s (NVL), avg_t: 575.56 us
[tuning] SMs 76, NVL chunk 3: 221.91 GB/s (NVL), avg_t: 403.52 us
[tuning] SMs 76, NVL chunk 4: 272.62 GB/s (NVL), avg_t: 328.46 us
[tuning] SMs 76, NVL chunk 5: 320.73 GB/s (NVL), avg_t: 279.20 us
[tuning] SMs 76, NVL chunk 6: 363.52 GB/s (NVL), avg_t: 246.33 us
[tuning] SMs 76, NVL chunk 7: 374.59 GB/s (NVL), avg_t: 239.05 us
[tuning] SMs 76, NVL chunk 8: 370.90 GB/s (NVL), avg_t: 241.43 us
[tuning] SMs 76, NVL chunk 9: 383.44 GB/s (NVL), avg_t: 233.53 us
[tuning] SMs 76, NVL chunk 10: 400.24 GB/s (NVL), avg_t: 223.73 us
[tuning] SMs 76, NVL chunk 11: 420.49 GB/s (NVL), avg_t: 212.96 us
[tuning] SMs 76, NVL chunk 12: 436.14 GB/s (NVL), avg_t: 205.32 us
[tuning] SMs 76, NVL chunk 13: 445.61 GB/s (NVL), avg_t: 200.95 us
[tuning] SMs 76, NVL chunk 14: 461.78 GB/s (NVL), avg_t: 193.92 us
[tuning] SMs 76, NVL chunk 15: 467.17 GB/s (NVL), avg_t: 191.68 us
[tuning] SMs 76, NVL chunk 16: 470.79 GB/s (NVL), avg_t: 190.21 us
[tuning] SMs 76, NVL chunk 17: 464.68 GB/s (NVL), avg_t: 192.71 us
[tuning] SMs 76, NVL chunk 18: 462.68 GB/s (NVL), avg_t: 193.54 us
[tuning] SMs 76, NVL chunk 19: 460.39 GB/s (NVL), avg_t: 194.50 us
[tuning] SMs 76, NVL chunk 20: 460.81 GB/s (NVL), avg_t: 194.32 us
[tuning] SMs 76, NVL chunk 21: 458.35 GB/s (NVL), avg_t: 195.37 us
[tuning] SMs 76, NVL chunk 22: 455.91 GB/s (NVL), avg_t: 196.41 us
[tuning] SMs 76, NVL chunk 23: 458.89 GB/s (NVL), avg_t: 195.14 us
[tuning] SMs 76, NVL chunk 24: 461.20 GB/s (NVL), avg_t: 194.16 us
[tuning] SMs 76, NVL chunk 25: 458.58 GB/s (NVL), avg_t: 195.27 us
[tuning] SMs 76, NVL chunk 26: 457.63 GB/s (NVL), avg_t: 195.67 us
[tuning] SMs 76, NVL chunk 27: 461.07 GB/s (NVL), avg_t: 194.22 us
[tuning] SMs 76, NVL chunk 28: 460.09 GB/s (NVL), avg_t: 194.63 us
[tuning] SMs 76, NVL chunk 29: 460.86 GB/s (NVL), avg_t: 194.30 us
[tuning] SMs 76, NVL chunk 30: 462.00 GB/s (NVL), avg_t: 193.82 us
[tuning] SMs 76, NVL chunk 31: 460.69 GB/s (NVL), avg_t: 194.37 us
[tuning] SMs 76, NVL chunk 32: 459.87 GB/s (NVL), avg_t: 194.72 us
[tuning] SMs 76, NVL chunk 33: 456.63 GB/s (NVL), avg_t: 196.10 us
[tuning] SMs 76, NVL chunk 34: 453.44 GB/s (NVL), avg_t: 197.49 us
[tuning] SMs 76, NVL chunk 35: 449.66 GB/s (NVL), avg_t: 199.14 us
[tuning] SMs 76, NVL chunk 36: 450.35 GB/s (NVL), avg_t: 198.84 us
[tuning] SMs 76, NVL chunk 37: 448.32 GB/s (NVL), avg_t: 199.74 us
[tuning] SMs 76, NVL chunk 38: 448.31 GB/s (NVL), avg_t: 199.74 us
[tuning] SMs 76, NVL chunk 39: 452.34 GB/s (NVL), avg_t: 197.97 us
[tuning] SMs 76, NVL chunk 40: 451.14 GB/s (NVL), avg_t: 198.49 us
[tuning] SMs 76, NVL chunk 41: 452.68 GB/s (NVL), avg_t: 197.82 us
[tuning] SMs 76, NVL chunk 42: 456.66 GB/s (NVL), avg_t: 196.09 us
[tuning] SMs 76, NVL chunk 43: 456.76 GB/s (NVL), avg_t: 196.05 us
[tuning] SMs 76, NVL chunk 44: 457.15 GB/s (NVL), avg_t: 195.88 us
[tuning] SMs 76, NVL chunk 45: 458.26 GB/s (NVL), avg_t: 195.41 us
[tuning] SMs 76, NVL chunk 46: 454.08 GB/s (NVL), avg_t: 197.20 us
[tuning] SMs 76, NVL chunk 47: 452.52 GB/s (NVL), avg_t: 197.88 us
[tuning] SMs 76, NVL chunk 48: 450.76 GB/s (NVL), avg_t: 198.66 us
[tuning] SMs 76, NVL chunk 49: 448.87 GB/s (NVL), avg_t: 199.49 us
[tuning] SMs 76, NVL chunk 50: 446.49 GB/s (NVL), avg_t: 200.56 us
[tuning] SMs 76, NVL chunk 51: 444.07 GB/s (NVL), avg_t: 201.65 us
[tuning] SMs 76, NVL chunk 52: 440.31 GB/s (NVL), avg_t: 203.37 us
[tuning] SMs 76, NVL chunk 53: 435.85 GB/s (NVL), avg_t: 205.45 us
[tuning] SMs 76, NVL chunk 54: 434.99 GB/s (NVL), avg_t: 205.86 us
[tuning] SMs 76, NVL chunk 55: 430.59 GB/s (NVL), avg_t: 207.96 us
[tuning] SMs 76, NVL chunk 56: 432.04 GB/s (NVL), avg_t: 207.26 us
[tuning] SMs 76, NVL chunk 57: 428.98 GB/s (NVL), avg_t: 208.75 us
[tuning] SMs 76, NVL chunk 58: 428.01 GB/s (NVL), avg_t: 209.22 us
[tuning] SMs 76, NVL chunk 59: 427.20 GB/s (NVL), avg_t: 209.61 us
[tuning] SMs 76, NVL chunk 60: 424.57 GB/s (NVL), avg_t: 210.91 us
[tuning] SMs 76, NVL chunk 61: 422.66 GB/s (NVL), avg_t: 211.86 us
[tuning] SMs 76, NVL chunk 62: 418.57 GB/s (NVL), avg_t: 213.94 us
[tuning] SMs 76, NVL chunk 63: 418.99 GB/s (NVL), avg_t: 213.72 us
[tuning] SMs 76, NVL chunk 64: 414.00 GB/s (NVL), avg_t: 216.30 us
[tuning] Best dispatch (BF16): SMs 76, NVL chunk 16, 470.79 GB/s (NVL), t: 190.21 us

[tuning] SMs 76, NVL chunk default: 267.89 GB/s (NVL), avg_t: 334.27 us
[tuning] SMs 76, NVL chunk 1: 90.98 GB/s (NVL), avg_t: 984.29 us
[tuning] SMs 76, NVL chunk 2: 159.17 GB/s (NVL), avg_t: 562.58 us
[tuning] SMs 76, NVL chunk 3: 222.42 GB/s (NVL), avg_t: 402.60 us
[tuning] SMs 76, NVL chunk 4: 267.08 GB/s (NVL), avg_t: 335.29 us
[tuning] SMs 76, NVL chunk 5: 313.37 GB/s (NVL), avg_t: 285.76 us
[tuning] SMs 76, NVL chunk 6: 352.27 GB/s (NVL), avg_t: 254.20 us
[tuning] SMs 76, NVL chunk 7: 373.07 GB/s (NVL), avg_t: 240.03 us
[tuning] SMs 76, NVL chunk 8: 399.17 GB/s (NVL), avg_t: 224.33 us
[tuning] SMs 76, NVL chunk 9: 413.15 GB/s (NVL), avg_t: 216.74 us
[tuning] SMs 76, NVL chunk 10: 388.30 GB/s (NVL), avg_t: 230.61 us
[tuning] SMs 76, NVL chunk 11: 406.34 GB/s (NVL), avg_t: 220.37 us
[tuning] SMs 76, NVL chunk 12: 422.86 GB/s (NVL), avg_t: 211.77 us
[tuning] SMs 76, NVL chunk 13: 424.93 GB/s (NVL), avg_t: 210.73 us
[tuning] SMs 76, NVL chunk 14: 437.91 GB/s (NVL), avg_t: 204.49 us
[tuning] SMs 76, NVL chunk 15: 439.43 GB/s (NVL), avg_t: 203.78 us
[tuning] SMs 76, NVL chunk 16: 438.09 GB/s (NVL), avg_t: 204.40 us
[tuning] SMs 76, NVL chunk 17: 446.18 GB/s (NVL), avg_t: 200.69 us
[tuning] SMs 76, NVL chunk 18: 439.99 GB/s (NVL), avg_t: 203.52 us
[tuning] SMs 76, NVL chunk 19: 440.64 GB/s (NVL), avg_t: 203.22 us
[tuning] SMs 76, NVL chunk 20: 438.70 GB/s (NVL), avg_t: 204.12 us
[tuning] SMs 76, NVL chunk 21: 438.64 GB/s (NVL), avg_t: 204.15 us
[tuning] SMs 76, NVL chunk 22: 431.43 GB/s (NVL), avg_t: 207.56 us
[tuning] SMs 76, NVL chunk 23: 429.91 GB/s (NVL), avg_t: 208.29 us
[tuning] SMs 76, NVL chunk 24: 430.26 GB/s (NVL), avg_t: 208.12 us
[tuning] SMs 76, NVL chunk 25: 430.59 GB/s (NVL), avg_t: 207.96 us
[tuning] SMs 76, NVL chunk 26: 425.56 GB/s (NVL), avg_t: 210.42 us
[tuning] SMs 76, NVL chunk 27: 425.42 GB/s (NVL), avg_t: 210.49 us
[tuning] SMs 76, NVL chunk 28: 422.36 GB/s (NVL), avg_t: 212.01 us
[tuning] SMs 76, NVL chunk 29: 422.33 GB/s (NVL), avg_t: 212.03 us
[tuning] SMs 76, NVL chunk 30: 427.49 GB/s (NVL), avg_t: 209.47 us
[tuning] SMs 76, NVL chunk 31: 423.73 GB/s (NVL), avg_t: 211.33 us
[tuning] SMs 76, NVL chunk 32: 426.93 GB/s (NVL), avg_t: 209.74 us
[tuning] SMs 76, NVL chunk 33: 422.57 GB/s (NVL), avg_t: 211.91 us
[tuning] SMs 76, NVL chunk 34: 421.95 GB/s (NVL), avg_t: 212.22 us
[tuning] SMs 76, NVL chunk 35: 419.35 GB/s (NVL), avg_t: 213.53 us
[tuning] SMs 76, NVL chunk 36: 419.20 GB/s (NVL), avg_t: 213.62 us
[tuning] SMs 76, NVL chunk 37: 416.81 GB/s (NVL), avg_t: 214.84 us
[tuning] SMs 76, NVL chunk 38: 415.33 GB/s (NVL), avg_t: 215.60 us
[tuning] SMs 76, NVL chunk 39: 415.99 GB/s (NVL), avg_t: 215.26 us
[tuning] SMs 76, NVL chunk 40: 413.84 GB/s (NVL), avg_t: 216.38 us
[tuning] SMs 76, NVL chunk 41: 413.77 GB/s (NVL), avg_t: 216.42 us
[tuning] SMs 76, NVL chunk 42: 408.80 GB/s (NVL), avg_t: 219.05 us
[tuning] SMs 76, NVL chunk 43: 410.53 GB/s (NVL), avg_t: 218.13 us
[tuning] SMs 76, NVL chunk 44: 408.40 GB/s (NVL), avg_t: 219.26 us
[tuning] SMs 76, NVL chunk 45: 408.37 GB/s (NVL), avg_t: 219.28 us
[tuning] SMs 76, NVL chunk 46: 406.82 GB/s (NVL), avg_t: 220.11 us
[tuning] SMs 76, NVL chunk 47: 404.19 GB/s (NVL), avg_t: 221.55 us
[tuning] SMs 76, NVL chunk 48: 404.02 GB/s (NVL), avg_t: 221.64 us
[tuning] SMs 76, NVL chunk 49: 403.26 GB/s (NVL), avg_t: 222.06 us
[tuning] SMs 76, NVL chunk 50: 403.50 GB/s (NVL), avg_t: 221.92 us
[tuning] SMs 76, NVL chunk 51: 402.45 GB/s (NVL), avg_t: 222.50 us
[tuning] SMs 76, NVL chunk 52: 399.43 GB/s (NVL), avg_t: 224.19 us
[tuning] SMs 76, NVL chunk 53: 400.78 GB/s (NVL), avg_t: 223.43 us
[tuning] SMs 76, NVL chunk 54: 399.17 GB/s (NVL), avg_t: 224.33 us
[tuning] SMs 76, NVL chunk 55: 396.80 GB/s (NVL), avg_t: 225.67 us
[tuning] SMs 76, NVL chunk 56: 396.14 GB/s (NVL), avg_t: 226.05 us
[tuning] SMs 76, NVL chunk 57: 394.68 GB/s (NVL), avg_t: 226.88 us
[tuning] SMs 76, NVL chunk 58: 393.15 GB/s (NVL), avg_t: 227.77 us
[tuning] SMs 76, NVL chunk 59: 393.67 GB/s (NVL), avg_t: 227.47 us
[tuning] SMs 76, NVL chunk 60: 390.50 GB/s (NVL), avg_t: 229.31 us
[tuning] SMs 76, NVL chunk 61: 389.46 GB/s (NVL), avg_t: 229.92 us
[tuning] SMs 76, NVL chunk 62: 389.38 GB/s (NVL), avg_t: 229.97 us
[tuning] SMs 76, NVL chunk 63: 388.92 GB/s (NVL), avg_t: 230.24 us
[tuning] SMs 76, NVL chunk 64: 386.02 GB/s (NVL), avg_t: 231.98 us
[tuning] Best combine: SMs 76, NVL chunk 17: 446.18 GB/s (NVL), t: 200.69 us


[config] num_tokens=4096, hidden=2048, num_topk=8
[layout] Kernel performance: 0.047 ms

[testing] Running with BF16, without top-k (async=False, previous=False) ... passed
[testing] Running with BF16, with top-k (async=False, previous=False) ... passed
[testing] Running with BF16, without top-k (async=False, previous=False) ... passed
[testing] Running with BF16, with top-k (async=False, previous=False) ... passed
[testing] Running with FP8, without top-k (async=False, previous=False) ... passed
[testing] Running with FP8, with top-k (async=False, previous=False) ... passed
[testing] Running with BF16, without top-k (async=True, previous=False) ... passed
[testing] Running with BF16, with top-k (async=True, previous=False) ... passed
[testing] Running with BF16, without top-k (async=True, previous=False) ... passed
[testing] Running with BF16, with top-k (async=True, previous=False) ... passed
[testing] Running with FP8, without top-k (async=True, previous=False) ... passed
[testing] Running with FP8, with top-k (async=True, previous=False) ... passed
[testing] Running with BF16, without top-k (async=False, previous=True) ... passed
[testing] Running with BF16, with top-k (async=False, previous=True) ... passed
[testing] Running with BF16, without top-k (async=False, previous=True) ... passed
[testing] Running with BF16, with top-k (async=False, previous=True) ... passed
[testing] Running with FP8, without top-k (async=False, previous=True) ... passed
[testing] Running with FP8, with top-k (async=False, previous=True) ... passed
[testing] Running with BF16, without top-k (async=True, previous=True) ... passed
[testing] Running with BF16, with top-k (async=True, previous=True) ... passed
[testing] Running with BF16, without top-k (async=True, previous=True) ... passed
[testing] Running with BF16, with top-k (async=True, previous=True) ... passed
[testing] Running with FP8, without top-k (async=True, previous=True) ... passed
[testing] Running with FP8, with top-k (async=True, previous=True) ... passed

[tuning] SMs 78, NVL chunk default: 367.09 GB/s (NVL), avg_t: 243.58 us
[tuning] SMs 78, NVL chunk 1: 89.46 GB/s (NVL), avg_t: 999.51 us
[tuning] SMs 78, NVL chunk 2: 157.83 GB/s (NVL), avg_t: 566.53 us
[tuning] SMs 78, NVL chunk 3: 226.44 GB/s (NVL), avg_t: 394.88 us
[tuning] SMs 78, NVL chunk 4: 275.75 GB/s (NVL), avg_t: 324.26 us
[tuning] SMs 78, NVL chunk 5: 324.61 GB/s (NVL), avg_t: 275.45 us
[tuning] SMs 78, NVL chunk 6: 366.29 GB/s (NVL), avg_t: 244.11 us
[tuning] SMs 78, NVL chunk 7: 374.54 GB/s (NVL), avg_t: 238.73 us
[tuning] SMs 78, NVL chunk 8: 369.74 GB/s (NVL), avg_t: 241.83 us
[tuning] SMs 78, NVL chunk 9: 384.18 GB/s (NVL), avg_t: 232.74 us
[tuning] SMs 78, NVL chunk 10: 405.75 GB/s (NVL), avg_t: 220.37 us
[tuning] SMs 78, NVL chunk 11: 425.43 GB/s (NVL), avg_t: 210.18 us
[tuning] SMs 78, NVL chunk 12: 443.32 GB/s (NVL), avg_t: 201.69 us
[tuning] SMs 78, NVL chunk 13: 454.03 GB/s (NVL), avg_t: 196.94 us
[tuning] SMs 78, NVL chunk 14: 465.02 GB/s (NVL), avg_t: 192.28 us
[tuning] SMs 78, NVL chunk 15: 475.11 GB/s (NVL), avg_t: 188.20 us
[tuning] SMs 78, NVL chunk 16: 475.74 GB/s (NVL), avg_t: 187.95 us
[tuning] SMs 78, NVL chunk 17: 470.46 GB/s (NVL), avg_t: 190.06 us
[tuning] SMs 78, NVL chunk 18: 467.70 GB/s (NVL), avg_t: 191.18 us
[tuning] SMs 78, NVL chunk 19: 463.83 GB/s (NVL), avg_t: 192.78 us
[tuning] SMs 78, NVL chunk 20: 467.46 GB/s (NVL), avg_t: 191.28 us
[tuning] SMs 78, NVL chunk 21: 461.98 GB/s (NVL), avg_t: 193.55 us
[tuning] SMs 78, NVL chunk 22: 458.85 GB/s (NVL), avg_t: 194.87 us
[tuning] SMs 78, NVL chunk 23: 459.65 GB/s (NVL), avg_t: 194.53 us
[tuning] SMs 78, NVL chunk 24: 457.41 GB/s (NVL), avg_t: 195.48 us
[tuning] SMs 78, NVL chunk 25: 457.93 GB/s (NVL), avg_t: 195.26 us
[tuning] SMs 78, NVL chunk 26: 460.79 GB/s (NVL), avg_t: 194.05 us
[tuning] SMs 78, NVL chunk 27: 464.46 GB/s (NVL), avg_t: 192.52 us
[tuning] SMs 78, NVL chunk 28: 463.47 GB/s (NVL), avg_t: 192.93 us
[tuning] SMs 78, NVL chunk 29: 463.63 GB/s (NVL), avg_t: 192.86 us
[tuning] SMs 78, NVL chunk 30: 463.93 GB/s (NVL), avg_t: 192.74 us
[tuning] SMs 78, NVL chunk 31: 458.43 GB/s (NVL), avg_t: 195.05 us
[tuning] SMs 78, NVL chunk 32: 458.02 GB/s (NVL), avg_t: 195.22 us
[tuning] SMs 78, NVL chunk 33: 454.31 GB/s (NVL), avg_t: 196.82 us
[tuning] SMs 78, NVL chunk 34: 451.83 GB/s (NVL), avg_t: 197.90 us
[tuning] SMs 78, NVL chunk 35: 448.71 GB/s (NVL), avg_t: 199.27 us
[tuning] SMs 78, NVL chunk 36: 449.79 GB/s (NVL), avg_t: 198.80 us
[tuning] SMs 78, NVL chunk 37: 450.16 GB/s (NVL), avg_t: 198.63 us
[tuning] SMs 78, NVL chunk 38: 449.62 GB/s (NVL), avg_t: 198.87 us
[tuning] SMs 78, NVL chunk 39: 452.83 GB/s (NVL), avg_t: 197.46 us
[tuning] SMs 78, NVL chunk 40: 453.88 GB/s (NVL), avg_t: 197.00 us
[tuning] SMs 78, NVL chunk 41: 456.01 GB/s (NVL), avg_t: 196.08 us
[tuning] SMs 78, NVL chunk 42: 458.81 GB/s (NVL), avg_t: 194.89 us
[tuning] SMs 78, NVL chunk 43: 457.53 GB/s (NVL), avg_t: 195.43 us
[tuning] SMs 78, NVL chunk 44: 456.96 GB/s (NVL), avg_t: 195.67 us
[tuning] SMs 78, NVL chunk 45: 453.79 GB/s (NVL), avg_t: 197.04 us
[tuning] SMs 78, NVL chunk 46: 453.70 GB/s (NVL), avg_t: 197.08 us
[tuning] SMs 78, NVL chunk 47: 450.91 GB/s (NVL), avg_t: 198.30 us
[tuning] SMs 78, NVL chunk 48: 449.41 GB/s (NVL), avg_t: 198.96 us
[tuning] SMs 78, NVL chunk 49: 447.62 GB/s (NVL), avg_t: 199.76 us
[tuning] SMs 78, NVL chunk 50: 446.87 GB/s (NVL), avg_t: 200.09 us
[tuning] SMs 78, NVL chunk 51: 443.16 GB/s (NVL), avg_t: 201.77 us
[tuning] SMs 78, NVL chunk 52: 440.90 GB/s (NVL), avg_t: 202.80 us
[tuning] SMs 78, NVL chunk 53: 438.90 GB/s (NVL), avg_t: 203.73 us
[tuning] SMs 78, NVL chunk 54: 434.98 GB/s (NVL), avg_t: 205.56 us
[tuning] SMs 78, NVL chunk 55: 431.33 GB/s (NVL), avg_t: 207.30 us
[tuning] SMs 78, NVL chunk 56: 430.73 GB/s (NVL), avg_t: 207.59 us
[tuning] SMs 78, NVL chunk 57: 427.34 GB/s (NVL), avg_t: 209.24 us
[tuning] SMs 78, NVL chunk 58: 426.77 GB/s (NVL), avg_t: 209.52 us
[tuning] SMs 78, NVL chunk 59: 427.32 GB/s (NVL), avg_t: 209.25 us
[tuning] SMs 78, NVL chunk 60: 424.04 GB/s (NVL), avg_t: 210.87 us
[tuning] SMs 78, NVL chunk 61: 420.64 GB/s (NVL), avg_t: 212.57 us
[tuning] SMs 78, NVL chunk 62: 418.51 GB/s (NVL), avg_t: 213.65 us
[tuning] SMs 78, NVL chunk 63: 416.81 GB/s (NVL), avg_t: 214.52 us
[tuning] SMs 78, NVL chunk 64: 413.37 GB/s (NVL), avg_t: 216.31 us
[tuning] Best dispatch (BF16): SMs 78, NVL chunk 16, 475.74 GB/s (NVL), t: 187.95 us

[tuning] SMs 78, NVL chunk default: 271.33 GB/s (NVL), avg_t: 329.55 us
[tuning] SMs 78, NVL chunk 1: 92.09 GB/s (NVL), avg_t: 970.92 us
[tuning] SMs 78, NVL chunk 2: 159.31 GB/s (NVL), avg_t: 561.26 us
[tuning] SMs 78, NVL chunk 3: 223.05 GB/s (NVL), avg_t: 400.88 us
[tuning] SMs 78, NVL chunk 4: 271.30 GB/s (NVL), avg_t: 329.58 us
[tuning] SMs 78, NVL chunk 5: 315.77 GB/s (NVL), avg_t: 283.16 us
[tuning] SMs 78, NVL chunk 6: 354.56 GB/s (NVL), avg_t: 252.19 us
[tuning] SMs 78, NVL chunk 7: 372.87 GB/s (NVL), avg_t: 239.80 us
[tuning] SMs 78, NVL chunk 8: 393.40 GB/s (NVL), avg_t: 227.29 us
[tuning] SMs 78, NVL chunk 9: 402.27 GB/s (NVL), avg_t: 222.28 us
[tuning] SMs 78, NVL chunk 10: 386.81 GB/s (NVL), avg_t: 231.16 us
[tuning] SMs 78, NVL chunk 11: 400.75 GB/s (NVL), avg_t: 223.12 us
[tuning] SMs 78, NVL chunk 12: 413.17 GB/s (NVL), avg_t: 216.41 us
[tuning] SMs 78, NVL chunk 13: 418.03 GB/s (NVL), avg_t: 213.90 us
[tuning] SMs 78, NVL chunk 14: 422.70 GB/s (NVL), avg_t: 211.53 us
[tuning] SMs 78, NVL chunk 15: 419.24 GB/s (NVL), avg_t: 213.28 us
[tuning] SMs 78, NVL chunk 16: 423.38 GB/s (NVL), avg_t: 211.19 us
[tuning] SMs 78, NVL chunk 17: 425.30 GB/s (NVL), avg_t: 210.24 us
[tuning] SMs 78, NVL chunk 18: 419.46 GB/s (NVL), avg_t: 213.17 us
[tuning] SMs 78, NVL chunk 19: 414.22 GB/s (NVL), avg_t: 215.87 us
[tuning] SMs 78, NVL chunk 20: 414.59 GB/s (NVL), avg_t: 215.67 us
[tuning] SMs 78, NVL chunk 21: 416.86 GB/s (NVL), avg_t: 214.50 us
[tuning] SMs 78, NVL chunk 22: 409.17 GB/s (NVL), avg_t: 218.53 us
[tuning] SMs 78, NVL chunk 23: 409.41 GB/s (NVL), avg_t: 218.40 us
[tuning] SMs 78, NVL chunk 24: 412.79 GB/s (NVL), avg_t: 216.61 us
[tuning] SMs 78, NVL chunk 25: 410.76 GB/s (NVL), avg_t: 217.68 us
[tuning] SMs 78, NVL chunk 26: 408.44 GB/s (NVL), avg_t: 218.92 us
[tuning] SMs 78, NVL chunk 27: 407.94 GB/s (NVL), avg_t: 219.19 us
[tuning] SMs 78, NVL chunk 28: 403.32 GB/s (NVL), avg_t: 221.70 us
[tuning] SMs 78, NVL chunk 29: 404.51 GB/s (NVL), avg_t: 221.05 us
[tuning] SMs 78, NVL chunk 30: 412.29 GB/s (NVL), avg_t: 216.87 us
[tuning] SMs 78, NVL chunk 31: 407.71 GB/s (NVL), avg_t: 219.31 us
[tuning] SMs 78, NVL chunk 32: 403.34 GB/s (NVL), avg_t: 221.69 us
[tuning] SMs 78, NVL chunk 33: 407.33 GB/s (NVL), avg_t: 219.52 us
[tuning] SMs 78, NVL chunk 34: 400.49 GB/s (NVL), avg_t: 223.27 us
[tuning] SMs 78, NVL chunk 35: 400.44 GB/s (NVL), avg_t: 223.30 us
[tuning] SMs 78, NVL chunk 36: 400.18 GB/s (NVL), avg_t: 223.44 us
[tuning] SMs 78, NVL chunk 37: 398.75 GB/s (NVL), avg_t: 224.24 us
[tuning] SMs 78, NVL chunk 38: 396.73 GB/s (NVL), avg_t: 225.38 us
[tuning] SMs 78, NVL chunk 39: 396.96 GB/s (NVL), avg_t: 225.25 us
[tuning] SMs 78, NVL chunk 40: 394.25 GB/s (NVL), avg_t: 226.80 us
[tuning] SMs 78, NVL chunk 41: 392.45 GB/s (NVL), avg_t: 227.84 us
[tuning] SMs 78, NVL chunk 42: 392.24 GB/s (NVL), avg_t: 227.96 us
[tuning] SMs 78, NVL chunk 43: 391.12 GB/s (NVL), avg_t: 228.61 us
[tuning] SMs 78, NVL chunk 44: 391.05 GB/s (NVL), avg_t: 228.65 us
[tuning] SMs 78, NVL chunk 45: 389.44 GB/s (NVL), avg_t: 229.60 us
[tuning] SMs 78, NVL chunk 46: 388.96 GB/s (NVL), avg_t: 229.88 us
[tuning] SMs 78, NVL chunk 47: 386.29 GB/s (NVL), avg_t: 231.47 us
[tuning] SMs 78, NVL chunk 48: 385.89 GB/s (NVL), avg_t: 231.71 us
[tuning] SMs 78, NVL chunk 49: 384.98 GB/s (NVL), avg_t: 232.26 us
[tuning] SMs 78, NVL chunk 50: 384.07 GB/s (NVL), avg_t: 232.81 us
[tuning] SMs 78, NVL chunk 51: 383.62 GB/s (NVL), avg_t: 233.08 us
[tuning] SMs 78, NVL chunk 52: 382.45 GB/s (NVL), avg_t: 233.80 us
[tuning] SMs 78, NVL chunk 53: 382.70 GB/s (NVL), avg_t: 233.64 us
[tuning] SMs 78, NVL chunk 54: 381.34 GB/s (NVL), avg_t: 234.48 us
[tuning] SMs 78, NVL chunk 55: 379.68 GB/s (NVL), avg_t: 235.50 us
[tuning] SMs 78, NVL chunk 56: 378.70 GB/s (NVL), avg_t: 236.11 us
[tuning] SMs 78, NVL chunk 57: 375.80 GB/s (NVL), avg_t: 237.94 us
[tuning] SMs 78, NVL chunk 58: 375.22 GB/s (NVL), avg_t: 238.30 us
[tuning] SMs 78, NVL chunk 59: 374.17 GB/s (NVL), avg_t: 238.97 us
[tuning] SMs 78, NVL chunk 60: 373.43 GB/s (NVL), avg_t: 239.44 us
[tuning] SMs 78, NVL chunk 61: 370.27 GB/s (NVL), avg_t: 241.49 us
[tuning] SMs 78, NVL chunk 62: 371.30 GB/s (NVL), avg_t: 240.82 us
[tuning] SMs 78, NVL chunk 63: 370.08 GB/s (NVL), avg_t: 241.61 us
[tuning] SMs 78, NVL chunk 64: 368.70 GB/s (NVL), avg_t: 242.51 us
[tuning] Best combine: SMs 78, NVL chunk 17: 425.30 GB/s (NVL), t: 210.24 us


[config] num_tokens=4096, hidden=2048, num_topk=8
[layout] Kernel performance: 0.047 ms

[testing] Running with BF16, without top-k (async=False, previous=False) ... passed
[testing] Running with BF16, with top-k (async=False, previous=False) ... passed
[testing] Running with BF16, without top-k (async=False, previous=False) ... passed
[testing] Running with BF16, with top-k (async=False, previous=False) ... passed
[testing] Running with FP8, without top-k (async=False, previous=False) ... passed
[testing] Running with FP8, with top-k (async=False, previous=False) ... passed
[testing] Running with BF16, without top-k (async=True, previous=False) ... passed
[testing] Running with BF16, with top-k (async=True, previous=False) ... passed
[testing] Running with BF16, without top-k (async=True, previous=False) ... passed
[testing] Running with BF16, with top-k (async=True, previous=False) ... passed
[testing] Running with FP8, without top-k (async=True, previous=False) ... passed
[testing] Running with FP8, with top-k (async=True, previous=False) ... passed
[testing] Running with BF16, without top-k (async=False, previous=True) ... passed
[testing] Running with BF16, with top-k (async=False, previous=True) ... passed
[testing] Running with BF16, without top-k (async=False, previous=True) ... passed
[testing] Running with BF16, with top-k (async=False, previous=True) ... passed
[testing] Running with FP8, without top-k (async=False, previous=True) ... passed
[testing] Running with FP8, with top-k (async=False, previous=True) ... passed
[testing] Running with BF16, without top-k (async=True, previous=True) ... passed
[testing] Running with BF16, with top-k (async=True, previous=True) ... passed
[testing] Running with BF16, without top-k (async=True, previous=True) ... passed
[testing] Running with BF16, with top-k (async=True, previous=True) ... passed
[testing] Running with FP8, without top-k (async=True, previous=True) ... passed
[testing] Running with FP8, with top-k (async=True, previous=True) ... passed

[tuning] SMs 80, NVL chunk default: 375.33 GB/s (NVL), avg_t: 238.40 us
[tuning] SMs 80, NVL chunk 1: 91.73 GB/s (NVL), avg_t: 975.47 us
[tuning] SMs 80, NVL chunk 2: 160.95 GB/s (NVL), avg_t: 555.97 us
[tuning] SMs 80, NVL chunk 3: 230.49 GB/s (NVL), avg_t: 388.23 us
[tuning] SMs 80, NVL chunk 4: 282.45 GB/s (NVL), avg_t: 316.81 us
[tuning] SMs 80, NVL chunk 5: 330.34 GB/s (NVL), avg_t: 270.88 us
[tuning] SMs 80, NVL chunk 6: 375.20 GB/s (NVL), avg_t: 238.49 us
[tuning] SMs 80, NVL chunk 7: 383.89 GB/s (NVL), avg_t: 233.09 us
[tuning] SMs 80, NVL chunk 8: 380.51 GB/s (NVL), avg_t: 235.16 us
[tuning] SMs 80, NVL chunk 9: 388.81 GB/s (NVL), avg_t: 230.14 us
[tuning] SMs 80, NVL chunk 10: 410.05 GB/s (NVL), avg_t: 218.22 us
[tuning] SMs 80, NVL chunk 11: 430.63 GB/s (NVL), avg_t: 207.79 us
[tuning] SMs 80, NVL chunk 12: 446.73 GB/s (NVL), avg_t: 200.30 us
[tuning] SMs 80, NVL chunk 13: 456.62 GB/s (NVL), avg_t: 195.97 us
[tuning] SMs 80, NVL chunk 14: 468.33 GB/s (NVL), avg_t: 191.07 us
[tuning] SMs 80, NVL chunk 15: 472.46 GB/s (NVL), avg_t: 189.39 us
[tuning] SMs 80, NVL chunk 16: 468.70 GB/s (NVL), avg_t: 190.91 us
[tuning] SMs 80, NVL chunk 17: 468.97 GB/s (NVL), avg_t: 190.80 us
[tuning] SMs 80, NVL chunk 18: 465.08 GB/s (NVL), avg_t: 192.40 us
[tuning] SMs 80, NVL chunk 19: 462.84 GB/s (NVL), avg_t: 193.33 us
[tuning] SMs 80, NVL chunk 20: 462.33 GB/s (NVL), avg_t: 193.55 us
[tuning] SMs 80, NVL chunk 21: 464.10 GB/s (NVL), avg_t: 192.80 us
[tuning] SMs 80, NVL chunk 22: 462.25 GB/s (NVL), avg_t: 193.58 us
[tuning] SMs 80, NVL chunk 23: 462.02 GB/s (NVL), avg_t: 193.67 us
[tuning] SMs 80, NVL chunk 24: 468.09 GB/s (NVL), avg_t: 191.16 us
[tuning] SMs 80, NVL chunk 25: 463.22 GB/s (NVL), avg_t: 193.17 us
[tuning] SMs 80, NVL chunk 26: 465.10 GB/s (NVL), avg_t: 192.39 us
[tuning] SMs 80, NVL chunk 27: 468.19 GB/s (NVL), avg_t: 191.12 us
[tuning] SMs 80, NVL chunk 28: 468.68 GB/s (NVL), avg_t: 190.92 us
[tuning] SMs 80, NVL chunk 29: 465.58 GB/s (NVL), avg_t: 192.19 us
[tuning] SMs 80, NVL chunk 30: 464.98 GB/s (NVL), avg_t: 192.44 us
[tuning] SMs 80, NVL chunk 31: 462.89 GB/s (NVL), avg_t: 193.31 us
[tuning] SMs 80, NVL chunk 32: 458.84 GB/s (NVL), avg_t: 195.02 us
[tuning] SMs 80, NVL chunk 33: 457.55 GB/s (NVL), avg_t: 195.57 us
[tuning] SMs 80, NVL chunk 34: 455.49 GB/s (NVL), avg_t: 196.45 us
[tuning] SMs 80, NVL chunk 35: 453.15 GB/s (NVL), avg_t: 197.47 us
[tuning] SMs 80, NVL chunk 36: 457.20 GB/s (NVL), avg_t: 195.72 us
[tuning] SMs 80, NVL chunk 37: 457.89 GB/s (NVL), avg_t: 195.42 us
[tuning] SMs 80, NVL chunk 38: 459.72 GB/s (NVL), avg_t: 194.64 us
[tuning] SMs 80, NVL chunk 39: 463.53 GB/s (NVL), avg_t: 193.04 us
[tuning] SMs 80, NVL chunk 40: 463.86 GB/s (NVL), avg_t: 192.90 us
[tuning] SMs 80, NVL chunk 41: 462.95 GB/s (NVL), avg_t: 193.28 us
[tuning] SMs 80, NVL chunk 42: 462.57 GB/s (NVL), avg_t: 193.44 us
[tuning] SMs 80, NVL chunk 43: 458.63 GB/s (NVL), avg_t: 195.11 us
[tuning] SMs 80, NVL chunk 44: 459.45 GB/s (NVL), avg_t: 194.76 us
[tuning] SMs 80, NVL chunk 45: 457.28 GB/s (NVL), avg_t: 195.68 us
[tuning] SMs 80, NVL chunk 46: 454.39 GB/s (NVL), avg_t: 196.92 us
[tuning] SMs 80, NVL chunk 47: 449.36 GB/s (NVL), avg_t: 199.13 us
[tuning] SMs 80, NVL chunk 48: 451.82 GB/s (NVL), avg_t: 198.05 us
[tuning] SMs 80, NVL chunk 49: 446.09 GB/s (NVL), avg_t: 200.59 us
[tuning] SMs 80, NVL chunk 50: 443.36 GB/s (NVL), avg_t: 201.83 us
[tuning] SMs 80, NVL chunk 51: 443.68 GB/s (NVL), avg_t: 201.68 us
[tuning] SMs 80, NVL chunk 52: 439.61 GB/s (NVL), avg_t: 203.55 us
[tuning] SMs 80, NVL chunk 53: 439.70 GB/s (NVL), avg_t: 203.51 us
[tuning] SMs 80, NVL chunk 54: 436.89 GB/s (NVL), avg_t: 204.81 us
[tuning] SMs 80, NVL chunk 55: 433.94 GB/s (NVL), avg_t: 206.20 us
[tuning] SMs 80, NVL chunk 56: 431.22 GB/s (NVL), avg_t: 207.51 us
[tuning] SMs 80, NVL chunk 57: 430.22 GB/s (NVL), avg_t: 207.99 us
[tuning] SMs 80, NVL chunk 58: 427.41 GB/s (NVL), avg_t: 209.36 us
[tuning] SMs 80, NVL chunk 59: 426.28 GB/s (NVL), avg_t: 209.91 us
[tuning] SMs 80, NVL chunk 60: 424.30 GB/s (NVL), avg_t: 210.89 us
[tuning] SMs 80, NVL chunk 61: 419.90 GB/s (NVL), avg_t: 213.10 us
[tuning] SMs 80, NVL chunk 62: 419.79 GB/s (NVL), avg_t: 213.16 us
[tuning] SMs 80, NVL chunk 63: 416.54 GB/s (NVL), avg_t: 214.82 us
[tuning] SMs 80, NVL chunk 64: 418.32 GB/s (NVL), avg_t: 213.91 us
[tuning] Best dispatch (BF16): SMs 80, NVL chunk 15, 472.46 GB/s (NVL), t: 189.39 us

[tuning] SMs 80, NVL chunk default: 277.75 GB/s (NVL), avg_t: 322.17 us
[tuning] SMs 80, NVL chunk 1: 94.48 GB/s (NVL), avg_t: 947.09 us
[tuning] SMs 80, NVL chunk 2: 165.55 GB/s (NVL), avg_t: 540.51 us
[tuning] SMs 80, NVL chunk 3: 231.55 GB/s (NVL), avg_t: 386.44 us
[tuning] SMs 80, NVL chunk 4: 278.37 GB/s (NVL), avg_t: 321.44 us
[tuning] SMs 80, NVL chunk 5: 324.45 GB/s (NVL), avg_t: 275.79 us
[tuning] SMs 80, NVL chunk 6: 360.71 GB/s (NVL), avg_t: 248.07 us
[tuning] SMs 80, NVL chunk 7: 384.26 GB/s (NVL), avg_t: 232.87 us
[tuning] SMs 80, NVL chunk 8: 409.88 GB/s (NVL), avg_t: 218.31 us
[tuning] SMs 80, NVL chunk 9: 420.11 GB/s (NVL), avg_t: 212.99 us
[tuning] SMs 80, NVL chunk 10: 399.63 GB/s (NVL), avg_t: 223.91 us
[tuning] SMs 80, NVL chunk 11: 418.09 GB/s (NVL), avg_t: 214.02 us
[tuning] SMs 80, NVL chunk 12: 425.63 GB/s (NVL), avg_t: 210.23 us
[tuning] SMs 80, NVL chunk 13: 434.11 GB/s (NVL), avg_t: 206.13 us
[tuning] SMs 80, NVL chunk 14: 439.99 GB/s (NVL), avg_t: 203.37 us
[tuning] SMs 80, NVL chunk 15: 441.62 GB/s (NVL), avg_t: 202.62 us
[tuning] SMs 80, NVL chunk 16: 446.58 GB/s (NVL), avg_t: 200.37 us
[tuning] SMs 80, NVL chunk 17: 444.56 GB/s (NVL), avg_t: 201.28 us
[tuning] SMs 80, NVL chunk 18: 439.92 GB/s (NVL), avg_t: 203.40 us
[tuning] SMs 80, NVL chunk 19: 443.32 GB/s (NVL), avg_t: 201.84 us
[tuning] SMs 80, NVL chunk 20: 440.18 GB/s (NVL), avg_t: 203.28 us
[tuning] SMs 80, NVL chunk 21: 439.41 GB/s (NVL), avg_t: 203.64 us
[tuning] SMs 80, NVL chunk 22: 434.87 GB/s (NVL), avg_t: 205.77 us
[tuning] SMs 80, NVL chunk 23: 442.07 GB/s (NVL), avg_t: 202.41 us
[tuning] SMs 80, NVL chunk 24: 433.87 GB/s (NVL), avg_t: 206.24 us
[tuning] SMs 80, NVL chunk 25: 435.99 GB/s (NVL), avg_t: 205.24 us
[tuning] SMs 80, NVL chunk 26: 435.69 GB/s (NVL), avg_t: 205.38 us
[tuning] SMs 80, NVL chunk 27: 437.61 GB/s (NVL), avg_t: 204.48 us
[tuning] SMs 80, NVL chunk 28: 435.68 GB/s (NVL), avg_t: 205.38 us
[tuning] SMs 80, NVL chunk 29: 436.20 GB/s (NVL), avg_t: 205.14 us
[tuning] SMs 80, NVL chunk 30: 431.12 GB/s (NVL), avg_t: 207.55 us
[tuning] SMs 80, NVL chunk 31: 428.99 GB/s (NVL), avg_t: 208.59 us
[tuning] SMs 80, NVL chunk 32: 427.08 GB/s (NVL), avg_t: 209.52 us
[tuning] SMs 80, NVL chunk 33: 424.53 GB/s (NVL), avg_t: 210.77 us
[tuning] SMs 80, NVL chunk 34: 420.21 GB/s (NVL), avg_t: 212.94 us
[tuning] SMs 80, NVL chunk 35: 424.14 GB/s (NVL), avg_t: 210.97 us
[tuning] SMs 80, NVL chunk 36: 422.83 GB/s (NVL), avg_t: 211.62 us
[tuning] SMs 80, NVL chunk 37: 419.74 GB/s (NVL), avg_t: 213.18 us
[tuning] SMs 80, NVL chunk 38: 420.30 GB/s (NVL), avg_t: 212.90 us
[tuning] SMs 80, NVL chunk 39: 416.41 GB/s (NVL), avg_t: 214.89 us
[tuning] SMs 80, NVL chunk 40: 416.55 GB/s (NVL), avg_t: 214.82 us
[tuning] SMs 80, NVL chunk 41: 415.91 GB/s (NVL), avg_t: 215.14 us
[tuning] SMs 80, NVL chunk 42: 414.39 GB/s (NVL), avg_t: 215.94 us
[tuning] SMs 80, NVL chunk 43: 412.89 GB/s (NVL), avg_t: 216.72 us
[tuning] SMs 80, NVL chunk 44: 413.73 GB/s (NVL), avg_t: 216.28 us
[tuning] SMs 80, NVL chunk 45: 410.31 GB/s (NVL), avg_t: 218.08 us
[tuning] SMs 80, NVL chunk 46: 409.37 GB/s (NVL), avg_t: 218.58 us
[tuning] SMs 80, NVL chunk 47: 407.33 GB/s (NVL), avg_t: 219.68 us
[tuning] SMs 80, NVL chunk 48: 406.50 GB/s (NVL), avg_t: 220.13 us
[tuning] SMs 80, NVL chunk 49: 405.24 GB/s (NVL), avg_t: 220.81 us
[tuning] SMs 80, NVL chunk 50: 406.40 GB/s (NVL), avg_t: 220.18 us
[tuning] SMs 80, NVL chunk 51: 404.98 GB/s (NVL), avg_t: 220.95 us
[tuning] SMs 80, NVL chunk 52: 402.42 GB/s (NVL), avg_t: 222.36 us
[tuning] SMs 80, NVL chunk 53: 402.05 GB/s (NVL), avg_t: 222.56 us
[tuning] SMs 80, NVL chunk 54: 400.50 GB/s (NVL), avg_t: 223.42 us
[tuning] SMs 80, NVL chunk 55: 399.24 GB/s (NVL), avg_t: 224.13 us
[tuning] SMs 80, NVL chunk 56: 398.20 GB/s (NVL), avg_t: 224.72 us
[tuning] SMs 80, NVL chunk 57: 396.70 GB/s (NVL), avg_t: 225.57 us
[tuning] SMs 80, NVL chunk 58: 394.65 GB/s (NVL), avg_t: 226.74 us
[tuning] SMs 80, NVL chunk 59: 394.83 GB/s (NVL), avg_t: 226.63 us
[tuning] SMs 80, NVL chunk 60: 392.89 GB/s (NVL), avg_t: 227.75 us
[tuning] SMs 80, NVL chunk 61: 391.33 GB/s (NVL), avg_t: 228.66 us
[tuning] SMs 80, NVL chunk 62: 392.44 GB/s (NVL), avg_t: 228.01 us
[tuning] SMs 80, NVL chunk 63: 390.30 GB/s (NVL), avg_t: 229.26 us
[tuning] SMs 80, NVL chunk 64: 387.53 GB/s (NVL), avg_t: 230.90 us
[tuning] Best combine: SMs 80, NVL chunk 16: 446.58 GB/s (NVL), t: 200.37 us


|    | stage    |   num_sms |   nvl_chunk_size |   throughput |   latency |
|---:|:---------|----------:|-----------------:|-------------:|----------:|
|  0 | combine  |        80 |               16 |      446.582 |   200.369 |
|  1 | combine  |        76 |               17 |      446.184 |   200.695 |
|  2 | combine  |        72 |               19 |      441.831 |   202.857 |
|  3 | combine  |        64 |               20 |      443.645 |   203.08  |
|  4 | combine  |        60 |               20 |      439.569 |   204.386 |
|  5 | combine  |        68 |               18 |      433.253 |   205.541 |
|  6 | combine  |        56 |               21 |      435.026 |   205.71  |
|  7 | combine  |        52 |               21 |      427.444 |   209.848 |
|  8 | combine  |        78 |               17 |      425.296 |   210.243 |
|  9 | combine  |        74 |               17 |      425.668 |   210.849 |
| 10 | combine  |        62 |               18 |      421.519 |   211.369 |
| 11 | combine  |        66 |               17 |      419.882 |   212.72  |
| 12 | combine  |        48 |               26 |      418.666 |   213.289 |
| 13 | combine  |        70 |               16 |      415.271 |   213.869 |
| 14 | combine  |        58 |               19 |      417.02  |   214.102 |
| 15 | combine  |        54 |               21 |      418.618 |   214.615 |
| 16 | combine  |        50 |               21 |      416.271 |   216.514 |
| 17 | combine  |        44 |               30 |      414.284 |   217.809 |
| 18 | combine  |        46 |               21 |      403.794 |   220.14  |
| 19 | combine  |        40 |               36 |      402.475 |   221.93  |
| 20 | combine  |        42 |               28 |      393.879 |   226.462 |
| 21 | combine  |        36 |               30 |      387.947 |   230.4   |
| 22 | combine  |        38 |               33 |      386.13  |   232.396 |
| 23 | combine  |        32 |               45 |      373.461 |   238.92  |
| 24 | combine  |        34 |               33 |      373.189 |   239.28  |
| 25 | combine  |        30 |               41 |      357.247 |   251.368 |
| 26 | combine  |        28 |               51 |      347.212 |   256.864 |
| 27 | combine  |        26 |               44 |      327.958 |   273.63  |
| 28 | combine  |        24 |               51 |      316.31  |   284.25  |
| 29 | combine  |        22 |               48 |      292.815 |   306.191 |
| 30 | dispatch |        78 |               16 |      475.738 |   187.952 |
| 31 | dispatch |        80 |               15 |      472.463 |   189.393 |
| 32 | dispatch |        76 |               16 |      470.787 |   190.207 |
| 33 | dispatch |        74 |               17 |      471.066 |   190.529 |
| 34 | dispatch |        72 |               17 |      467.694 |   191.64  |
| 35 | dispatch |        60 |               24 |      468.099 |   191.929 |
| 36 | dispatch |        54 |               40 |      467.892 |   192.014 |
| 37 | dispatch |        56 |               27 |      465.47  |   192.256 |
| 38 | dispatch |        58 |               26 |      463.789 |   192.511 |
| 39 | dispatch |        52 |               41 |      465.616 |   192.645 |
| 40 | dispatch |        62 |               23 |      462.139 |   192.791 |
| 41 | dispatch |        50 |               42 |      466.45  |   193.222 |
| 42 | dispatch |        68 |               18 |      460.254 |   193.482 |
| 43 | dispatch |        66 |               23 |      460.387 |   194.005 |
| 44 | dispatch |        70 |               17 |      457.21  |   194.251 |
| 45 | dispatch |        64 |               24 |      460.449 |   195.669 |
| 46 | dispatch |        48 |               45 |      455.709 |   195.952 |
| 47 | dispatch |        46 |               46 |      447.051 |   198.84  |
| 48 | dispatch |        44 |               49 |      445.452 |   202.569 |
| 49 | dispatch |        42 |               51 |      427.995 |   208.41  |
| 50 | dispatch |        40 |               53 |      418.858 |   213.25  |
| 51 | dispatch |        38 |               42 |      405.604 |   221.238 |
| 52 | dispatch |        36 |               59 |      391.619 |   228.24  |
| 53 | dispatch |        34 |               62 |      375.686 |   237.69  |
| 54 | dispatch |        32 |               47 |      359.631 |   248.108 |
| 55 | dispatch |        30 |               51 |      347.235 |   258.616 |
| 56 | dispatch |        28 |               55 |      329.385 |   270.766 |
| 57 | dispatch |        26 |               59 |      311.781 |   287.828 |
| 58 | dispatch |        24 |               63 |      294.79  |   305.001 |
| 59 | dispatch |        22 |               55 |      274.371 |   326.774 |
Writing results to tuned_results/h2048_tok4096_expt128_topk8_sms22-80_dispatch-nvl0-64_combine-nvl0-64.json
