[config] num_tokens=4096, hidden=2048, num_topk=8
[layout] Kernel performance: 0.048 ms

[testing] Running with BF16, without top-k (async=False, previous=False) ... passed
[testing] Running with BF16, with top-k (async=False, previous=False) ... passed
[testing] Running with BF16, without top-k (async=False, previous=False) ... passed
[testing] Running with BF16, with top-k (async=False, previous=False) ... passed
[testing] Running with FP8, without top-k (async=False, previous=False) ... passed
[testing] Running with FP8, with top-k (async=False, previous=False) ... passed
[testing] Running with BF16, without top-k (async=True, previous=False) ... passed
[testing] Running with BF16, with top-k (async=True, previous=False) ... passed
[testing] Running with BF16, without top-k (async=True, previous=False) ... passed
[testing] Running with BF16, with top-k (async=True, previous=False) ... passed
[testing] Running with FP8, without top-k (async=True, previous=False) ... passed
[testing] Running with FP8, with top-k (async=True, previous=False) ... passed
[testing] Running with BF16, without top-k (async=False, previous=True) ... passed
[testing] Running with BF16, with top-k (async=False, previous=True) ... passed
[testing] Running with BF16, without top-k (async=False, previous=True) ... passed
[testing] Running with BF16, with top-k (async=False, previous=True) ... passed
[testing] Running with FP8, without top-k (async=False, previous=True) ... passed
[testing] Running with FP8, with top-k (async=False, previous=True) ... passed
[testing] Running with BF16, without top-k (async=True, previous=True) ... passed
[testing] Running with BF16, with top-k (async=True, previous=True) ... passed
[testing] Running with BF16, without top-k (async=True, previous=True) ... passed
[testing] Running with BF16, with top-k (async=True, previous=True) ... passed
[testing] Running with FP8, without top-k (async=True, previous=True) ... passed
[testing] Running with FP8, with top-k (async=True, previous=True) ... passed

[tuning] SMs 40, NVL chunk 10: 262.90 GB/s (NVL), avg_t: 341.03 us
[tuning] SMs 40, NVL chunk 12: 301.04 GB/s (NVL), avg_t: 297.83 us
[tuning] SMs 40, NVL chunk 14: 327.41 GB/s (NVL), avg_t: 273.84 us
[tuning] SMs 40, NVL chunk 16: 340.74 GB/s (NVL), avg_t: 263.12 us
[tuning] SMs 40, NVL chunk 18: 343.20 GB/s (NVL), avg_t: 261.24 us
[tuning] SMs 40, NVL chunk 20: 361.37 GB/s (NVL), avg_t: 248.11 us
[tuning] SMs 40, NVL chunk 22: 372.78 GB/s (NVL), avg_t: 240.51 us
[tuning] SMs 40, NVL chunk 24: 384.97 GB/s (NVL), avg_t: 232.89 us
[tuning] SMs 40, NVL chunk 26: 387.97 GB/s (NVL), avg_t: 231.09 us
[tuning] SMs 40, NVL chunk 28: 392.55 GB/s (NVL), avg_t: 228.40 us
[tuning] SMs 40, NVL chunk 30: 398.94 GB/s (NVL), avg_t: 224.74 us
[tuning] SMs 40, NVL chunk 32: 404.81 GB/s (NVL), avg_t: 221.48 us
[tuning] SMs 40, NVL chunk 34: 406.78 GB/s (NVL), avg_t: 220.41 us
[tuning] SMs 40, NVL chunk 36: 408.12 GB/s (NVL), avg_t: 219.68 us
[tuning] SMs 40, NVL chunk 38: 413.71 GB/s (NVL), avg_t: 216.71 us
[tuning] SMs 40, NVL chunk 40: 413.95 GB/s (NVL), avg_t: 216.59 us
[tuning] SMs 40, NVL chunk 42: 412.91 GB/s (NVL), avg_t: 217.14 us
[tuning] SMs 40, NVL chunk 44: 406.92 GB/s (NVL), avg_t: 220.33 us
[tuning] SMs 40, NVL chunk 46: 406.68 GB/s (NVL), avg_t: 220.46 us
[tuning] SMs 40, NVL chunk 48: 406.41 GB/s (NVL), avg_t: 220.61 us
[tuning] SMs 40, NVL chunk 50: 413.33 GB/s (NVL), avg_t: 216.91 us
[tuning] SMs 40, NVL chunk 52: 418.37 GB/s (NVL), avg_t: 214.30 us
[tuning] SMs 40, NVL chunk 54: 419.98 GB/s (NVL), avg_t: 213.48 us
[tuning] SMs 40, NVL chunk 56: 414.45 GB/s (NVL), avg_t: 216.33 us
[tuning] SMs 40, NVL chunk 58: 410.74 GB/s (NVL), avg_t: 218.29 us
[tuning] SMs 40, NVL chunk 60: 406.56 GB/s (NVL), avg_t: 220.53 us
[tuning] SMs 40, NVL chunk 62: 401.47 GB/s (NVL), avg_t: 223.32 us
[tuning] SMs 40, NVL chunk 64: 396.08 GB/s (NVL), avg_t: 226.36 us
[tuning] Best dispatch (BF16): SMs 40, NVL chunk 54, 419.98 GB/s (NVL), t: 213.48 us

[tuning] SMs 40, NVL chunk 10: 260.25 GB/s (NVL), avg_t: 344.50 us
[tuning] SMs 40, NVL chunk 12: 297.49 GB/s (NVL), avg_t: 301.38 us
[tuning] SMs 40, NVL chunk 14: 326.91 GB/s (NVL), avg_t: 274.25 us
[tuning] SMs 40, NVL chunk 16: 349.43 GB/s (NVL), avg_t: 256.58 us
[tuning] SMs 40, NVL chunk 18: 374.14 GB/s (NVL), avg_t: 239.64 us
[tuning] SMs 40, NVL chunk 20: 386.54 GB/s (NVL), avg_t: 231.95 us
[tuning] SMs 40, NVL chunk 22: 375.53 GB/s (NVL), avg_t: 238.75 us
[tuning] SMs 40, NVL chunk 24: 389.69 GB/s (NVL), avg_t: 230.07 us
[tuning] SMs 40, NVL chunk 26: 391.96 GB/s (NVL), avg_t: 228.74 us
[tuning] SMs 40, NVL chunk 28: 390.66 GB/s (NVL), avg_t: 229.50 us
[tuning] SMs 40, NVL chunk 30: 396.58 GB/s (NVL), avg_t: 226.08 us
[tuning] SMs 40, NVL chunk 32: 398.56 GB/s (NVL), avg_t: 224.95 us
[tuning] SMs 40, NVL chunk 34: 392.38 GB/s (NVL), avg_t: 228.50 us
[tuning] SMs 40, NVL chunk 36: 401.32 GB/s (NVL), avg_t: 223.41 us
[tuning] SMs 40, NVL chunk 38: 401.76 GB/s (NVL), avg_t: 223.16 us
[tuning] SMs 40, NVL chunk 40: 392.69 GB/s (NVL), avg_t: 228.31 us
[tuning] SMs 40, NVL chunk 42: 395.21 GB/s (NVL), avg_t: 226.86 us
[tuning] SMs 40, NVL chunk 44: 393.66 GB/s (NVL), avg_t: 227.75 us
[tuning] SMs 40, NVL chunk 46: 389.22 GB/s (NVL), avg_t: 230.35 us
[tuning] SMs 40, NVL chunk 48: 387.99 GB/s (NVL), avg_t: 231.08 us
[tuning] SMs 40, NVL chunk 50: 386.80 GB/s (NVL), avg_t: 231.79 us
[tuning] SMs 40, NVL chunk 52: 382.60 GB/s (NVL), avg_t: 234.34 us
[tuning] SMs 40, NVL chunk 54: 386.29 GB/s (NVL), avg_t: 232.10 us
[tuning] SMs 40, NVL chunk 56: 380.79 GB/s (NVL), avg_t: 235.45 us
[tuning] SMs 40, NVL chunk 58: 374.10 GB/s (NVL), avg_t: 239.66 us
[tuning] SMs 40, NVL chunk 60: 371.38 GB/s (NVL), avg_t: 241.42 us
[tuning] SMs 40, NVL chunk 62: 368.85 GB/s (NVL), avg_t: 243.07 us
[tuning] SMs 40, NVL chunk 64: 366.08 GB/s (NVL), avg_t: 244.91 us
[tuning] Best combine: SMs 40, NVL chunk 38: 401.76 GB/s (NVL), t: 223.16 us


[config] num_tokens=4096, hidden=2048, num_topk=8
[layout] Kernel performance: 0.048 ms

[testing] Running with BF16, without top-k (async=False, previous=False) ... passed
[testing] Running with BF16, with top-k (async=False, previous=False) ... passed
[testing] Running with BF16, without top-k (async=False, previous=False) ... passed
[testing] Running with BF16, with top-k (async=False, previous=False) ... passed
[testing] Running with FP8, without top-k (async=False, previous=False) ... passed
[testing] Running with FP8, with top-k (async=False, previous=False) ... passed
[testing] Running with BF16, without top-k (async=True, previous=False) ... passed
[testing] Running with BF16, with top-k (async=True, previous=False) ... passed
[testing] Running with BF16, without top-k (async=True, previous=False) ... passed
[testing] Running with BF16, with top-k (async=True, previous=False) ... passed
[testing] Running with FP8, without top-k (async=True, previous=False) ... passed
[testing] Running with FP8, with top-k (async=True, previous=False) ... passed
[testing] Running with BF16, without top-k (async=False, previous=True) ... passed
[testing] Running with BF16, with top-k (async=False, previous=True) ... passed
[testing] Running with BF16, without top-k (async=False, previous=True) ... passed
[testing] Running with BF16, with top-k (async=False, previous=True) ... passed
[testing] Running with FP8, without top-k (async=False, previous=True) ... passed
[testing] Running with FP8, with top-k (async=False, previous=True) ... passed
[testing] Running with BF16, without top-k (async=True, previous=True) ... passed
[testing] Running with BF16, with top-k (async=True, previous=True) ... passed
[testing] Running with BF16, without top-k (async=True, previous=True) ... passed
[testing] Running with BF16, with top-k (async=True, previous=True) ... passed
[testing] Running with FP8, without top-k (async=True, previous=True) ... passed
[testing] Running with FP8, with top-k (async=True, previous=True) ... passed

[tuning] SMs 42, NVL chunk 10: 271.27 GB/s (NVL), avg_t: 331.45 us
[tuning] SMs 42, NVL chunk 12: 313.53 GB/s (NVL), avg_t: 286.77 us
[tuning] SMs 42, NVL chunk 14: 341.66 GB/s (NVL), avg_t: 263.16 us
[tuning] SMs 42, NVL chunk 16: 353.38 GB/s (NVL), avg_t: 254.43 us
[tuning] SMs 42, NVL chunk 18: 355.71 GB/s (NVL), avg_t: 252.77 us
[tuning] SMs 42, NVL chunk 20: 372.19 GB/s (NVL), avg_t: 241.57 us
[tuning] SMs 42, NVL chunk 22: 387.84 GB/s (NVL), avg_t: 231.82 us
[tuning] SMs 42, NVL chunk 24: 397.25 GB/s (NVL), avg_t: 226.34 us
[tuning] SMs 42, NVL chunk 26: 400.31 GB/s (NVL), avg_t: 224.60 us
[tuning] SMs 42, NVL chunk 28: 406.35 GB/s (NVL), avg_t: 221.27 us
[tuning] SMs 42, NVL chunk 30: 415.48 GB/s (NVL), avg_t: 216.40 us
[tuning] SMs 42, NVL chunk 32: 413.54 GB/s (NVL), avg_t: 217.42 us
[tuning] SMs 42, NVL chunk 34: 417.13 GB/s (NVL), avg_t: 215.55 us
[tuning] SMs 42, NVL chunk 36: 425.74 GB/s (NVL), avg_t: 211.19 us
[tuning] SMs 42, NVL chunk 38: 427.33 GB/s (NVL), avg_t: 210.40 us
[tuning] SMs 42, NVL chunk 40: 424.84 GB/s (NVL), avg_t: 211.64 us
[tuning] SMs 42, NVL chunk 42: 422.08 GB/s (NVL), avg_t: 213.02 us
[tuning] SMs 42, NVL chunk 44: 419.65 GB/s (NVL), avg_t: 214.25 us
[tuning] SMs 42, NVL chunk 46: 421.63 GB/s (NVL), avg_t: 213.25 us
[tuning] SMs 42, NVL chunk 48: 427.70 GB/s (NVL), avg_t: 210.22 us
[tuning] SMs 42, NVL chunk 50: 427.97 GB/s (NVL), avg_t: 210.09 us
[tuning] SMs 42, NVL chunk 52: 432.57 GB/s (NVL), avg_t: 207.85 us
[tuning] SMs 42, NVL chunk 54: 426.41 GB/s (NVL), avg_t: 210.86 us
[tuning] SMs 42, NVL chunk 56: 421.63 GB/s (NVL), avg_t: 213.24 us
[tuning] SMs 42, NVL chunk 58: 417.62 GB/s (NVL), avg_t: 215.30 us
[tuning] SMs 42, NVL chunk 60: 412.93 GB/s (NVL), avg_t: 217.74 us
[tuning] SMs 42, NVL chunk 62: 409.83 GB/s (NVL), avg_t: 219.39 us
[tuning] SMs 42, NVL chunk 64: 405.74 GB/s (NVL), avg_t: 221.60 us
[tuning] Best dispatch (BF16): SMs 42, NVL chunk 52, 432.57 GB/s (NVL), t: 207.85 us

[tuning] SMs 42, NVL chunk 10: 266.86 GB/s (NVL), avg_t: 336.92 us
[tuning] SMs 42, NVL chunk 12: 304.13 GB/s (NVL), avg_t: 295.63 us
[tuning] SMs 42, NVL chunk 14: 334.46 GB/s (NVL), avg_t: 268.83 us
[tuning] SMs 42, NVL chunk 16: 353.54 GB/s (NVL), avg_t: 254.32 us
[tuning] SMs 42, NVL chunk 18: 374.45 GB/s (NVL), avg_t: 240.12 us
[tuning] SMs 42, NVL chunk 20: 388.09 GB/s (NVL), avg_t: 231.68 us
[tuning] SMs 42, NVL chunk 22: 378.42 GB/s (NVL), avg_t: 237.60 us
[tuning] SMs 42, NVL chunk 24: 392.12 GB/s (NVL), avg_t: 229.29 us
[tuning] SMs 42, NVL chunk 26: 389.11 GB/s (NVL), avg_t: 231.07 us
[tuning] SMs 42, NVL chunk 28: 389.78 GB/s (NVL), avg_t: 230.67 us
[tuning] SMs 42, NVL chunk 30: 391.41 GB/s (NVL), avg_t: 229.71 us
[tuning] SMs 42, NVL chunk 32: 389.57 GB/s (NVL), avg_t: 230.80 us
[tuning] SMs 42, NVL chunk 34: 381.63 GB/s (NVL), avg_t: 235.60 us
[tuning] SMs 42, NVL chunk 36: 378.71 GB/s (NVL), avg_t: 237.41 us
[tuning] SMs 42, NVL chunk 38: 376.41 GB/s (NVL), avg_t: 238.86 us
[tuning] SMs 42, NVL chunk 40: 377.08 GB/s (NVL), avg_t: 238.44 us
[tuning] SMs 42, NVL chunk 42: 369.50 GB/s (NVL), avg_t: 243.33 us
[tuning] SMs 42, NVL chunk 44: 365.34 GB/s (NVL), avg_t: 246.11 us
[tuning] SMs 42, NVL chunk 46: 367.91 GB/s (NVL), avg_t: 244.38 us
[tuning] SMs 42, NVL chunk 48: 365.35 GB/s (NVL), avg_t: 246.10 us
[tuning] SMs 42, NVL chunk 50: 363.53 GB/s (NVL), avg_t: 247.33 us
[tuning] SMs 42, NVL chunk 52: 363.40 GB/s (NVL), avg_t: 247.42 us
[tuning] SMs 42, NVL chunk 54: 362.47 GB/s (NVL), avg_t: 248.05 us
[tuning] SMs 42, NVL chunk 56: 355.98 GB/s (NVL), avg_t: 252.57 us
[tuning] SMs 42, NVL chunk 58: 353.56 GB/s (NVL), avg_t: 254.30 us
[tuning] SMs 42, NVL chunk 60: 351.12 GB/s (NVL), avg_t: 256.07 us
[tuning] SMs 42, NVL chunk 62: 346.68 GB/s (NVL), avg_t: 259.35 us
[tuning] SMs 42, NVL chunk 64: 342.44 GB/s (NVL), avg_t: 262.56 us
[tuning] Best combine: SMs 42, NVL chunk 24: 392.12 GB/s (NVL), t: 229.29 us


[config] num_tokens=4096, hidden=2048, num_topk=8
[layout] Kernel performance: 0.048 ms

[testing] Running with BF16, without top-k (async=False, previous=False) ... passed
[testing] Running with BF16, with top-k (async=False, previous=False) ... passed
[testing] Running with BF16, without top-k (async=False, previous=False) ... passed
[testing] Running with BF16, with top-k (async=False, previous=False) ... passed
[testing] Running with FP8, without top-k (async=False, previous=False) ... passed
[testing] Running with FP8, with top-k (async=False, previous=False) ... passed
[testing] Running with BF16, without top-k (async=True, previous=False) ... passed
[testing] Running with BF16, with top-k (async=True, previous=False) ... passed
[testing] Running with BF16, without top-k (async=True, previous=False) ... passed
[testing] Running with BF16, with top-k (async=True, previous=False) ... passed
[testing] Running with FP8, without top-k (async=True, previous=False) ... passed
[testing] Running with FP8, with top-k (async=True, previous=False) ... passed
[testing] Running with BF16, without top-k (async=False, previous=True) ... passed
[testing] Running with BF16, with top-k (async=False, previous=True) ... passed
[testing] Running with BF16, without top-k (async=False, previous=True) ... passed
[testing] Running with BF16, with top-k (async=False, previous=True) ... passed
[testing] Running with FP8, without top-k (async=False, previous=True) ... passed
[testing] Running with FP8, with top-k (async=False, previous=True) ... passed
[testing] Running with BF16, without top-k (async=True, previous=True) ... passed
[testing] Running with BF16, with top-k (async=True, previous=True) ... passed
[testing] Running with BF16, without top-k (async=True, previous=True) ... passed
[testing] Running with BF16, with top-k (async=True, previous=True) ... passed
[testing] Running with FP8, without top-k (async=True, previous=True) ... passed
[testing] Running with FP8, with top-k (async=True, previous=True) ... passed

[tuning] SMs 44, NVL chunk 10: 282.55 GB/s (NVL), avg_t: 317.60 us
[tuning] SMs 44, NVL chunk 12: 323.85 GB/s (NVL), avg_t: 277.10 us
[tuning] SMs 44, NVL chunk 14: 351.52 GB/s (NVL), avg_t: 255.29 us
[tuning] SMs 44, NVL chunk 16: 365.20 GB/s (NVL), avg_t: 245.73 us
[tuning] SMs 44, NVL chunk 18: 371.06 GB/s (NVL), avg_t: 241.85 us
[tuning] SMs 44, NVL chunk 20: 384.34 GB/s (NVL), avg_t: 233.49 us
[tuning] SMs 44, NVL chunk 22: 398.56 GB/s (NVL), avg_t: 225.16 us
[tuning] SMs 44, NVL chunk 24: 410.02 GB/s (NVL), avg_t: 218.86 us
[tuning] SMs 44, NVL chunk 26: 415.55 GB/s (NVL), avg_t: 215.95 us
[tuning] SMs 44, NVL chunk 28: 420.57 GB/s (NVL), avg_t: 213.38 us
[tuning] SMs 44, NVL chunk 30: 428.35 GB/s (NVL), avg_t: 209.50 us
[tuning] SMs 44, NVL chunk 32: 427.09 GB/s (NVL), avg_t: 210.12 us
[tuning] SMs 44, NVL chunk 34: 429.16 GB/s (NVL), avg_t: 209.11 us
[tuning] SMs 44, NVL chunk 36: 440.02 GB/s (NVL), avg_t: 203.94 us
[tuning] SMs 44, NVL chunk 38: 437.60 GB/s (NVL), avg_t: 205.07 us
[tuning] SMs 44, NVL chunk 40: 432.60 GB/s (NVL), avg_t: 207.44 us
[tuning] SMs 44, NVL chunk 42: 431.84 GB/s (NVL), avg_t: 207.81 us
[tuning] SMs 44, NVL chunk 44: 432.41 GB/s (NVL), avg_t: 207.53 us
[tuning] SMs 44, NVL chunk 46: 438.84 GB/s (NVL), avg_t: 204.49 us
[tuning] SMs 44, NVL chunk 48: 442.48 GB/s (NVL), avg_t: 202.81 us
[tuning] SMs 44, NVL chunk 50: 441.98 GB/s (NVL), avg_t: 203.04 us
[tuning] SMs 44, NVL chunk 52: 438.41 GB/s (NVL), avg_t: 204.69 us
[tuning] SMs 44, NVL chunk 54: 431.46 GB/s (NVL), avg_t: 207.99 us
[tuning] SMs 44, NVL chunk 56: 427.79 GB/s (NVL), avg_t: 209.77 us
[tuning] SMs 44, NVL chunk 58: 423.40 GB/s (NVL), avg_t: 211.95 us
[tuning] SMs 44, NVL chunk 60: 420.16 GB/s (NVL), avg_t: 213.58 us
[tuning] SMs 44, NVL chunk 62: 418.76 GB/s (NVL), avg_t: 214.30 us
[tuning] SMs 44, NVL chunk 64: 414.44 GB/s (NVL), avg_t: 216.53 us
[tuning] Best dispatch (BF16): SMs 44, NVL chunk 48, 442.48 GB/s (NVL), t: 202.81 us

[tuning] SMs 44, NVL chunk 10: 278.76 GB/s (NVL), avg_t: 321.92 us
[tuning] SMs 44, NVL chunk 12: 314.70 GB/s (NVL), avg_t: 285.15 us
[tuning] SMs 44, NVL chunk 14: 346.03 GB/s (NVL), avg_t: 259.34 us
[tuning] SMs 44, NVL chunk 16: 370.68 GB/s (NVL), avg_t: 242.09 us
[tuning] SMs 44, NVL chunk 18: 387.05 GB/s (NVL), avg_t: 231.85 us
[tuning] SMs 44, NVL chunk 20: 395.86 GB/s (NVL), avg_t: 226.69 us
[tuning] SMs 44, NVL chunk 22: 389.37 GB/s (NVL), avg_t: 230.47 us
[tuning] SMs 44, NVL chunk 24: 403.36 GB/s (NVL), avg_t: 222.48 us
[tuning] SMs 44, NVL chunk 26: 400.84 GB/s (NVL), avg_t: 223.88 us
[tuning] SMs 44, NVL chunk 28: 405.72 GB/s (NVL), avg_t: 221.18 us
[tuning] SMs 44, NVL chunk 30: 407.88 GB/s (NVL), avg_t: 220.02 us
[tuning] SMs 44, NVL chunk 32: 409.40 GB/s (NVL), avg_t: 219.20 us
[tuning] SMs 44, NVL chunk 34: 403.32 GB/s (NVL), avg_t: 222.50 us
[tuning] SMs 44, NVL chunk 36: 397.36 GB/s (NVL), avg_t: 225.84 us
[tuning] SMs 44, NVL chunk 38: 399.48 GB/s (NVL), avg_t: 224.64 us
[tuning] SMs 44, NVL chunk 40: 395.79 GB/s (NVL), avg_t: 226.74 us
[tuning] SMs 44, NVL chunk 42: 391.55 GB/s (NVL), avg_t: 229.19 us
[tuning] SMs 44, NVL chunk 44: 383.37 GB/s (NVL), avg_t: 234.08 us
[tuning] SMs 44, NVL chunk 46: 382.83 GB/s (NVL), avg_t: 234.41 us
[tuning] SMs 44, NVL chunk 48: 381.43 GB/s (NVL), avg_t: 235.27 us
[tuning] SMs 44, NVL chunk 50: 377.10 GB/s (NVL), avg_t: 237.97 us
[tuning] SMs 44, NVL chunk 52: 376.96 GB/s (NVL), avg_t: 238.06 us
[tuning] SMs 44, NVL chunk 54: 369.82 GB/s (NVL), avg_t: 242.66 us
[tuning] SMs 44, NVL chunk 56: 365.17 GB/s (NVL), avg_t: 245.75 us
[tuning] SMs 44, NVL chunk 58: 363.05 GB/s (NVL), avg_t: 247.18 us
[tuning] SMs 44, NVL chunk 60: 356.81 GB/s (NVL), avg_t: 251.50 us
[tuning] SMs 44, NVL chunk 62: 354.16 GB/s (NVL), avg_t: 253.38 us
[tuning] SMs 44, NVL chunk 64: 352.89 GB/s (NVL), avg_t: 254.30 us
[tuning] Best combine: SMs 44, NVL chunk 32: 409.40 GB/s (NVL), t: 219.20 us


[config] num_tokens=4096, hidden=2048, num_topk=8
[layout] Kernel performance: 0.047 ms

[testing] Running with BF16, without top-k (async=False, previous=False) ... passed
[testing] Running with BF16, with top-k (async=False, previous=False) ... passed
[testing] Running with BF16, without top-k (async=False, previous=False) ... passed
[testing] Running with BF16, with top-k (async=False, previous=False) ... passed
[testing] Running with FP8, without top-k (async=False, previous=False) ... passed
[testing] Running with FP8, with top-k (async=False, previous=False) ... passed
[testing] Running with BF16, without top-k (async=True, previous=False) ... passed
[testing] Running with BF16, with top-k (async=True, previous=False) ... passed
[testing] Running with BF16, without top-k (async=True, previous=False) ... passed
[testing] Running with BF16, with top-k (async=True, previous=False) ... passed
[testing] Running with FP8, without top-k (async=True, previous=False) ... passed
[testing] Running with FP8, with top-k (async=True, previous=False) ... passed
[testing] Running with BF16, without top-k (async=False, previous=True) ... passed
[testing] Running with BF16, with top-k (async=False, previous=True) ... passed
[testing] Running with BF16, without top-k (async=False, previous=True) ... passed
[testing] Running with BF16, with top-k (async=False, previous=True) ... passed
[testing] Running with FP8, without top-k (async=False, previous=True) ... passed
[testing] Running with FP8, with top-k (async=False, previous=True) ... passed
[testing] Running with BF16, without top-k (async=True, previous=True) ... passed
[testing] Running with BF16, with top-k (async=True, previous=True) ... passed
[testing] Running with BF16, without top-k (async=True, previous=True) ... passed
[testing] Running with BF16, with top-k (async=True, previous=True) ... passed
[testing] Running with FP8, without top-k (async=True, previous=True) ... passed
[testing] Running with FP8, with top-k (async=True, previous=True) ... passed

[tuning] SMs 46, NVL chunk 10: 290.81 GB/s (NVL), avg_t: 306.68 us
[tuning] SMs 46, NVL chunk 12: 334.18 GB/s (NVL), avg_t: 266.88 us
[tuning] SMs 46, NVL chunk 14: 362.27 GB/s (NVL), avg_t: 246.19 us
[tuning] SMs 46, NVL chunk 16: 375.49 GB/s (NVL), avg_t: 237.52 us
[tuning] SMs 46, NVL chunk 18: 377.60 GB/s (NVL), avg_t: 236.19 us
[tuning] SMs 46, NVL chunk 20: 392.00 GB/s (NVL), avg_t: 227.51 us
[tuning] SMs 46, NVL chunk 22: 408.08 GB/s (NVL), avg_t: 218.55 us
[tuning] SMs 46, NVL chunk 24: 419.26 GB/s (NVL), avg_t: 212.73 us
[tuning] SMs 46, NVL chunk 26: 423.70 GB/s (NVL), avg_t: 210.49 us
[tuning] SMs 46, NVL chunk 28: 429.20 GB/s (NVL), avg_t: 207.79 us
[tuning] SMs 46, NVL chunk 30: 432.09 GB/s (NVL), avg_t: 206.40 us
[tuning] SMs 46, NVL chunk 32: 434.36 GB/s (NVL), avg_t: 205.33 us
[tuning] SMs 46, NVL chunk 34: 443.19 GB/s (NVL), avg_t: 201.24 us
[tuning] SMs 46, NVL chunk 36: 442.10 GB/s (NVL), avg_t: 201.73 us
[tuning] SMs 46, NVL chunk 38: 435.98 GB/s (NVL), avg_t: 204.57 us
[tuning] SMs 46, NVL chunk 40: 437.84 GB/s (NVL), avg_t: 203.70 us
[tuning] SMs 46, NVL chunk 42: 439.34 GB/s (NVL), avg_t: 203.00 us
[tuning] SMs 46, NVL chunk 44: 442.22 GB/s (NVL), avg_t: 201.68 us
[tuning] SMs 46, NVL chunk 46: 448.54 GB/s (NVL), avg_t: 198.84 us
[tuning] SMs 46, NVL chunk 48: 446.56 GB/s (NVL), avg_t: 199.72 us
[tuning] SMs 46, NVL chunk 50: 439.55 GB/s (NVL), avg_t: 202.90 us
[tuning] SMs 46, NVL chunk 52: 433.71 GB/s (NVL), avg_t: 205.64 us
[tuning] SMs 46, NVL chunk 54: 429.67 GB/s (NVL), avg_t: 207.57 us
[tuning] SMs 46, NVL chunk 56: 425.83 GB/s (NVL), avg_t: 209.44 us
[tuning] SMs 46, NVL chunk 58: 421.35 GB/s (NVL), avg_t: 211.67 us
[tuning] SMs 46, NVL chunk 60: 420.69 GB/s (NVL), avg_t: 212.00 us
[tuning] SMs 46, NVL chunk 62: 417.61 GB/s (NVL), avg_t: 213.56 us
[tuning] SMs 46, NVL chunk 64: 419.27 GB/s (NVL), avg_t: 212.72 us
[tuning] Best dispatch (BF16): SMs 46, NVL chunk 46, 448.54 GB/s (NVL), t: 198.84 us

[tuning] SMs 46, NVL chunk 10: 285.85 GB/s (NVL), avg_t: 312.01 us
[tuning] SMs 46, NVL chunk 12: 319.71 GB/s (NVL), avg_t: 278.96 us
[tuning] SMs 46, NVL chunk 14: 351.66 GB/s (NVL), avg_t: 253.61 us
[tuning] SMs 46, NVL chunk 16: 367.63 GB/s (NVL), avg_t: 242.60 us
[tuning] SMs 46, NVL chunk 18: 391.11 GB/s (NVL), avg_t: 228.03 us
[tuning] SMs 46, NVL chunk 20: 402.11 GB/s (NVL), avg_t: 221.79 us
[tuning] SMs 46, NVL chunk 22: 392.48 GB/s (NVL), avg_t: 227.24 us
[tuning] SMs 46, NVL chunk 24: 397.54 GB/s (NVL), avg_t: 224.35 us
[tuning] SMs 46, NVL chunk 26: 401.11 GB/s (NVL), avg_t: 222.35 us
[tuning] SMs 46, NVL chunk 28: 399.56 GB/s (NVL), avg_t: 223.21 us
[tuning] SMs 46, NVL chunk 30: 388.22 GB/s (NVL), avg_t: 229.73 us
[tuning] SMs 46, NVL chunk 32: 383.81 GB/s (NVL), avg_t: 232.37 us
[tuning] SMs 46, NVL chunk 34: 389.19 GB/s (NVL), avg_t: 229.16 us
[tuning] SMs 46, NVL chunk 36: 385.94 GB/s (NVL), avg_t: 231.09 us
[tuning] SMs 46, NVL chunk 38: 378.87 GB/s (NVL), avg_t: 235.40 us
[tuning] SMs 46, NVL chunk 40: 374.45 GB/s (NVL), avg_t: 238.18 us
[tuning] SMs 46, NVL chunk 42: 367.68 GB/s (NVL), avg_t: 242.57 us
[tuning] SMs 46, NVL chunk 44: 369.59 GB/s (NVL), avg_t: 241.31 us
[tuning] SMs 46, NVL chunk 46: 369.53 GB/s (NVL), avg_t: 241.35 us
[tuning] SMs 46, NVL chunk 48: 366.66 GB/s (NVL), avg_t: 243.24 us
[tuning] SMs 46, NVL chunk 50: 366.51 GB/s (NVL), avg_t: 243.34 us
[tuning] SMs 46, NVL chunk 52: 366.72 GB/s (NVL), avg_t: 243.20 us
[tuning] SMs 46, NVL chunk 54: 361.46 GB/s (NVL), avg_t: 246.74 us
[tuning] SMs 46, NVL chunk 56: 356.34 GB/s (NVL), avg_t: 250.29 us
[tuning] SMs 46, NVL chunk 58: 352.07 GB/s (NVL), avg_t: 253.32 us
[tuning] SMs 46, NVL chunk 60: 350.90 GB/s (NVL), avg_t: 254.17 us
[tuning] SMs 46, NVL chunk 62: 350.21 GB/s (NVL), avg_t: 254.66 us
[tuning] SMs 46, NVL chunk 64: 347.21 GB/s (NVL), avg_t: 256.86 us
[tuning] Best combine: SMs 46, NVL chunk 20: 402.11 GB/s (NVL), t: 221.79 us


[config] num_tokens=4096, hidden=2048, num_topk=8
[layout] Kernel performance: 0.047 ms

[testing] Running with BF16, without top-k (async=False, previous=False) ... passed
[testing] Running with BF16, with top-k (async=False, previous=False) ... passed
[testing] Running with BF16, without top-k (async=False, previous=False) ... passed
[testing] Running with BF16, with top-k (async=False, previous=False) ... passed
[testing] Running with FP8, without top-k (async=False, previous=False) ... passed
[testing] Running with FP8, with top-k (async=False, previous=False) ... passed
[testing] Running with BF16, without top-k (async=True, previous=False) ... passed
[testing] Running with BF16, with top-k (async=True, previous=False) ... passed
[testing] Running with BF16, without top-k (async=True, previous=False) ... passed
[testing] Running with BF16, with top-k (async=True, previous=False) ... passed
[testing] Running with FP8, without top-k (async=True, previous=False) ... passed
[testing] Running with FP8, with top-k (async=True, previous=False) ... passed
[testing] Running with BF16, without top-k (async=False, previous=True) ... passed
[testing] Running with BF16, with top-k (async=False, previous=True) ... passed
[testing] Running with BF16, without top-k (async=False, previous=True) ... passed
[testing] Running with BF16, with top-k (async=False, previous=True) ... passed
[testing] Running with FP8, without top-k (async=False, previous=True) ... passed
[testing] Running with FP8, with top-k (async=False, previous=True) ... passed
[testing] Running with BF16, without top-k (async=True, previous=True) ... passed
[testing] Running with BF16, with top-k (async=True, previous=True) ... passed
[testing] Running with BF16, without top-k (async=True, previous=True) ... passed
[testing] Running with BF16, with top-k (async=True, previous=True) ... passed
[testing] Running with FP8, without top-k (async=True, previous=True) ... passed
[testing] Running with FP8, with top-k (async=True, previous=True) ... passed

[tuning] SMs 48, NVL chunk 10: 299.87 GB/s (NVL), avg_t: 299.47 us
[tuning] SMs 48, NVL chunk 12: 343.45 GB/s (NVL), avg_t: 261.47 us
[tuning] SMs 48, NVL chunk 14: 375.12 GB/s (NVL), avg_t: 239.39 us
[tuning] SMs 48, NVL chunk 16: 388.65 GB/s (NVL), avg_t: 231.06 us
[tuning] SMs 48, NVL chunk 18: 392.63 GB/s (NVL), avg_t: 228.72 us
[tuning] SMs 48, NVL chunk 20: 404.58 GB/s (NVL), avg_t: 221.96 us
[tuning] SMs 48, NVL chunk 22: 419.14 GB/s (NVL), avg_t: 214.25 us
[tuning] SMs 48, NVL chunk 24: 434.23 GB/s (NVL), avg_t: 206.80 us
[tuning] SMs 48, NVL chunk 26: 433.99 GB/s (NVL), avg_t: 206.92 us
[tuning] SMs 48, NVL chunk 28: 440.54 GB/s (NVL), avg_t: 203.84 us
[tuning] SMs 48, NVL chunk 30: 441.86 GB/s (NVL), avg_t: 203.23 us
[tuning] SMs 48, NVL chunk 32: 448.11 GB/s (NVL), avg_t: 200.40 us
[tuning] SMs 48, NVL chunk 34: 451.62 GB/s (NVL), avg_t: 198.84 us
[tuning] SMs 48, NVL chunk 36: 448.10 GB/s (NVL), avg_t: 200.40 us
[tuning] SMs 48, NVL chunk 38: 443.32 GB/s (NVL), avg_t: 202.56 us
[tuning] SMs 48, NVL chunk 40: 445.72 GB/s (NVL), avg_t: 201.47 us
[tuning] SMs 48, NVL chunk 42: 454.26 GB/s (NVL), avg_t: 197.68 us
[tuning] SMs 48, NVL chunk 44: 455.34 GB/s (NVL), avg_t: 197.22 us
[tuning] SMs 48, NVL chunk 46: 455.79 GB/s (NVL), avg_t: 197.02 us
[tuning] SMs 48, NVL chunk 48: 449.13 GB/s (NVL), avg_t: 199.94 us
[tuning] SMs 48, NVL chunk 50: 441.86 GB/s (NVL), avg_t: 203.23 us
[tuning] SMs 48, NVL chunk 52: 436.79 GB/s (NVL), avg_t: 205.59 us
[tuning] SMs 48, NVL chunk 54: 431.17 GB/s (NVL), avg_t: 208.27 us
[tuning] SMs 48, NVL chunk 56: 426.70 GB/s (NVL), avg_t: 210.45 us
[tuning] SMs 48, NVL chunk 58: 426.95 GB/s (NVL), avg_t: 210.33 us
[tuning] SMs 48, NVL chunk 60: 427.47 GB/s (NVL), avg_t: 210.08 us
[tuning] SMs 48, NVL chunk 62: 427.71 GB/s (NVL), avg_t: 209.96 us
[tuning] SMs 48, NVL chunk 64: 430.91 GB/s (NVL), avg_t: 208.40 us
[tuning] Best dispatch (BF16): SMs 48, NVL chunk 46, 455.79 GB/s (NVL), t: 197.02 us

[tuning] SMs 48, NVL chunk 10: 297.12 GB/s (NVL), avg_t: 302.24 us
[tuning] SMs 48, NVL chunk 12: 336.38 GB/s (NVL), avg_t: 266.96 us
[tuning] SMs 48, NVL chunk 14: 364.44 GB/s (NVL), avg_t: 246.41 us
[tuning] SMs 48, NVL chunk 16: 385.55 GB/s (NVL), avg_t: 232.91 us
[tuning] SMs 48, NVL chunk 18: 405.53 GB/s (NVL), avg_t: 221.44 us
[tuning] SMs 48, NVL chunk 20: 414.01 GB/s (NVL), avg_t: 216.90 us
[tuning] SMs 48, NVL chunk 22: 408.28 GB/s (NVL), avg_t: 219.95 us
[tuning] SMs 48, NVL chunk 24: 418.45 GB/s (NVL), avg_t: 214.61 us
[tuning] SMs 48, NVL chunk 26: 412.62 GB/s (NVL), avg_t: 217.64 us
[tuning] SMs 48, NVL chunk 28: 414.91 GB/s (NVL), avg_t: 216.43 us
[tuning] SMs 48, NVL chunk 30: 417.43 GB/s (NVL), avg_t: 215.13 us
[tuning] SMs 48, NVL chunk 32: 418.82 GB/s (NVL), avg_t: 214.41 us
[tuning] SMs 48, NVL chunk 34: 411.77 GB/s (NVL), avg_t: 218.08 us
[tuning] SMs 48, NVL chunk 36: 409.00 GB/s (NVL), avg_t: 219.56 us
[tuning] SMs 48, NVL chunk 38: 401.68 GB/s (NVL), avg_t: 223.56 us
[tuning] SMs 48, NVL chunk 40: 396.86 GB/s (NVL), avg_t: 226.28 us
[tuning] SMs 48, NVL chunk 42: 395.10 GB/s (NVL), avg_t: 227.28 us
[tuning] SMs 48, NVL chunk 44: 390.74 GB/s (NVL), avg_t: 229.82 us
[tuning] SMs 48, NVL chunk 46: 395.46 GB/s (NVL), avg_t: 227.08 us
[tuning] SMs 48, NVL chunk 48: 391.99 GB/s (NVL), avg_t: 229.09 us
[tuning] SMs 48, NVL chunk 50: 386.88 GB/s (NVL), avg_t: 232.12 us
[tuning] SMs 48, NVL chunk 52: 384.46 GB/s (NVL), avg_t: 233.58 us
[tuning] SMs 48, NVL chunk 54: 378.85 GB/s (NVL), avg_t: 237.04 us
[tuning] SMs 48, NVL chunk 56: 372.93 GB/s (NVL), avg_t: 240.80 us
[tuning] SMs 48, NVL chunk 58: 371.86 GB/s (NVL), avg_t: 241.49 us
[tuning] SMs 48, NVL chunk 60: 367.24 GB/s (NVL), avg_t: 244.53 us
[tuning] SMs 48, NVL chunk 62: 368.88 GB/s (NVL), avg_t: 243.44 us
[tuning] SMs 48, NVL chunk 64: 368.89 GB/s (NVL), avg_t: 243.44 us
[tuning] Best combine: SMs 48, NVL chunk 32: 418.82 GB/s (NVL), t: 214.41 us


[config] num_tokens=4096, hidden=2048, num_topk=8
[layout] Kernel performance: 0.048 ms

[testing] Running with BF16, without top-k (async=False, previous=False) ... passed
[testing] Running with BF16, with top-k (async=False, previous=False) ... passed
[testing] Running with BF16, without top-k (async=False, previous=False) ... passed
[testing] Running with BF16, with top-k (async=False, previous=False) ... passed
[testing] Running with FP8, without top-k (async=False, previous=False) ... passed
[testing] Running with FP8, with top-k (async=False, previous=False) ... passed
[testing] Running with BF16, without top-k (async=True, previous=False) ... passed
[testing] Running with BF16, with top-k (async=True, previous=False) ... passed
[testing] Running with BF16, without top-k (async=True, previous=False) ... passed
[testing] Running with BF16, with top-k (async=True, previous=False) ... passed
[testing] Running with FP8, without top-k (async=True, previous=False) ... passed
[testing] Running with FP8, with top-k (async=True, previous=False) ... passed
[testing] Running with BF16, without top-k (async=False, previous=True) ... passed
[testing] Running with BF16, with top-k (async=False, previous=True) ... passed
[testing] Running with BF16, without top-k (async=False, previous=True) ... passed
[testing] Running with BF16, with top-k (async=False, previous=True) ... passed
[testing] Running with FP8, without top-k (async=False, previous=True) ... passed
[testing] Running with FP8, with top-k (async=False, previous=True) ... passed
[testing] Running with BF16, without top-k (async=True, previous=True) ... passed
[testing] Running with BF16, with top-k (async=True, previous=True) ... passed
[testing] Running with BF16, without top-k (async=True, previous=True) ... passed
[testing] Running with BF16, with top-k (async=True, previous=True) ... passed
[testing] Running with FP8, without top-k (async=True, previous=True) ... passed
[testing] Running with FP8, with top-k (async=True, previous=True) ... passed

[tuning] SMs 50, NVL chunk 10: 310.00 GB/s (NVL), avg_t: 287.83 us
[tuning] SMs 50, NVL chunk 12: 353.79 GB/s (NVL), avg_t: 252.21 us
[tuning] SMs 50, NVL chunk 14: 385.10 GB/s (NVL), avg_t: 231.70 us
[tuning] SMs 50, NVL chunk 16: 398.95 GB/s (NVL), avg_t: 223.66 us
[tuning] SMs 50, NVL chunk 18: 402.72 GB/s (NVL), avg_t: 221.56 us
[tuning] SMs 50, NVL chunk 20: 412.71 GB/s (NVL), avg_t: 216.20 us
[tuning] SMs 50, NVL chunk 22: 430.31 GB/s (NVL), avg_t: 207.36 us
[tuning] SMs 50, NVL chunk 24: 439.80 GB/s (NVL), avg_t: 202.88 us
[tuning] SMs 50, NVL chunk 26: 441.04 GB/s (NVL), avg_t: 202.31 us
[tuning] SMs 50, NVL chunk 28: 444.12 GB/s (NVL), avg_t: 200.91 us
[tuning] SMs 50, NVL chunk 30: 453.32 GB/s (NVL), avg_t: 196.83 us
[tuning] SMs 50, NVL chunk 32: 457.30 GB/s (NVL), avg_t: 195.12 us
[tuning] SMs 50, NVL chunk 34: 452.31 GB/s (NVL), avg_t: 197.27 us
[tuning] SMs 50, NVL chunk 36: 447.93 GB/s (NVL), avg_t: 199.20 us
[tuning] SMs 50, NVL chunk 38: 447.12 GB/s (NVL), avg_t: 199.56 us
[tuning] SMs 50, NVL chunk 40: 457.09 GB/s (NVL), avg_t: 195.21 us
[tuning] SMs 50, NVL chunk 42: 462.96 GB/s (NVL), avg_t: 192.73 us
[tuning] SMs 50, NVL chunk 44: 453.47 GB/s (NVL), avg_t: 196.77 us
[tuning] SMs 50, NVL chunk 46: 452.16 GB/s (NVL), avg_t: 197.34 us
[tuning] SMs 50, NVL chunk 48: 445.80 GB/s (NVL), avg_t: 200.15 us
[tuning] SMs 50, NVL chunk 50: 438.30 GB/s (NVL), avg_t: 203.58 us
[tuning] SMs 50, NVL chunk 52: 435.36 GB/s (NVL), avg_t: 204.95 us
[tuning] SMs 50, NVL chunk 54: 432.75 GB/s (NVL), avg_t: 206.19 us
[tuning] SMs 50, NVL chunk 56: 428.72 GB/s (NVL), avg_t: 208.12 us
[tuning] SMs 50, NVL chunk 58: 428.88 GB/s (NVL), avg_t: 208.05 us
[tuning] SMs 50, NVL chunk 60: 433.25 GB/s (NVL), avg_t: 205.95 us
[tuning] SMs 50, NVL chunk 62: 437.38 GB/s (NVL), avg_t: 204.01 us
[tuning] SMs 50, NVL chunk 64: 440.52 GB/s (NVL), avg_t: 202.55 us
[tuning] Best dispatch (BF16): SMs 50, NVL chunk 42, 462.96 GB/s (NVL), t: 192.73 us

[tuning] SMs 50, NVL chunk 10: 303.12 GB/s (NVL), avg_t: 294.36 us
[tuning] SMs 50, NVL chunk 12: 339.34 GB/s (NVL), avg_t: 262.94 us
[tuning] SMs 50, NVL chunk 14: 372.14 GB/s (NVL), avg_t: 239.77 us
[tuning] SMs 50, NVL chunk 16: 388.41 GB/s (NVL), avg_t: 229.73 us
[tuning] SMs 50, NVL chunk 18: 401.66 GB/s (NVL), avg_t: 222.14 us
[tuning] SMs 50, NVL chunk 20: 409.37 GB/s (NVL), avg_t: 217.96 us
[tuning] SMs 50, NVL chunk 22: 397.92 GB/s (NVL), avg_t: 224.23 us
[tuning] SMs 50, NVL chunk 24: 404.76 GB/s (NVL), avg_t: 220.44 us
[tuning] SMs 50, NVL chunk 26: 406.27 GB/s (NVL), avg_t: 219.63 us
[tuning] SMs 50, NVL chunk 28: 401.05 GB/s (NVL), avg_t: 222.48 us
[tuning] SMs 50, NVL chunk 30: 396.48 GB/s (NVL), avg_t: 225.05 us
[tuning] SMs 50, NVL chunk 32: 395.84 GB/s (NVL), avg_t: 225.41 us
[tuning] SMs 50, NVL chunk 34: 391.32 GB/s (NVL), avg_t: 228.02 us
[tuning] SMs 50, NVL chunk 36: 387.25 GB/s (NVL), avg_t: 230.41 us
[tuning] SMs 50, NVL chunk 38: 387.90 GB/s (NVL), avg_t: 230.03 us
[tuning] SMs 50, NVL chunk 40: 386.03 GB/s (NVL), avg_t: 231.14 us
[tuning] SMs 50, NVL chunk 42: 378.52 GB/s (NVL), avg_t: 235.73 us
[tuning] SMs 50, NVL chunk 44: 377.37 GB/s (NVL), avg_t: 236.45 us
[tuning] SMs 50, NVL chunk 46: 374.03 GB/s (NVL), avg_t: 238.56 us
[tuning] SMs 50, NVL chunk 48: 363.88 GB/s (NVL), avg_t: 245.21 us
[tuning] SMs 50, NVL chunk 50: 364.17 GB/s (NVL), avg_t: 245.01 us
[tuning] SMs 50, NVL chunk 52: 363.22 GB/s (NVL), avg_t: 245.66 us
[tuning] SMs 50, NVL chunk 54: 354.63 GB/s (NVL), avg_t: 251.61 us
[tuning] SMs 50, NVL chunk 56: 354.26 GB/s (NVL), avg_t: 251.87 us
[tuning] SMs 50, NVL chunk 58: 353.74 GB/s (NVL), avg_t: 252.24 us
[tuning] SMs 50, NVL chunk 60: 351.54 GB/s (NVL), avg_t: 253.82 us
[tuning] SMs 50, NVL chunk 62: 351.48 GB/s (NVL), avg_t: 253.86 us
[tuning] SMs 50, NVL chunk 64: 348.82 GB/s (NVL), avg_t: 255.80 us
[tuning] Best combine: SMs 50, NVL chunk 20: 409.37 GB/s (NVL), t: 217.96 us


[config] num_tokens=4096, hidden=2048, num_topk=8
[layout] Kernel performance: 0.047 ms

[testing] Running with BF16, without top-k (async=False, previous=False) ... passed
[testing] Running with BF16, with top-k (async=False, previous=False) ... passed
[testing] Running with BF16, without top-k (async=False, previous=False) ... passed
[testing] Running with BF16, with top-k (async=False, previous=False) ... passed
[testing] Running with FP8, without top-k (async=False, previous=False) ... passed
[testing] Running with FP8, with top-k (async=False, previous=False) ... passed
[testing] Running with BF16, without top-k (async=True, previous=False) ... passed
[testing] Running with BF16, with top-k (async=True, previous=False) ... passed
[testing] Running with BF16, without top-k (async=True, previous=False) ... passed
[testing] Running with BF16, with top-k (async=True, previous=False) ... passed
[testing] Running with FP8, without top-k (async=True, previous=False) ... passed
[testing] Running with FP8, with top-k (async=True, previous=False) ... passed
[testing] Running with BF16, without top-k (async=False, previous=True) ... passed
[testing] Running with BF16, with top-k (async=False, previous=True) ... passed
[testing] Running with BF16, without top-k (async=False, previous=True) ... passed
[testing] Running with BF16, with top-k (async=False, previous=True) ... passed
[testing] Running with FP8, without top-k (async=False, previous=True) ... passed
[testing] Running with FP8, with top-k (async=False, previous=True) ... passed
[testing] Running with BF16, without top-k (async=True, previous=True) ... passed
[testing] Running with BF16, with top-k (async=True, previous=True) ... passed
[testing] Running with BF16, without top-k (async=True, previous=True) ... passed
[testing] Running with BF16, with top-k (async=True, previous=True) ... passed
[testing] Running with FP8, without top-k (async=True, previous=True) ... passed
[testing] Running with FP8, with top-k (async=True, previous=True) ... passed

[tuning] SMs 52, NVL chunk 10: 315.58 GB/s (NVL), avg_t: 282.96 us
[tuning] SMs 52, NVL chunk 12: 359.29 GB/s (NVL), avg_t: 248.54 us
[tuning] SMs 52, NVL chunk 14: 392.62 GB/s (NVL), avg_t: 227.44 us
[tuning] SMs 52, NVL chunk 16: 408.01 GB/s (NVL), avg_t: 218.86 us
[tuning] SMs 52, NVL chunk 18: 411.50 GB/s (NVL), avg_t: 217.00 us
[tuning] SMs 52, NVL chunk 20: 421.92 GB/s (NVL), avg_t: 211.64 us
[tuning] SMs 52, NVL chunk 22: 436.61 GB/s (NVL), avg_t: 204.52 us
[tuning] SMs 52, NVL chunk 24: 443.85 GB/s (NVL), avg_t: 201.19 us
[tuning] SMs 52, NVL chunk 26: 447.40 GB/s (NVL), avg_t: 199.59 us
[tuning] SMs 52, NVL chunk 28: 452.16 GB/s (NVL), avg_t: 197.49 us
[tuning] SMs 52, NVL chunk 30: 455.53 GB/s (NVL), avg_t: 196.03 us
[tuning] SMs 52, NVL chunk 32: 457.06 GB/s (NVL), avg_t: 195.37 us
[tuning] SMs 52, NVL chunk 34: 452.86 GB/s (NVL), avg_t: 197.18 us
[tuning] SMs 52, NVL chunk 36: 452.31 GB/s (NVL), avg_t: 197.43 us
[tuning] SMs 52, NVL chunk 38: 454.60 GB/s (NVL), avg_t: 196.43 us
[tuning] SMs 52, NVL chunk 40: 461.61 GB/s (NVL), avg_t: 193.45 us
[tuning] SMs 52, NVL chunk 42: 461.52 GB/s (NVL), avg_t: 193.49 us
[tuning] SMs 52, NVL chunk 44: 450.70 GB/s (NVL), avg_t: 198.13 us
[tuning] SMs 52, NVL chunk 46: 448.00 GB/s (NVL), avg_t: 199.32 us
[tuning] SMs 52, NVL chunk 48: 444.14 GB/s (NVL), avg_t: 201.06 us
[tuning] SMs 52, NVL chunk 50: 435.79 GB/s (NVL), avg_t: 204.91 us
[tuning] SMs 52, NVL chunk 52: 432.77 GB/s (NVL), avg_t: 206.34 us
[tuning] SMs 52, NVL chunk 54: 432.00 GB/s (NVL), avg_t: 206.71 us
[tuning] SMs 52, NVL chunk 56: 431.48 GB/s (NVL), avg_t: 206.96 us
[tuning] SMs 52, NVL chunk 58: 435.96 GB/s (NVL), avg_t: 204.83 us
[tuning] SMs 52, NVL chunk 60: 439.78 GB/s (NVL), avg_t: 203.05 us
[tuning] SMs 52, NVL chunk 62: 442.41 GB/s (NVL), avg_t: 201.84 us
[tuning] SMs 52, NVL chunk 64: 435.01 GB/s (NVL), avg_t: 205.27 us
[tuning] Best dispatch (BF16): SMs 52, NVL chunk 40, 461.61 GB/s (NVL), t: 193.45 us

[tuning] SMs 52, NVL chunk 10: 311.04 GB/s (NVL), avg_t: 287.09 us
[tuning] SMs 52, NVL chunk 12: 351.45 GB/s (NVL), avg_t: 254.08 us
[tuning] SMs 52, NVL chunk 14: 378.61 GB/s (NVL), avg_t: 235.86 us
[tuning] SMs 52, NVL chunk 16: 395.82 GB/s (NVL), avg_t: 225.60 us
[tuning] SMs 52, NVL chunk 18: 418.64 GB/s (NVL), avg_t: 213.30 us
[tuning] SMs 52, NVL chunk 20: 421.74 GB/s (NVL), avg_t: 211.74 us
[tuning] SMs 52, NVL chunk 22: 418.45 GB/s (NVL), avg_t: 213.40 us
[tuning] SMs 52, NVL chunk 24: 424.32 GB/s (NVL), avg_t: 210.45 us
[tuning] SMs 52, NVL chunk 26: 418.08 GB/s (NVL), avg_t: 213.59 us
[tuning] SMs 52, NVL chunk 28: 419.65 GB/s (NVL), avg_t: 212.79 us
[tuning] SMs 52, NVL chunk 30: 417.82 GB/s (NVL), avg_t: 213.72 us
[tuning] SMs 52, NVL chunk 32: 413.86 GB/s (NVL), avg_t: 215.77 us
[tuning] SMs 52, NVL chunk 34: 412.14 GB/s (NVL), avg_t: 216.67 us
[tuning] SMs 52, NVL chunk 36: 413.08 GB/s (NVL), avg_t: 216.17 us
[tuning] SMs 52, NVL chunk 38: 409.12 GB/s (NVL), avg_t: 218.27 us
[tuning] SMs 52, NVL chunk 40: 404.41 GB/s (NVL), avg_t: 220.81 us
[tuning] SMs 52, NVL chunk 42: 396.63 GB/s (NVL), avg_t: 225.14 us
[tuning] SMs 52, NVL chunk 44: 393.97 GB/s (NVL), avg_t: 226.66 us
[tuning] SMs 52, NVL chunk 46: 391.93 GB/s (NVL), avg_t: 227.84 us
[tuning] SMs 52, NVL chunk 48: 388.80 GB/s (NVL), avg_t: 229.67 us
[tuning] SMs 52, NVL chunk 50: 386.82 GB/s (NVL), avg_t: 230.85 us
[tuning] SMs 52, NVL chunk 52: 382.92 GB/s (NVL), avg_t: 233.20 us
[tuning] SMs 52, NVL chunk 54: 380.83 GB/s (NVL), avg_t: 234.48 us
[tuning] SMs 52, NVL chunk 56: 381.49 GB/s (NVL), avg_t: 234.07 us
[tuning] SMs 52, NVL chunk 58: 377.30 GB/s (NVL), avg_t: 236.67 us
[tuning] SMs 52, NVL chunk 60: 377.31 GB/s (NVL), avg_t: 236.67 us
[tuning] SMs 52, NVL chunk 62: 377.47 GB/s (NVL), avg_t: 236.57 us
[tuning] SMs 52, NVL chunk 64: 373.94 GB/s (NVL), avg_t: 238.80 us
[tuning] Best combine: SMs 52, NVL chunk 24: 424.32 GB/s (NVL), t: 210.45 us


[config] num_tokens=4096, hidden=2048, num_topk=8
[layout] Kernel performance: 0.047 ms

[testing] Running with BF16, without top-k (async=False, previous=False) ... passed
[testing] Running with BF16, with top-k (async=False, previous=False) ... passed
[testing] Running with BF16, without top-k (async=False, previous=False) ... passed
[testing] Running with BF16, with top-k (async=False, previous=False) ... passed
[testing] Running with FP8, without top-k (async=False, previous=False) ... passed
[testing] Running with FP8, with top-k (async=False, previous=False) ... passed
[testing] Running with BF16, without top-k (async=True, previous=False) ... passed
[testing] Running with BF16, with top-k (async=True, previous=False) ... passed
[testing] Running with BF16, without top-k (async=True, previous=False) ... passed
[testing] Running with BF16, with top-k (async=True, previous=False) ... passed
[testing] Running with FP8, without top-k (async=True, previous=False) ... passed
[testing] Running with FP8, with top-k (async=True, previous=False) ... passed
[testing] Running with BF16, without top-k (async=False, previous=True) ... passed
[testing] Running with BF16, with top-k (async=False, previous=True) ... passed
[testing] Running with BF16, without top-k (async=False, previous=True) ... passed
[testing] Running with BF16, with top-k (async=False, previous=True) ... passed
[testing] Running with FP8, without top-k (async=False, previous=True) ... passed
[testing] Running with FP8, with top-k (async=False, previous=True) ... passed
[testing] Running with BF16, without top-k (async=True, previous=True) ... passed
[testing] Running with BF16, with top-k (async=True, previous=True) ... passed
[testing] Running with BF16, without top-k (async=True, previous=True) ... passed
[testing] Running with BF16, with top-k (async=True, previous=True) ... passed
[testing] Running with FP8, without top-k (async=True, previous=True) ... passed
[testing] Running with FP8, with top-k (async=True, previous=True) ... passed

[tuning] SMs 54, NVL chunk 10: 323.07 GB/s (NVL), avg_t: 276.67 us
[tuning] SMs 54, NVL chunk 12: 368.80 GB/s (NVL), avg_t: 242.36 us
[tuning] SMs 54, NVL chunk 14: 398.02 GB/s (NVL), avg_t: 224.57 us
[tuning] SMs 54, NVL chunk 16: 412.20 GB/s (NVL), avg_t: 216.85 us
[tuning] SMs 54, NVL chunk 18: 418.16 GB/s (NVL), avg_t: 213.75 us
[tuning] SMs 54, NVL chunk 20: 422.72 GB/s (NVL), avg_t: 211.45 us
[tuning] SMs 54, NVL chunk 22: 440.49 GB/s (NVL), avg_t: 202.92 us
[tuning] SMs 54, NVL chunk 24: 450.32 GB/s (NVL), avg_t: 198.49 us
[tuning] SMs 54, NVL chunk 26: 453.00 GB/s (NVL), avg_t: 197.31 us
[tuning] SMs 54, NVL chunk 28: 458.68 GB/s (NVL), avg_t: 194.87 us
[tuning] SMs 54, NVL chunk 30: 463.79 GB/s (NVL), avg_t: 192.72 us
[tuning] SMs 54, NVL chunk 32: 456.81 GB/s (NVL), avg_t: 195.67 us
[tuning] SMs 54, NVL chunk 34: 456.28 GB/s (NVL), avg_t: 195.89 us
[tuning] SMs 54, NVL chunk 36: 459.51 GB/s (NVL), avg_t: 194.52 us
[tuning] SMs 54, NVL chunk 38: 463.41 GB/s (NVL), avg_t: 192.88 us
[tuning] SMs 54, NVL chunk 40: 468.25 GB/s (NVL), avg_t: 190.89 us
[tuning] SMs 54, NVL chunk 42: 462.37 GB/s (NVL), avg_t: 193.31 us
[tuning] SMs 54, NVL chunk 44: 450.79 GB/s (NVL), avg_t: 198.28 us
[tuning] SMs 54, NVL chunk 46: 447.58 GB/s (NVL), avg_t: 199.70 us
[tuning] SMs 54, NVL chunk 48: 440.86 GB/s (NVL), avg_t: 202.75 us
[tuning] SMs 54, NVL chunk 50: 436.19 GB/s (NVL), avg_t: 204.92 us
[tuning] SMs 54, NVL chunk 52: 433.05 GB/s (NVL), avg_t: 206.40 us
[tuning] SMs 54, NVL chunk 54: 434.71 GB/s (NVL), avg_t: 205.62 us
[tuning] SMs 54, NVL chunk 56: 439.71 GB/s (NVL), avg_t: 203.28 us
[tuning] SMs 54, NVL chunk 58: 443.52 GB/s (NVL), avg_t: 201.53 us
[tuning] SMs 54, NVL chunk 60: 443.39 GB/s (NVL), avg_t: 201.59 us
[tuning] SMs 54, NVL chunk 62: 440.05 GB/s (NVL), avg_t: 203.12 us
[tuning] SMs 54, NVL chunk 64: 433.71 GB/s (NVL), avg_t: 206.09 us
[tuning] Best dispatch (BF16): SMs 54, NVL chunk 40, 468.25 GB/s (NVL), t: 190.89 us

[tuning] SMs 54, NVL chunk 10: 316.07 GB/s (NVL), avg_t: 282.80 us
[tuning] SMs 54, NVL chunk 12: 353.18 GB/s (NVL), avg_t: 253.08 us
[tuning] SMs 54, NVL chunk 14: 376.42 GB/s (NVL), avg_t: 237.45 us
[tuning] SMs 54, NVL chunk 16: 391.04 GB/s (NVL), avg_t: 228.58 us
[tuning] SMs 54, NVL chunk 18: 411.10 GB/s (NVL), avg_t: 217.42 us
[tuning] SMs 54, NVL chunk 20: 411.92 GB/s (NVL), avg_t: 216.99 us
[tuning] SMs 54, NVL chunk 22: 406.84 GB/s (NVL), avg_t: 219.70 us
[tuning] SMs 54, NVL chunk 24: 406.24 GB/s (NVL), avg_t: 220.03 us
[tuning] SMs 54, NVL chunk 26: 406.63 GB/s (NVL), avg_t: 219.82 us
[tuning] SMs 54, NVL chunk 28: 404.70 GB/s (NVL), avg_t: 220.86 us
[tuning] SMs 54, NVL chunk 30: 397.73 GB/s (NVL), avg_t: 224.73 us
[tuning] SMs 54, NVL chunk 32: 393.18 GB/s (NVL), avg_t: 227.33 us
[tuning] SMs 54, NVL chunk 34: 398.65 GB/s (NVL), avg_t: 224.21 us
[tuning] SMs 54, NVL chunk 36: 395.32 GB/s (NVL), avg_t: 226.10 us
[tuning] SMs 54, NVL chunk 38: 391.94 GB/s (NVL), avg_t: 228.05 us
[tuning] SMs 54, NVL chunk 40: 386.26 GB/s (NVL), avg_t: 231.41 us
[tuning] SMs 54, NVL chunk 42: 379.99 GB/s (NVL), avg_t: 235.22 us
[tuning] SMs 54, NVL chunk 44: 378.81 GB/s (NVL), avg_t: 235.96 us
[tuning] SMs 54, NVL chunk 46: 374.52 GB/s (NVL), avg_t: 238.66 us
[tuning] SMs 54, NVL chunk 48: 374.94 GB/s (NVL), avg_t: 238.39 us
[tuning] SMs 54, NVL chunk 50: 372.62 GB/s (NVL), avg_t: 239.88 us
[tuning] SMs 54, NVL chunk 52: 370.21 GB/s (NVL), avg_t: 241.44 us
[tuning] SMs 54, NVL chunk 54: 365.57 GB/s (NVL), avg_t: 244.50 us
[tuning] SMs 54, NVL chunk 56: 363.77 GB/s (NVL), avg_t: 245.72 us
[tuning] SMs 54, NVL chunk 58: 362.94 GB/s (NVL), avg_t: 246.27 us
[tuning] SMs 54, NVL chunk 60: 360.17 GB/s (NVL), avg_t: 248.17 us
[tuning] SMs 54, NVL chunk 62: 359.66 GB/s (NVL), avg_t: 248.52 us
[tuning] SMs 54, NVL chunk 64: 359.32 GB/s (NVL), avg_t: 248.76 us
[tuning] Best combine: SMs 54, NVL chunk 20: 411.92 GB/s (NVL), t: 216.99 us


[config] num_tokens=4096, hidden=2048, num_topk=8
[layout] Kernel performance: 0.048 ms

[testing] Running with BF16, without top-k (async=False, previous=False) ... passed
[testing] Running with BF16, with top-k (async=False, previous=False) ... passed
[testing] Running with BF16, without top-k (async=False, previous=False) ... passed
[testing] Running with BF16, with top-k (async=False, previous=False) ... passed
[testing] Running with FP8, without top-k (async=False, previous=False) ... passed
[testing] Running with FP8, with top-k (async=False, previous=False) ... passed
[testing] Running with BF16, without top-k (async=True, previous=False) ... passed
[testing] Running with BF16, with top-k (async=True, previous=False) ... passed
[testing] Running with BF16, without top-k (async=True, previous=False) ... passed
[testing] Running with BF16, with top-k (async=True, previous=False) ... passed
[testing] Running with FP8, without top-k (async=True, previous=False) ... passed
[testing] Running with FP8, with top-k (async=True, previous=False) ... passed
[testing] Running with BF16, without top-k (async=False, previous=True) ... passed
[testing] Running with BF16, with top-k (async=False, previous=True) ... passed
[testing] Running with BF16, without top-k (async=False, previous=True) ... passed
[testing] Running with BF16, with top-k (async=False, previous=True) ... passed
[testing] Running with FP8, without top-k (async=False, previous=True) ... passed
[testing] Running with FP8, with top-k (async=False, previous=True) ... passed
[testing] Running with BF16, without top-k (async=True, previous=True) ... passed
[testing] Running with BF16, with top-k (async=True, previous=True) ... passed
[testing] Running with BF16, without top-k (async=True, previous=True) ... passed
[testing] Running with BF16, with top-k (async=True, previous=True) ... passed
[testing] Running with FP8, without top-k (async=True, previous=True) ... passed
[testing] Running with FP8, with top-k (async=True, previous=True) ... passed

[tuning] SMs 56, NVL chunk 10: 334.84 GB/s (NVL), avg_t: 267.99 us
[tuning] SMs 56, NVL chunk 12: 380.52 GB/s (NVL), avg_t: 235.82 us
[tuning] SMs 56, NVL chunk 14: 407.23 GB/s (NVL), avg_t: 220.35 us
[tuning] SMs 56, NVL chunk 16: 425.69 GB/s (NVL), avg_t: 210.80 us
[tuning] SMs 56, NVL chunk 18: 426.92 GB/s (NVL), avg_t: 210.19 us
[tuning] SMs 56, NVL chunk 20: 433.29 GB/s (NVL), avg_t: 207.10 us
[tuning] SMs 56, NVL chunk 22: 446.78 GB/s (NVL), avg_t: 200.85 us
[tuning] SMs 56, NVL chunk 24: 457.90 GB/s (NVL), avg_t: 195.97 us
[tuning] SMs 56, NVL chunk 26: 457.46 GB/s (NVL), avg_t: 196.16 us
[tuning] SMs 56, NVL chunk 28: 462.22 GB/s (NVL), avg_t: 194.14 us
[tuning] SMs 56, NVL chunk 30: 458.24 GB/s (NVL), avg_t: 195.83 us
[tuning] SMs 56, NVL chunk 32: 449.64 GB/s (NVL), avg_t: 199.57 us
[tuning] SMs 56, NVL chunk 34: 453.24 GB/s (NVL), avg_t: 197.99 us
[tuning] SMs 56, NVL chunk 36: 456.50 GB/s (NVL), avg_t: 196.57 us
[tuning] SMs 56, NVL chunk 38: 460.91 GB/s (NVL), avg_t: 194.69 us
[tuning] SMs 56, NVL chunk 40: 458.12 GB/s (NVL), avg_t: 195.88 us
[tuning] SMs 56, NVL chunk 42: 451.02 GB/s (NVL), avg_t: 198.96 us
[tuning] SMs 56, NVL chunk 44: 441.71 GB/s (NVL), avg_t: 203.16 us
[tuning] SMs 56, NVL chunk 46: 437.46 GB/s (NVL), avg_t: 205.13 us
[tuning] SMs 56, NVL chunk 48: 431.44 GB/s (NVL), avg_t: 207.99 us
[tuning] SMs 56, NVL chunk 50: 429.17 GB/s (NVL), avg_t: 209.09 us
[tuning] SMs 56, NVL chunk 52: 427.65 GB/s (NVL), avg_t: 209.83 us
[tuning] SMs 56, NVL chunk 54: 429.70 GB/s (NVL), avg_t: 208.83 us
[tuning] SMs 56, NVL chunk 56: 429.14 GB/s (NVL), avg_t: 209.10 us
[tuning] SMs 56, NVL chunk 58: 425.08 GB/s (NVL), avg_t: 211.10 us
[tuning] SMs 56, NVL chunk 60: 425.55 GB/s (NVL), avg_t: 210.87 us
[tuning] SMs 56, NVL chunk 62: 421.55 GB/s (NVL), avg_t: 212.87 us
[tuning] SMs 56, NVL chunk 64: 417.78 GB/s (NVL), avg_t: 214.79 us
[tuning] Best dispatch (BF16): SMs 56, NVL chunk 28, 462.22 GB/s (NVL), t: 194.14 us

[tuning] SMs 56, NVL chunk 10: 327.61 GB/s (NVL), avg_t: 273.91 us
[tuning] SMs 56, NVL chunk 12: 367.01 GB/s (NVL), avg_t: 244.50 us
[tuning] SMs 56, NVL chunk 14: 394.09 GB/s (NVL), avg_t: 227.70 us
[tuning] SMs 56, NVL chunk 16: 411.63 GB/s (NVL), avg_t: 218.00 us
[tuning] SMs 56, NVL chunk 18: 424.21 GB/s (NVL), avg_t: 211.53 us
[tuning] SMs 56, NVL chunk 20: 431.75 GB/s (NVL), avg_t: 207.84 us
[tuning] SMs 56, NVL chunk 22: 425.55 GB/s (NVL), avg_t: 210.87 us
[tuning] SMs 56, NVL chunk 24: 421.65 GB/s (NVL), avg_t: 212.82 us
[tuning] SMs 56, NVL chunk 26: 420.89 GB/s (NVL), avg_t: 213.20 us
[tuning] SMs 56, NVL chunk 28: 411.69 GB/s (NVL), avg_t: 217.97 us
[tuning] SMs 56, NVL chunk 30: 412.26 GB/s (NVL), avg_t: 217.67 us
[tuning] SMs 56, NVL chunk 32: 404.87 GB/s (NVL), avg_t: 221.64 us
[tuning] SMs 56, NVL chunk 34: 402.08 GB/s (NVL), avg_t: 223.18 us
[tuning] SMs 56, NVL chunk 36: 402.62 GB/s (NVL), avg_t: 222.88 us
[tuning] SMs 56, NVL chunk 38: 401.22 GB/s (NVL), avg_t: 223.66 us
[tuning] SMs 56, NVL chunk 40: 397.32 GB/s (NVL), avg_t: 225.85 us
[tuning] SMs 56, NVL chunk 42: 390.40 GB/s (NVL), avg_t: 229.86 us
[tuning] SMs 56, NVL chunk 44: 387.73 GB/s (NVL), avg_t: 231.44 us
[tuning] SMs 56, NVL chunk 46: 382.75 GB/s (NVL), avg_t: 234.45 us
[tuning] SMs 56, NVL chunk 48: 378.57 GB/s (NVL), avg_t: 237.04 us
[tuning] SMs 56, NVL chunk 50: 375.65 GB/s (NVL), avg_t: 238.88 us
[tuning] SMs 56, NVL chunk 52: 374.40 GB/s (NVL), avg_t: 239.67 us
[tuning] SMs 56, NVL chunk 54: 372.63 GB/s (NVL), avg_t: 240.82 us
[tuning] SMs 56, NVL chunk 56: 371.53 GB/s (NVL), avg_t: 241.53 us
[tuning] SMs 56, NVL chunk 58: 370.43 GB/s (NVL), avg_t: 242.25 us
[tuning] SMs 56, NVL chunk 60: 370.46 GB/s (NVL), avg_t: 242.22 us
[tuning] SMs 56, NVL chunk 62: 369.00 GB/s (NVL), avg_t: 243.18 us
[tuning] SMs 56, NVL chunk 64: 368.17 GB/s (NVL), avg_t: 243.74 us
[tuning] Best combine: SMs 56, NVL chunk 20: 431.75 GB/s (NVL), t: 207.84 us


[config] num_tokens=4096, hidden=2048, num_topk=8
[layout] Kernel performance: 0.047 ms

[testing] Running with BF16, without top-k (async=False, previous=False) ... passed
[testing] Running with BF16, with top-k (async=False, previous=False) ... passed
[testing] Running with BF16, without top-k (async=False, previous=False) ... passed
[testing] Running with BF16, with top-k (async=False, previous=False) ... passed
[testing] Running with FP8, without top-k (async=False, previous=False) ... passed
[testing] Running with FP8, with top-k (async=False, previous=False) ... passed
[testing] Running with BF16, without top-k (async=True, previous=False) ... passed
[testing] Running with BF16, with top-k (async=True, previous=False) ... passed
[testing] Running with BF16, without top-k (async=True, previous=False) ... passed
[testing] Running with BF16, with top-k (async=True, previous=False) ... passed
[testing] Running with FP8, without top-k (async=True, previous=False) ... passed
[testing] Running with FP8, with top-k (async=True, previous=False) ... passed
[testing] Running with BF16, without top-k (async=False, previous=True) ... passed
[testing] Running with BF16, with top-k (async=False, previous=True) ... passed
[testing] Running with BF16, without top-k (async=False, previous=True) ... passed
[testing] Running with BF16, with top-k (async=False, previous=True) ... passed
[testing] Running with FP8, without top-k (async=False, previous=True) ... passed
[testing] Running with FP8, with top-k (async=False, previous=True) ... passed
[testing] Running with BF16, without top-k (async=True, previous=True) ... passed
[testing] Running with BF16, with top-k (async=True, previous=True) ... passed
[testing] Running with BF16, without top-k (async=True, previous=True) ... passed
[testing] Running with BF16, with top-k (async=True, previous=True) ... passed
[testing] Running with FP8, without top-k (async=True, previous=True) ... passed
[testing] Running with FP8, with top-k (async=True, previous=True) ... passed

[tuning] SMs 58, NVL chunk 10: 341.81 GB/s (NVL), avg_t: 261.32 us
[tuning] SMs 58, NVL chunk 12: 385.94 GB/s (NVL), avg_t: 231.44 us
[tuning] SMs 58, NVL chunk 14: 414.92 GB/s (NVL), avg_t: 215.27 us
[tuning] SMs 58, NVL chunk 16: 431.69 GB/s (NVL), avg_t: 206.91 us
[tuning] SMs 58, NVL chunk 18: 436.14 GB/s (NVL), avg_t: 204.80 us
[tuning] SMs 58, NVL chunk 20: 442.07 GB/s (NVL), avg_t: 202.05 us
[tuning] SMs 58, NVL chunk 22: 453.26 GB/s (NVL), avg_t: 197.06 us
[tuning] SMs 58, NVL chunk 24: 459.63 GB/s (NVL), avg_t: 194.33 us
[tuning] SMs 58, NVL chunk 26: 461.68 GB/s (NVL), avg_t: 193.47 us
[tuning] SMs 58, NVL chunk 28: 460.22 GB/s (NVL), avg_t: 194.08 us
[tuning] SMs 58, NVL chunk 30: 453.85 GB/s (NVL), avg_t: 196.81 us
[tuning] SMs 58, NVL chunk 32: 447.13 GB/s (NVL), avg_t: 199.77 us
[tuning] SMs 58, NVL chunk 34: 448.84 GB/s (NVL), avg_t: 199.00 us
[tuning] SMs 58, NVL chunk 36: 454.32 GB/s (NVL), avg_t: 196.60 us
[tuning] SMs 58, NVL chunk 38: 453.60 GB/s (NVL), avg_t: 196.92 us
[tuning] SMs 58, NVL chunk 40: 449.26 GB/s (NVL), avg_t: 198.82 us
[tuning] SMs 58, NVL chunk 42: 441.60 GB/s (NVL), avg_t: 202.27 us
[tuning] SMs 58, NVL chunk 44: 430.59 GB/s (NVL), avg_t: 207.44 us
[tuning] SMs 58, NVL chunk 46: 427.51 GB/s (NVL), avg_t: 208.93 us
[tuning] SMs 58, NVL chunk 48: 423.41 GB/s (NVL), avg_t: 210.96 us
[tuning] SMs 58, NVL chunk 50: 419.32 GB/s (NVL), avg_t: 213.01 us
[tuning] SMs 58, NVL chunk 52: 423.72 GB/s (NVL), avg_t: 210.80 us
[tuning] SMs 58, NVL chunk 54: 423.86 GB/s (NVL), avg_t: 210.73 us
[tuning] SMs 58, NVL chunk 56: 423.77 GB/s (NVL), avg_t: 210.78 us
[tuning] SMs 58, NVL chunk 58: 424.92 GB/s (NVL), avg_t: 210.21 us
[tuning] SMs 58, NVL chunk 60: 421.41 GB/s (NVL), avg_t: 211.96 us
[tuning] SMs 58, NVL chunk 62: 417.91 GB/s (NVL), avg_t: 213.73 us
[tuning] SMs 58, NVL chunk 64: 414.76 GB/s (NVL), avg_t: 215.36 us
[tuning] Best dispatch (BF16): SMs 58, NVL chunk 26, 461.68 GB/s (NVL), t: 193.47 us

[tuning] SMs 58, NVL chunk 10: 331.97 GB/s (NVL), avg_t: 269.06 us
[tuning] SMs 58, NVL chunk 12: 368.39 GB/s (NVL), avg_t: 242.47 us
[tuning] SMs 58, NVL chunk 14: 394.03 GB/s (NVL), avg_t: 226.69 us
[tuning] SMs 58, NVL chunk 16: 407.71 GB/s (NVL), avg_t: 219.08 us
[tuning] SMs 58, NVL chunk 18: 417.12 GB/s (NVL), avg_t: 214.14 us
[tuning] SMs 58, NVL chunk 20: 416.45 GB/s (NVL), avg_t: 214.48 us
[tuning] SMs 58, NVL chunk 22: 402.83 GB/s (NVL), avg_t: 221.73 us
[tuning] SMs 58, NVL chunk 24: 398.70 GB/s (NVL), avg_t: 224.03 us
[tuning] SMs 58, NVL chunk 26: 399.48 GB/s (NVL), avg_t: 223.60 us
[tuning] SMs 58, NVL chunk 28: 400.03 GB/s (NVL), avg_t: 223.29 us
[tuning] SMs 58, NVL chunk 30: 392.81 GB/s (NVL), avg_t: 227.39 us
[tuning] SMs 58, NVL chunk 32: 384.42 GB/s (NVL), avg_t: 232.35 us
[tuning] SMs 58, NVL chunk 34: 383.52 GB/s (NVL), avg_t: 232.90 us
[tuning] SMs 58, NVL chunk 36: 384.39 GB/s (NVL), avg_t: 232.37 us
[tuning] SMs 58, NVL chunk 38: 381.41 GB/s (NVL), avg_t: 234.19 us
[tuning] SMs 58, NVL chunk 40: 376.37 GB/s (NVL), avg_t: 237.33 us
[tuning] SMs 58, NVL chunk 42: 371.22 GB/s (NVL), avg_t: 240.62 us
[tuning] SMs 58, NVL chunk 44: 369.18 GB/s (NVL), avg_t: 241.95 us
[tuning] SMs 58, NVL chunk 46: 366.11 GB/s (NVL), avg_t: 243.97 us
[tuning] SMs 58, NVL chunk 48: 363.18 GB/s (NVL), avg_t: 245.94 us
[tuning] SMs 58, NVL chunk 50: 360.09 GB/s (NVL), avg_t: 248.05 us
[tuning] SMs 58, NVL chunk 52: 358.20 GB/s (NVL), avg_t: 249.36 us
[tuning] SMs 58, NVL chunk 54: 359.48 GB/s (NVL), avg_t: 248.48 us
[tuning] SMs 58, NVL chunk 56: 355.79 GB/s (NVL), avg_t: 251.05 us
[tuning] SMs 58, NVL chunk 58: 356.84 GB/s (NVL), avg_t: 250.31 us
[tuning] SMs 58, NVL chunk 60: 355.21 GB/s (NVL), avg_t: 251.46 us
[tuning] SMs 58, NVL chunk 62: 355.23 GB/s (NVL), avg_t: 251.45 us
[tuning] SMs 58, NVL chunk 64: 351.54 GB/s (NVL), avg_t: 254.09 us
[tuning] Best combine: SMs 58, NVL chunk 18: 417.12 GB/s (NVL), t: 214.14 us


[config] num_tokens=4096, hidden=2048, num_topk=8
[layout] Kernel performance: 0.048 ms

[testing] Running with BF16, without top-k (async=False, previous=False) ... passed
[testing] Running with BF16, with top-k (async=False, previous=False) ... passed
[testing] Running with BF16, without top-k (async=False, previous=False) ... passed
[testing] Running with BF16, with top-k (async=False, previous=False) ... passed
[testing] Running with FP8, without top-k (async=False, previous=False) ... passed
[testing] Running with FP8, with top-k (async=False, previous=False) ... passed
[testing] Running with BF16, without top-k (async=True, previous=False) ... passed
[testing] Running with BF16, with top-k (async=True, previous=False) ... passed
[testing] Running with BF16, without top-k (async=True, previous=False) ... passed
[testing] Running with BF16, with top-k (async=True, previous=False) ... passed
[testing] Running with FP8, without top-k (async=True, previous=False) ... passed
[testing] Running with FP8, with top-k (async=True, previous=False) ... passed
[testing] Running with BF16, without top-k (async=False, previous=True) ... passed
[testing] Running with BF16, with top-k (async=False, previous=True) ... passed
[testing] Running with BF16, without top-k (async=False, previous=True) ... passed
[testing] Running with BF16, with top-k (async=False, previous=True) ... passed
[testing] Running with FP8, without top-k (async=False, previous=True) ... passed
[testing] Running with FP8, with top-k (async=False, previous=True) ... passed
[testing] Running with BF16, without top-k (async=True, previous=True) ... passed
[testing] Running with BF16, with top-k (async=True, previous=True) ... passed
[testing] Running with BF16, without top-k (async=True, previous=True) ... passed
[testing] Running with BF16, with top-k (async=True, previous=True) ... passed
[testing] Running with FP8, without top-k (async=True, previous=True) ... passed
[testing] Running with FP8, with top-k (async=True, previous=True) ... passed

[tuning] SMs 60, NVL chunk 10: 348.67 GB/s (NVL), avg_t: 255.83 us
[tuning] SMs 60, NVL chunk 12: 392.87 GB/s (NVL), avg_t: 227.04 us
[tuning] SMs 60, NVL chunk 14: 421.58 GB/s (NVL), avg_t: 211.58 us
[tuning] SMs 60, NVL chunk 16: 440.79 GB/s (NVL), avg_t: 202.36 us
[tuning] SMs 60, NVL chunk 18: 447.81 GB/s (NVL), avg_t: 199.19 us
[tuning] SMs 60, NVL chunk 20: 446.35 GB/s (NVL), avg_t: 199.84 us
[tuning] SMs 60, NVL chunk 22: 459.78 GB/s (NVL), avg_t: 194.00 us
[tuning] SMs 60, NVL chunk 24: 462.30 GB/s (NVL), avg_t: 192.95 us
[tuning] SMs 60, NVL chunk 26: 461.71 GB/s (NVL), avg_t: 193.19 us
[tuning] SMs 60, NVL chunk 28: 455.67 GB/s (NVL), avg_t: 195.75 us
[tuning] SMs 60, NVL chunk 30: 442.37 GB/s (NVL), avg_t: 201.64 us
[tuning] SMs 60, NVL chunk 32: 440.11 GB/s (NVL), avg_t: 202.67 us
[tuning] SMs 60, NVL chunk 34: 443.39 GB/s (NVL), avg_t: 201.18 us
[tuning] SMs 60, NVL chunk 36: 445.49 GB/s (NVL), avg_t: 200.22 us
[tuning] SMs 60, NVL chunk 38: 449.26 GB/s (NVL), avg_t: 198.54 us
[tuning] SMs 60, NVL chunk 40: 442.11 GB/s (NVL), avg_t: 201.76 us
[tuning] SMs 60, NVL chunk 42: 435.29 GB/s (NVL), avg_t: 204.92 us
[tuning] SMs 60, NVL chunk 44: 424.12 GB/s (NVL), avg_t: 210.32 us
[tuning] SMs 60, NVL chunk 46: 422.93 GB/s (NVL), avg_t: 210.91 us
[tuning] SMs 60, NVL chunk 48: 422.92 GB/s (NVL), avg_t: 210.91 us
[tuning] SMs 60, NVL chunk 50: 422.01 GB/s (NVL), avg_t: 211.36 us
[tuning] SMs 60, NVL chunk 52: 423.67 GB/s (NVL), avg_t: 210.54 us
[tuning] SMs 60, NVL chunk 54: 426.77 GB/s (NVL), avg_t: 209.01 us
[tuning] SMs 60, NVL chunk 56: 426.48 GB/s (NVL), avg_t: 209.15 us
[tuning] SMs 60, NVL chunk 58: 424.12 GB/s (NVL), avg_t: 210.31 us
[tuning] SMs 60, NVL chunk 60: 423.99 GB/s (NVL), avg_t: 210.38 us
[tuning] SMs 60, NVL chunk 62: 421.53 GB/s (NVL), avg_t: 211.60 us
[tuning] SMs 60, NVL chunk 64: 419.02 GB/s (NVL), avg_t: 212.87 us
[tuning] Best dispatch (BF16): SMs 60, NVL chunk 24, 462.30 GB/s (NVL), t: 192.95 us

[tuning] SMs 60, NVL chunk 10: 341.41 GB/s (NVL), avg_t: 261.27 us
[tuning] SMs 60, NVL chunk 12: 377.56 GB/s (NVL), avg_t: 236.25 us
[tuning] SMs 60, NVL chunk 14: 405.31 GB/s (NVL), avg_t: 220.08 us
[tuning] SMs 60, NVL chunk 16: 417.32 GB/s (NVL), avg_t: 213.74 us
[tuning] SMs 60, NVL chunk 18: 435.06 GB/s (NVL), avg_t: 205.02 us
[tuning] SMs 60, NVL chunk 20: 432.61 GB/s (NVL), avg_t: 206.19 us
[tuning] SMs 60, NVL chunk 22: 421.55 GB/s (NVL), avg_t: 211.59 us
[tuning] SMs 60, NVL chunk 24: 419.26 GB/s (NVL), avg_t: 212.75 us
[tuning] SMs 60, NVL chunk 26: 422.85 GB/s (NVL), avg_t: 210.95 us
[tuning] SMs 60, NVL chunk 28: 412.08 GB/s (NVL), avg_t: 216.46 us
[tuning] SMs 60, NVL chunk 30: 404.16 GB/s (NVL), avg_t: 220.70 us
[tuning] SMs 60, NVL chunk 32: 403.80 GB/s (NVL), avg_t: 220.90 us
[tuning] SMs 60, NVL chunk 34: 402.08 GB/s (NVL), avg_t: 221.84 us
[tuning] SMs 60, NVL chunk 36: 406.80 GB/s (NVL), avg_t: 219.27 us
[tuning] SMs 60, NVL chunk 38: 404.46 GB/s (NVL), avg_t: 220.54 us
[tuning] SMs 60, NVL chunk 40: 396.00 GB/s (NVL), avg_t: 225.25 us
[tuning] SMs 60, NVL chunk 42: 392.26 GB/s (NVL), avg_t: 227.40 us
[tuning] SMs 60, NVL chunk 44: 389.43 GB/s (NVL), avg_t: 229.05 us
[tuning] SMs 60, NVL chunk 46: 386.29 GB/s (NVL), avg_t: 230.91 us
[tuning] SMs 60, NVL chunk 48: 383.55 GB/s (NVL), avg_t: 232.56 us
[tuning] SMs 60, NVL chunk 50: 384.52 GB/s (NVL), avg_t: 231.98 us
[tuning] SMs 60, NVL chunk 52: 389.06 GB/s (NVL), avg_t: 229.27 us
[tuning] SMs 60, NVL chunk 54: 385.88 GB/s (NVL), avg_t: 231.16 us
[tuning] SMs 60, NVL chunk 56: 382.95 GB/s (NVL), avg_t: 232.93 us
[tuning] SMs 60, NVL chunk 58: 382.03 GB/s (NVL), avg_t: 233.49 us
[tuning] SMs 60, NVL chunk 60: 380.00 GB/s (NVL), avg_t: 234.73 us
[tuning] SMs 60, NVL chunk 62: 378.04 GB/s (NVL), avg_t: 235.95 us
[tuning] SMs 60, NVL chunk 64: 374.80 GB/s (NVL), avg_t: 237.99 us
[tuning] Best combine: SMs 60, NVL chunk 18: 435.06 GB/s (NVL), t: 205.02 us


[config] num_tokens=4096, hidden=2048, num_topk=8
[layout] Kernel performance: 0.047 ms

[testing] Running with BF16, without top-k (async=False, previous=False) ... passed
[testing] Running with BF16, with top-k (async=False, previous=False) ... passed
[testing] Running with BF16, without top-k (async=False, previous=False) ... passed
[testing] Running with BF16, with top-k (async=False, previous=False) ... passed
[testing] Running with FP8, without top-k (async=False, previous=False) ... passed
[testing] Running with FP8, with top-k (async=False, previous=False) ... passed
[testing] Running with BF16, without top-k (async=True, previous=False) ... passed
[testing] Running with BF16, with top-k (async=True, previous=False) ... passed
[testing] Running with BF16, without top-k (async=True, previous=False) ... passed
[testing] Running with BF16, with top-k (async=True, previous=False) ... passed
[testing] Running with FP8, without top-k (async=True, previous=False) ... passed
[testing] Running with FP8, with top-k (async=True, previous=False) ... passed
[testing] Running with BF16, without top-k (async=False, previous=True) ... passed
[testing] Running with BF16, with top-k (async=False, previous=True) ... passed
[testing] Running with BF16, without top-k (async=False, previous=True) ... passed
[testing] Running with BF16, with top-k (async=False, previous=True) ... passed
[testing] Running with FP8, without top-k (async=False, previous=True) ... passed
[testing] Running with FP8, with top-k (async=False, previous=True) ... passed
[testing] Running with BF16, without top-k (async=True, previous=True) ... passed
[testing] Running with BF16, with top-k (async=True, previous=True) ... passed
[testing] Running with BF16, without top-k (async=True, previous=True) ... passed
[testing] Running with BF16, with top-k (async=True, previous=True) ... passed
[testing] Running with FP8, without top-k (async=True, previous=True) ... passed
[testing] Running with FP8, with top-k (async=True, previous=True) ... passed

[tuning] SMs 62, NVL chunk 10: 358.45 GB/s (NVL), avg_t: 251.73 us
[tuning] SMs 62, NVL chunk 12: 401.78 GB/s (NVL), avg_t: 224.59 us
[tuning] SMs 62, NVL chunk 14: 430.99 GB/s (NVL), avg_t: 209.37 us
[tuning] SMs 62, NVL chunk 16: 444.50 GB/s (NVL), avg_t: 203.01 us
[tuning] SMs 62, NVL chunk 18: 452.00 GB/s (NVL), avg_t: 199.63 us
[tuning] SMs 62, NVL chunk 20: 451.70 GB/s (NVL), avg_t: 199.77 us
[tuning] SMs 62, NVL chunk 22: 462.83 GB/s (NVL), avg_t: 194.96 us
[tuning] SMs 62, NVL chunk 24: 462.52 GB/s (NVL), avg_t: 195.10 us
[tuning] SMs 62, NVL chunk 26: 455.77 GB/s (NVL), avg_t: 197.98 us
[tuning] SMs 62, NVL chunk 28: 449.93 GB/s (NVL), avg_t: 200.55 us
[tuning] SMs 62, NVL chunk 30: 443.92 GB/s (NVL), avg_t: 203.27 us
[tuning] SMs 62, NVL chunk 32: 440.48 GB/s (NVL), avg_t: 204.85 us
[tuning] SMs 62, NVL chunk 34: 441.82 GB/s (NVL), avg_t: 204.23 us
[tuning] SMs 62, NVL chunk 36: 447.30 GB/s (NVL), avg_t: 201.73 us
[tuning] SMs 62, NVL chunk 38: 446.99 GB/s (NVL), avg_t: 201.87 us
[tuning] SMs 62, NVL chunk 40: 442.92 GB/s (NVL), avg_t: 203.73 us
[tuning] SMs 62, NVL chunk 42: 436.99 GB/s (NVL), avg_t: 206.49 us
[tuning] SMs 62, NVL chunk 44: 425.50 GB/s (NVL), avg_t: 212.07 us
[tuning] SMs 62, NVL chunk 46: 423.70 GB/s (NVL), avg_t: 212.97 us
[tuning] SMs 62, NVL chunk 48: 424.35 GB/s (NVL), avg_t: 212.64 us
[tuning] SMs 62, NVL chunk 50: 425.02 GB/s (NVL), avg_t: 212.31 us
[tuning] SMs 62, NVL chunk 52: 428.52 GB/s (NVL), avg_t: 210.58 us
[tuning] SMs 62, NVL chunk 54: 429.02 GB/s (NVL), avg_t: 210.33 us
[tuning] SMs 62, NVL chunk 56: 430.60 GB/s (NVL), avg_t: 209.56 us
[tuning] SMs 62, NVL chunk 58: 426.85 GB/s (NVL), avg_t: 211.40 us
[tuning] SMs 62, NVL chunk 60: 424.43 GB/s (NVL), avg_t: 212.60 us
[tuning] SMs 62, NVL chunk 62: 422.60 GB/s (NVL), avg_t: 213.52 us
[tuning] SMs 62, NVL chunk 64: 419.53 GB/s (NVL), avg_t: 215.09 us
[tuning] Best dispatch (BF16): SMs 62, NVL chunk 22, 462.83 GB/s (NVL), t: 194.96 us

[tuning] SMs 62, NVL chunk 10: 348.89 GB/s (NVL), avg_t: 258.64 us
[tuning] SMs 62, NVL chunk 12: 383.31 GB/s (NVL), avg_t: 235.41 us
[tuning] SMs 62, NVL chunk 14: 406.66 GB/s (NVL), avg_t: 221.89 us
[tuning] SMs 62, NVL chunk 16: 416.10 GB/s (NVL), avg_t: 216.86 us
[tuning] SMs 62, NVL chunk 18: 423.26 GB/s (NVL), avg_t: 213.19 us
[tuning] SMs 62, NVL chunk 20: 422.33 GB/s (NVL), avg_t: 213.66 us
[tuning] SMs 62, NVL chunk 22: 406.10 GB/s (NVL), avg_t: 222.20 us
[tuning] SMs 62, NVL chunk 24: 409.81 GB/s (NVL), avg_t: 220.19 us
[tuning] SMs 62, NVL chunk 26: 403.48 GB/s (NVL), avg_t: 223.64 us
[tuning] SMs 62, NVL chunk 28: 398.80 GB/s (NVL), avg_t: 226.27 us
[tuning] SMs 62, NVL chunk 30: 398.94 GB/s (NVL), avg_t: 226.19 us
[tuning] SMs 62, NVL chunk 32: 398.29 GB/s (NVL), avg_t: 226.55 us
[tuning] SMs 62, NVL chunk 34: 398.02 GB/s (NVL), avg_t: 226.71 us
[tuning] SMs 62, NVL chunk 36: 394.99 GB/s (NVL), avg_t: 228.45 us
[tuning] SMs 62, NVL chunk 38: 388.19 GB/s (NVL), avg_t: 232.45 us
[tuning] SMs 62, NVL chunk 40: 383.53 GB/s (NVL), avg_t: 235.27 us
[tuning] SMs 62, NVL chunk 42: 377.93 GB/s (NVL), avg_t: 238.76 us
[tuning] SMs 62, NVL chunk 44: 372.94 GB/s (NVL), avg_t: 241.96 us
[tuning] SMs 62, NVL chunk 46: 376.27 GB/s (NVL), avg_t: 239.81 us
[tuning] SMs 62, NVL chunk 48: 377.83 GB/s (NVL), avg_t: 238.83 us
[tuning] SMs 62, NVL chunk 50: 374.36 GB/s (NVL), avg_t: 241.04 us
[tuning] SMs 62, NVL chunk 52: 375.67 GB/s (NVL), avg_t: 240.20 us
[tuning] SMs 62, NVL chunk 54: 376.44 GB/s (NVL), avg_t: 239.70 us
[tuning] SMs 62, NVL chunk 56: 371.86 GB/s (NVL), avg_t: 242.66 us
[tuning] SMs 62, NVL chunk 58: 370.60 GB/s (NVL), avg_t: 243.48 us
[tuning] SMs 62, NVL chunk 60: 369.70 GB/s (NVL), avg_t: 244.07 us
[tuning] SMs 62, NVL chunk 62: 367.17 GB/s (NVL), avg_t: 245.76 us
[tuning] SMs 62, NVL chunk 64: 365.28 GB/s (NVL), avg_t: 247.03 us
[tuning] Best combine: SMs 62, NVL chunk 18: 423.26 GB/s (NVL), t: 213.19 us


[config] num_tokens=4096, hidden=2048, num_topk=8
[layout] Kernel performance: 0.047 ms

[testing] Running with BF16, without top-k (async=False, previous=False) ... passed
[testing] Running with BF16, with top-k (async=False, previous=False) ... passed
[testing] Running with BF16, without top-k (async=False, previous=False) ... passed
[testing] Running with BF16, with top-k (async=False, previous=False) ... passed
[testing] Running with FP8, without top-k (async=False, previous=False) ... passed
[testing] Running with FP8, with top-k (async=False, previous=False) ... passed
[testing] Running with BF16, without top-k (async=True, previous=False) ... passed
[testing] Running with BF16, with top-k (async=True, previous=False) ... passed
[testing] Running with BF16, without top-k (async=True, previous=False) ... passed
[testing] Running with BF16, with top-k (async=True, previous=False) ... passed
[testing] Running with FP8, without top-k (async=True, previous=False) ... passed
[testing] Running with FP8, with top-k (async=True, previous=False) ... passed
[testing] Running with BF16, without top-k (async=False, previous=True) ... passed
[testing] Running with BF16, with top-k (async=False, previous=True) ... passed
[testing] Running with BF16, without top-k (async=False, previous=True) ... passed
[testing] Running with BF16, with top-k (async=False, previous=True) ... passed
[testing] Running with FP8, without top-k (async=False, previous=True) ... passed
[testing] Running with FP8, with top-k (async=False, previous=True) ... passed
[testing] Running with BF16, without top-k (async=True, previous=True) ... passed
[testing] Running with BF16, with top-k (async=True, previous=True) ... passed
[testing] Running with BF16, without top-k (async=True, previous=True) ... passed
[testing] Running with BF16, with top-k (async=True, previous=True) ... passed
[testing] Running with FP8, without top-k (async=True, previous=True) ... passed
[testing] Running with FP8, with top-k (async=True, previous=True) ... passed

[tuning] SMs 64, NVL chunk 10: 358.06 GB/s (NVL), avg_t: 248.26 us
[tuning] SMs 64, NVL chunk 12: 406.22 GB/s (NVL), avg_t: 218.83 us
[tuning] SMs 64, NVL chunk 14: 432.60 GB/s (NVL), avg_t: 205.48 us
[tuning] SMs 64, NVL chunk 16: 449.04 GB/s (NVL), avg_t: 197.96 us
[tuning] SMs 64, NVL chunk 18: 454.15 GB/s (NVL), avg_t: 195.73 us
[tuning] SMs 64, NVL chunk 20: 452.09 GB/s (NVL), avg_t: 196.62 us
[tuning] SMs 64, NVL chunk 22: 457.15 GB/s (NVL), avg_t: 194.45 us
[tuning] SMs 64, NVL chunk 24: 457.60 GB/s (NVL), avg_t: 194.25 us
[tuning] SMs 64, NVL chunk 26: 451.62 GB/s (NVL), avg_t: 196.83 us
[tuning] SMs 64, NVL chunk 28: 442.82 GB/s (NVL), avg_t: 200.74 us
[tuning] SMs 64, NVL chunk 30: 439.03 GB/s (NVL), avg_t: 202.47 us
[tuning] SMs 64, NVL chunk 32: 442.08 GB/s (NVL), avg_t: 201.08 us
[tuning] SMs 64, NVL chunk 34: 444.72 GB/s (NVL), avg_t: 199.88 us
[tuning] SMs 64, NVL chunk 36: 441.33 GB/s (NVL), avg_t: 201.42 us
[tuning] SMs 64, NVL chunk 38: 436.41 GB/s (NVL), avg_t: 203.69 us
[tuning] SMs 64, NVL chunk 40: 430.92 GB/s (NVL), avg_t: 206.28 us
[tuning] SMs 64, NVL chunk 42: 429.27 GB/s (NVL), avg_t: 207.08 us
[tuning] SMs 64, NVL chunk 44: 424.35 GB/s (NVL), avg_t: 209.48 us
[tuning] SMs 64, NVL chunk 46: 426.93 GB/s (NVL), avg_t: 208.21 us
[tuning] SMs 64, NVL chunk 48: 431.30 GB/s (NVL), avg_t: 206.10 us
[tuning] SMs 64, NVL chunk 50: 431.23 GB/s (NVL), avg_t: 206.13 us
[tuning] SMs 64, NVL chunk 52: 431.45 GB/s (NVL), avg_t: 206.03 us
[tuning] SMs 64, NVL chunk 54: 430.75 GB/s (NVL), avg_t: 206.36 us
[tuning] SMs 64, NVL chunk 56: 426.03 GB/s (NVL), avg_t: 208.65 us
[tuning] SMs 64, NVL chunk 58: 422.85 GB/s (NVL), avg_t: 210.22 us
[tuning] SMs 64, NVL chunk 60: 419.23 GB/s (NVL), avg_t: 212.03 us
[tuning] SMs 64, NVL chunk 62: 416.50 GB/s (NVL), avg_t: 213.42 us
[tuning] SMs 64, NVL chunk 64: 412.73 GB/s (NVL), avg_t: 215.37 us
[tuning] Best dispatch (BF16): SMs 64, NVL chunk 24, 457.60 GB/s (NVL), t: 194.25 us

[tuning] SMs 64, NVL chunk 10: 356.86 GB/s (NVL), avg_t: 249.09 us
[tuning] SMs 64, NVL chunk 12: 395.82 GB/s (NVL), avg_t: 224.58 us
[tuning] SMs 64, NVL chunk 14: 423.94 GB/s (NVL), avg_t: 209.68 us
[tuning] SMs 64, NVL chunk 16: 425.09 GB/s (NVL), avg_t: 209.11 us
[tuning] SMs 64, NVL chunk 18: 437.67 GB/s (NVL), avg_t: 203.10 us
[tuning] SMs 64, NVL chunk 20: 435.26 GB/s (NVL), avg_t: 204.23 us
[tuning] SMs 64, NVL chunk 22: 425.00 GB/s (NVL), avg_t: 209.16 us
[tuning] SMs 64, NVL chunk 24: 425.04 GB/s (NVL), avg_t: 209.13 us
[tuning] SMs 64, NVL chunk 26: 420.53 GB/s (NVL), avg_t: 211.38 us
[tuning] SMs 64, NVL chunk 28: 414.14 GB/s (NVL), avg_t: 214.64 us
[tuning] SMs 64, NVL chunk 30: 408.66 GB/s (NVL), avg_t: 217.52 us
[tuning] SMs 64, NVL chunk 32: 413.84 GB/s (NVL), avg_t: 214.79 us
[tuning] SMs 64, NVL chunk 34: 410.81 GB/s (NVL), avg_t: 216.38 us
[tuning] SMs 64, NVL chunk 36: 406.01 GB/s (NVL), avg_t: 218.94 us
[tuning] SMs 64, NVL chunk 38: 401.41 GB/s (NVL), avg_t: 221.45 us
[tuning] SMs 64, NVL chunk 40: 397.05 GB/s (NVL), avg_t: 223.88 us
[tuning] SMs 64, NVL chunk 42: 393.45 GB/s (NVL), avg_t: 225.93 us
[tuning] SMs 64, NVL chunk 44: 394.80 GB/s (NVL), avg_t: 225.16 us
[tuning] SMs 64, NVL chunk 46: 393.91 GB/s (NVL), avg_t: 225.67 us
[tuning] SMs 64, NVL chunk 48: 390.93 GB/s (NVL), avg_t: 227.39 us
[tuning] SMs 64, NVL chunk 50: 389.47 GB/s (NVL), avg_t: 228.24 us
[tuning] SMs 64, NVL chunk 52: 389.35 GB/s (NVL), avg_t: 228.31 us
[tuning] SMs 64, NVL chunk 54: 387.66 GB/s (NVL), avg_t: 229.30 us
[tuning] SMs 64, NVL chunk 56: 384.64 GB/s (NVL), avg_t: 231.10 us
[tuning] SMs 64, NVL chunk 58: 383.54 GB/s (NVL), avg_t: 231.77 us
[tuning] SMs 64, NVL chunk 60: 380.03 GB/s (NVL), avg_t: 233.91 us
[tuning] SMs 64, NVL chunk 62: 380.12 GB/s (NVL), avg_t: 233.85 us
[tuning] SMs 64, NVL chunk 64: 377.34 GB/s (NVL), avg_t: 235.57 us
[tuning] Best combine: SMs 64, NVL chunk 18: 437.67 GB/s (NVL), t: 203.10 us


[config] num_tokens=4096, hidden=2048, num_topk=8
[layout] Kernel performance: 0.048 ms

[testing] Running with BF16, without top-k (async=False, previous=False) ... passed
[testing] Running with BF16, with top-k (async=False, previous=False) ... passed
[testing] Running with BF16, without top-k (async=False, previous=False) ... passed
[testing] Running with BF16, with top-k (async=False, previous=False) ... passed
[testing] Running with FP8, without top-k (async=False, previous=False) ... passed
[testing] Running with FP8, with top-k (async=False, previous=False) ... passed
[testing] Running with BF16, without top-k (async=True, previous=False) ... passed
[testing] Running with BF16, with top-k (async=True, previous=False) ... passed
[testing] Running with BF16, without top-k (async=True, previous=False) ... passed
[testing] Running with BF16, with top-k (async=True, previous=False) ... passed
[testing] Running with FP8, without top-k (async=True, previous=False) ... passed
[testing] Running with FP8, with top-k (async=True, previous=False) ... passed
[testing] Running with BF16, without top-k (async=False, previous=True) ... passed
[testing] Running with BF16, with top-k (async=False, previous=True) ... passed
[testing] Running with BF16, without top-k (async=False, previous=True) ... passed
[testing] Running with BF16, with top-k (async=False, previous=True) ... passed
[testing] Running with FP8, without top-k (async=False, previous=True) ... passed
[testing] Running with FP8, with top-k (async=False, previous=True) ... passed
[testing] Running with BF16, without top-k (async=True, previous=True) ... passed
[testing] Running with BF16, with top-k (async=True, previous=True) ... passed
[testing] Running with BF16, without top-k (async=True, previous=True) ... passed
[testing] Running with BF16, with top-k (async=True, previous=True) ... passed
[testing] Running with FP8, without top-k (async=True, previous=True) ... passed
[testing] Running with FP8, with top-k (async=True, previous=True) ... passed

[tuning] SMs 66, NVL chunk 10: 370.18 GB/s (NVL), avg_t: 241.23 us
[tuning] SMs 66, NVL chunk 12: 411.81 GB/s (NVL), avg_t: 216.84 us
[tuning] SMs 66, NVL chunk 14: 437.67 GB/s (NVL), avg_t: 204.03 us
[tuning] SMs 66, NVL chunk 16: 451.01 GB/s (NVL), avg_t: 197.99 us
[tuning] SMs 66, NVL chunk 18: 456.92 GB/s (NVL), avg_t: 195.43 us
[tuning] SMs 66, NVL chunk 20: 450.67 GB/s (NVL), avg_t: 198.14 us
[tuning] SMs 66, NVL chunk 22: 453.53 GB/s (NVL), avg_t: 196.89 us
[tuning] SMs 66, NVL chunk 24: 452.98 GB/s (NVL), avg_t: 197.13 us
[tuning] SMs 66, NVL chunk 26: 444.41 GB/s (NVL), avg_t: 200.93 us
[tuning] SMs 66, NVL chunk 28: 440.16 GB/s (NVL), avg_t: 202.87 us
[tuning] SMs 66, NVL chunk 30: 437.80 GB/s (NVL), avg_t: 203.97 us
[tuning] SMs 66, NVL chunk 32: 436.44 GB/s (NVL), avg_t: 204.60 us
[tuning] SMs 66, NVL chunk 34: 440.21 GB/s (NVL), avg_t: 202.85 us
[tuning] SMs 66, NVL chunk 36: 444.11 GB/s (NVL), avg_t: 201.07 us
[tuning] SMs 66, NVL chunk 38: 436.67 GB/s (NVL), avg_t: 204.49 us
[tuning] SMs 66, NVL chunk 40: 433.52 GB/s (NVL), avg_t: 205.98 us
[tuning] SMs 66, NVL chunk 42: 429.58 GB/s (NVL), avg_t: 207.87 us
[tuning] SMs 66, NVL chunk 44: 426.59 GB/s (NVL), avg_t: 209.33 us
[tuning] SMs 66, NVL chunk 46: 431.77 GB/s (NVL), avg_t: 206.82 us
[tuning] SMs 66, NVL chunk 48: 432.33 GB/s (NVL), avg_t: 206.55 us
[tuning] SMs 66, NVL chunk 50: 434.15 GB/s (NVL), avg_t: 205.68 us
[tuning] SMs 66, NVL chunk 52: 434.30 GB/s (NVL), avg_t: 205.61 us
[tuning] SMs 66, NVL chunk 54: 430.34 GB/s (NVL), avg_t: 207.50 us
[tuning] SMs 66, NVL chunk 56: 429.29 GB/s (NVL), avg_t: 208.01 us
[tuning] SMs 66, NVL chunk 58: 423.41 GB/s (NVL), avg_t: 210.90 us
[tuning] SMs 66, NVL chunk 60: 422.13 GB/s (NVL), avg_t: 211.54 us
[tuning] SMs 66, NVL chunk 62: 416.79 GB/s (NVL), avg_t: 214.25 us
[tuning] SMs 66, NVL chunk 64: 415.17 GB/s (NVL), avg_t: 215.09 us
[tuning] Best dispatch (BF16): SMs 66, NVL chunk 18, 456.92 GB/s (NVL), t: 195.43 us

[tuning] SMs 66, NVL chunk 10: 354.87 GB/s (NVL), avg_t: 251.63 us
[tuning] SMs 66, NVL chunk 12: 391.21 GB/s (NVL), avg_t: 228.26 us
[tuning] SMs 66, NVL chunk 14: 412.82 GB/s (NVL), avg_t: 216.31 us
[tuning] SMs 66, NVL chunk 16: 417.24 GB/s (NVL), avg_t: 214.02 us
[tuning] SMs 66, NVL chunk 18: 409.16 GB/s (NVL), avg_t: 218.24 us
[tuning] SMs 66, NVL chunk 20: 406.03 GB/s (NVL), avg_t: 219.93 us
[tuning] SMs 66, NVL chunk 22: 398.00 GB/s (NVL), avg_t: 224.36 us
[tuning] SMs 66, NVL chunk 24: 395.23 GB/s (NVL), avg_t: 225.94 us
[tuning] SMs 66, NVL chunk 26: 396.33 GB/s (NVL), avg_t: 225.31 us
[tuning] SMs 66, NVL chunk 28: 392.25 GB/s (NVL), avg_t: 227.66 us
[tuning] SMs 66, NVL chunk 30: 389.33 GB/s (NVL), avg_t: 229.36 us
[tuning] SMs 66, NVL chunk 32: 393.67 GB/s (NVL), avg_t: 226.83 us
[tuning] SMs 66, NVL chunk 34: 389.35 GB/s (NVL), avg_t: 229.35 us
[tuning] SMs 66, NVL chunk 36: 383.30 GB/s (NVL), avg_t: 232.97 us
[tuning] SMs 66, NVL chunk 38: 380.73 GB/s (NVL), avg_t: 234.54 us
[tuning] SMs 66, NVL chunk 40: 379.54 GB/s (NVL), avg_t: 235.28 us
[tuning] SMs 66, NVL chunk 42: 374.90 GB/s (NVL), avg_t: 238.19 us
[tuning] SMs 66, NVL chunk 44: 374.47 GB/s (NVL), avg_t: 238.46 us
[tuning] SMs 66, NVL chunk 46: 373.72 GB/s (NVL), avg_t: 238.94 us
[tuning] SMs 66, NVL chunk 48: 371.10 GB/s (NVL), avg_t: 240.63 us
[tuning] SMs 66, NVL chunk 50: 369.79 GB/s (NVL), avg_t: 241.48 us
[tuning] SMs 66, NVL chunk 52: 369.80 GB/s (NVL), avg_t: 241.47 us
[tuning] SMs 66, NVL chunk 54: 368.62 GB/s (NVL), avg_t: 242.25 us
[tuning] SMs 66, NVL chunk 56: 364.19 GB/s (NVL), avg_t: 245.19 us
[tuning] SMs 66, NVL chunk 58: 364.02 GB/s (NVL), avg_t: 245.31 us
[tuning] SMs 66, NVL chunk 60: 360.72 GB/s (NVL), avg_t: 247.55 us
[tuning] SMs 66, NVL chunk 62: 359.21 GB/s (NVL), avg_t: 248.59 us
[tuning] SMs 66, NVL chunk 64: 358.36 GB/s (NVL), avg_t: 249.18 us
[tuning] Best combine: SMs 66, NVL chunk 16: 417.24 GB/s (NVL), t: 214.02 us


[config] num_tokens=4096, hidden=2048, num_topk=8
[layout] Kernel performance: 0.048 ms

[testing] Running with BF16, without top-k (async=False, previous=False) ... passed
[testing] Running with BF16, with top-k (async=False, previous=False) ... passed
[testing] Running with BF16, without top-k (async=False, previous=False) ... passed
[testing] Running with BF16, with top-k (async=False, previous=False) ... passed
[testing] Running with FP8, without top-k (async=False, previous=False) ... passed
[testing] Running with FP8, with top-k (async=False, previous=False) ... passed
[testing] Running with BF16, without top-k (async=True, previous=False) ... passed
[testing] Running with BF16, with top-k (async=True, previous=False) ... passed
[testing] Running with BF16, without top-k (async=True, previous=False) ... passed
[testing] Running with BF16, with top-k (async=True, previous=False) ... passed
[testing] Running with FP8, without top-k (async=True, previous=False) ... passed
[testing] Running with FP8, with top-k (async=True, previous=False) ... passed
[testing] Running with BF16, without top-k (async=False, previous=True) ... passed
[testing] Running with BF16, with top-k (async=False, previous=True) ... passed
[testing] Running with BF16, without top-k (async=False, previous=True) ... passed
[testing] Running with BF16, with top-k (async=False, previous=True) ... passed
[testing] Running with FP8, without top-k (async=False, previous=True) ... passed
[testing] Running with FP8, with top-k (async=False, previous=True) ... passed
[testing] Running with BF16, without top-k (async=True, previous=True) ... passed
[testing] Running with BF16, with top-k (async=True, previous=True) ... passed
[testing] Running with BF16, without top-k (async=True, previous=True) ... passed
[testing] Running with BF16, with top-k (async=True, previous=True) ... passed
[testing] Running with FP8, without top-k (async=True, previous=True) ... passed
[testing] Running with FP8, with top-k (async=True, previous=True) ... passed

[tuning] SMs 68, NVL chunk 10: 376.77 GB/s (NVL), avg_t: 239.21 us
[tuning] SMs 68, NVL chunk 12: 424.86 GB/s (NVL), avg_t: 212.14 us
[tuning] SMs 68, NVL chunk 14: 449.16 GB/s (NVL), avg_t: 200.66 us
[tuning] SMs 68, NVL chunk 16: 463.54 GB/s (NVL), avg_t: 194.43 us
[tuning] SMs 68, NVL chunk 18: 460.07 GB/s (NVL), avg_t: 195.90 us
[tuning] SMs 68, NVL chunk 20: 456.85 GB/s (NVL), avg_t: 197.28 us
[tuning] SMs 68, NVL chunk 22: 454.28 GB/s (NVL), avg_t: 198.40 us
[tuning] SMs 68, NVL chunk 24: 457.81 GB/s (NVL), avg_t: 196.87 us
[tuning] SMs 68, NVL chunk 26: 451.02 GB/s (NVL), avg_t: 199.83 us
[tuning] SMs 68, NVL chunk 28: 444.34 GB/s (NVL), avg_t: 202.83 us
[tuning] SMs 68, NVL chunk 30: 447.64 GB/s (NVL), avg_t: 201.34 us
[tuning] SMs 68, NVL chunk 32: 446.20 GB/s (NVL), avg_t: 201.99 us
[tuning] SMs 68, NVL chunk 34: 446.22 GB/s (NVL), avg_t: 201.98 us
[tuning] SMs 68, NVL chunk 36: 444.76 GB/s (NVL), avg_t: 202.64 us
[tuning] SMs 68, NVL chunk 38: 436.61 GB/s (NVL), avg_t: 206.43 us
[tuning] SMs 68, NVL chunk 40: 435.49 GB/s (NVL), avg_t: 206.96 us
[tuning] SMs 68, NVL chunk 42: 438.98 GB/s (NVL), avg_t: 205.32 us
[tuning] SMs 68, NVL chunk 44: 437.38 GB/s (NVL), avg_t: 206.06 us
[tuning] SMs 68, NVL chunk 46: 442.88 GB/s (NVL), avg_t: 203.51 us
[tuning] SMs 68, NVL chunk 48: 443.90 GB/s (NVL), avg_t: 203.04 us
[tuning] SMs 68, NVL chunk 50: 440.49 GB/s (NVL), avg_t: 204.61 us
[tuning] SMs 68, NVL chunk 52: 434.98 GB/s (NVL), avg_t: 207.20 us
[tuning] SMs 68, NVL chunk 54: 433.40 GB/s (NVL), avg_t: 207.95 us
[tuning] SMs 68, NVL chunk 56: 431.23 GB/s (NVL), avg_t: 209.00 us
[tuning] SMs 68, NVL chunk 58: 426.85 GB/s (NVL), avg_t: 211.15 us
[tuning] SMs 68, NVL chunk 60: 423.73 GB/s (NVL), avg_t: 212.70 us
[tuning] SMs 68, NVL chunk 62: 420.24 GB/s (NVL), avg_t: 214.47 us
[tuning] SMs 68, NVL chunk 64: 416.91 GB/s (NVL), avg_t: 216.18 us
[tuning] Best dispatch (BF16): SMs 68, NVL chunk 16, 463.54 GB/s (NVL), t: 194.43 us

[tuning] SMs 68, NVL chunk 10: 369.30 GB/s (NVL), avg_t: 244.05 us
[tuning] SMs 68, NVL chunk 12: 403.95 GB/s (NVL), avg_t: 223.12 us
[tuning] SMs 68, NVL chunk 14: 426.02 GB/s (NVL), avg_t: 211.56 us
[tuning] SMs 68, NVL chunk 16: 435.01 GB/s (NVL), avg_t: 207.19 us
[tuning] SMs 68, NVL chunk 18: 439.62 GB/s (NVL), avg_t: 205.02 us
[tuning] SMs 68, NVL chunk 20: 434.58 GB/s (NVL), avg_t: 207.39 us
[tuning] SMs 68, NVL chunk 22: 426.48 GB/s (NVL), avg_t: 211.33 us
[tuning] SMs 68, NVL chunk 24: 425.61 GB/s (NVL), avg_t: 211.76 us
[tuning] SMs 68, NVL chunk 26: 419.45 GB/s (NVL), avg_t: 214.87 us
[tuning] SMs 68, NVL chunk 28: 413.79 GB/s (NVL), avg_t: 217.81 us
[tuning] SMs 68, NVL chunk 30: 411.73 GB/s (NVL), avg_t: 218.90 us
[tuning] SMs 68, NVL chunk 32: 409.20 GB/s (NVL), avg_t: 220.26 us
[tuning] SMs 68, NVL chunk 34: 406.04 GB/s (NVL), avg_t: 221.97 us
[tuning] SMs 68, NVL chunk 36: 403.06 GB/s (NVL), avg_t: 223.61 us
[tuning] SMs 68, NVL chunk 38: 398.81 GB/s (NVL), avg_t: 225.99 us
[tuning] SMs 68, NVL chunk 40: 394.60 GB/s (NVL), avg_t: 228.41 us
[tuning] SMs 68, NVL chunk 42: 388.57 GB/s (NVL), avg_t: 231.95 us
[tuning] SMs 68, NVL chunk 44: 391.16 GB/s (NVL), avg_t: 230.42 us
[tuning] SMs 68, NVL chunk 46: 387.28 GB/s (NVL), avg_t: 232.72 us
[tuning] SMs 68, NVL chunk 48: 383.86 GB/s (NVL), avg_t: 234.79 us
[tuning] SMs 68, NVL chunk 50: 385.05 GB/s (NVL), avg_t: 234.07 us
[tuning] SMs 68, NVL chunk 52: 384.70 GB/s (NVL), avg_t: 234.28 us
[tuning] SMs 68, NVL chunk 54: 384.53 GB/s (NVL), avg_t: 234.38 us
[tuning] SMs 68, NVL chunk 56: 383.32 GB/s (NVL), avg_t: 235.13 us
[tuning] SMs 68, NVL chunk 58: 379.73 GB/s (NVL), avg_t: 237.35 us
[tuning] SMs 68, NVL chunk 60: 376.26 GB/s (NVL), avg_t: 239.54 us
[tuning] SMs 68, NVL chunk 62: 375.14 GB/s (NVL), avg_t: 240.25 us
[tuning] SMs 68, NVL chunk 64: 372.36 GB/s (NVL), avg_t: 242.04 us
[tuning] Best combine: SMs 68, NVL chunk 18: 439.62 GB/s (NVL), t: 205.02 us


[config] num_tokens=4096, hidden=2048, num_topk=8
[layout] Kernel performance: 0.048 ms

[testing] Running with BF16, without top-k (async=False, previous=False) ... passed
[testing] Running with BF16, with top-k (async=False, previous=False) ... passed
[testing] Running with BF16, without top-k (async=False, previous=False) ... passed
[testing] Running with BF16, with top-k (async=False, previous=False) ... passed
[testing] Running with FP8, without top-k (async=False, previous=False) ... passed
[testing] Running with FP8, with top-k (async=False, previous=False) ... passed
[testing] Running with BF16, without top-k (async=True, previous=False) ... passed
[testing] Running with BF16, with top-k (async=True, previous=False) ... passed
[testing] Running with BF16, without top-k (async=True, previous=False) ... passed
[testing] Running with BF16, with top-k (async=True, previous=False) ... passed
[testing] Running with FP8, without top-k (async=True, previous=False) ... passed
[testing] Running with FP8, with top-k (async=True, previous=False) ... passed
[testing] Running with BF16, without top-k (async=False, previous=True) ... passed
[testing] Running with BF16, with top-k (async=False, previous=True) ... passed
[testing] Running with BF16, without top-k (async=False, previous=True) ... passed
[testing] Running with BF16, with top-k (async=False, previous=True) ... passed
[testing] Running with FP8, without top-k (async=False, previous=True) ... passed
[testing] Running with FP8, with top-k (async=False, previous=True) ... passed
[testing] Running with BF16, without top-k (async=True, previous=True) ... passed
[testing] Running with BF16, with top-k (async=True, previous=True) ... passed
[testing] Running with BF16, without top-k (async=True, previous=True) ... passed
[testing] Running with BF16, with top-k (async=True, previous=True) ... passed
[testing] Running with FP8, without top-k (async=True, previous=True) ... passed
[testing] Running with FP8, with top-k (async=True, previous=True) ... passed

[tuning] SMs 70, NVL chunk 10: 379.96 GB/s (NVL), avg_t: 236.07 us
[tuning] SMs 70, NVL chunk 12: 424.87 GB/s (NVL), avg_t: 211.12 us
[tuning] SMs 70, NVL chunk 14: 451.09 GB/s (NVL), avg_t: 198.85 us
[tuning] SMs 70, NVL chunk 16: 459.00 GB/s (NVL), avg_t: 195.42 us
[tuning] SMs 70, NVL chunk 18: 462.19 GB/s (NVL), avg_t: 194.07 us
[tuning] SMs 70, NVL chunk 20: 460.02 GB/s (NVL), avg_t: 194.99 us
[tuning] SMs 70, NVL chunk 22: 458.49 GB/s (NVL), avg_t: 195.64 us
[tuning] SMs 70, NVL chunk 24: 455.81 GB/s (NVL), avg_t: 196.79 us
[tuning] SMs 70, NVL chunk 26: 443.14 GB/s (NVL), avg_t: 202.41 us
[tuning] SMs 70, NVL chunk 28: 442.96 GB/s (NVL), avg_t: 202.50 us
[tuning] SMs 70, NVL chunk 30: 448.39 GB/s (NVL), avg_t: 200.05 us
[tuning] SMs 70, NVL chunk 32: 448.90 GB/s (NVL), avg_t: 199.82 us
[tuning] SMs 70, NVL chunk 34: 445.18 GB/s (NVL), avg_t: 201.49 us
[tuning] SMs 70, NVL chunk 36: 440.25 GB/s (NVL), avg_t: 203.75 us
[tuning] SMs 70, NVL chunk 38: 435.06 GB/s (NVL), avg_t: 206.17 us
[tuning] SMs 70, NVL chunk 40: 435.25 GB/s (NVL), avg_t: 206.08 us
[tuning] SMs 70, NVL chunk 42: 439.26 GB/s (NVL), avg_t: 204.20 us
[tuning] SMs 70, NVL chunk 44: 438.40 GB/s (NVL), avg_t: 204.60 us
[tuning] SMs 70, NVL chunk 46: 444.02 GB/s (NVL), avg_t: 202.01 us
[tuning] SMs 70, NVL chunk 48: 446.04 GB/s (NVL), avg_t: 201.10 us
[tuning] SMs 70, NVL chunk 50: 439.98 GB/s (NVL), avg_t: 203.87 us
[tuning] SMs 70, NVL chunk 52: 436.99 GB/s (NVL), avg_t: 205.26 us
[tuning] SMs 70, NVL chunk 54: 432.72 GB/s (NVL), avg_t: 207.29 us
[tuning] SMs 70, NVL chunk 56: 427.63 GB/s (NVL), avg_t: 209.76 us
[tuning] SMs 70, NVL chunk 58: 423.57 GB/s (NVL), avg_t: 211.77 us
[tuning] SMs 70, NVL chunk 60: 420.53 GB/s (NVL), avg_t: 213.30 us
[tuning] SMs 70, NVL chunk 62: 415.98 GB/s (NVL), avg_t: 215.63 us
[tuning] SMs 70, NVL chunk 64: 412.87 GB/s (NVL), avg_t: 217.25 us
[tuning] Best dispatch (BF16): SMs 70, NVL chunk 18, 462.19 GB/s (NVL), t: 194.07 us

[tuning] SMs 70, NVL chunk 10: 367.20 GB/s (NVL), avg_t: 244.28 us
[tuning] SMs 70, NVL chunk 12: 397.13 GB/s (NVL), avg_t: 225.87 us
[tuning] SMs 70, NVL chunk 14: 412.84 GB/s (NVL), avg_t: 217.27 us
[tuning] SMs 70, NVL chunk 16: 417.80 GB/s (NVL), avg_t: 214.69 us
[tuning] SMs 70, NVL chunk 18: 420.63 GB/s (NVL), avg_t: 213.25 us
[tuning] SMs 70, NVL chunk 20: 416.27 GB/s (NVL), avg_t: 215.48 us
[tuning] SMs 70, NVL chunk 22: 406.70 GB/s (NVL), avg_t: 220.55 us
[tuning] SMs 70, NVL chunk 24: 402.56 GB/s (NVL), avg_t: 222.82 us
[tuning] SMs 70, NVL chunk 26: 401.88 GB/s (NVL), avg_t: 223.20 us
[tuning] SMs 70, NVL chunk 28: 402.78 GB/s (NVL), avg_t: 222.70 us
[tuning] SMs 70, NVL chunk 30: 395.71 GB/s (NVL), avg_t: 226.67 us
[tuning] SMs 70, NVL chunk 32: 393.92 GB/s (NVL), avg_t: 227.71 us
[tuning] SMs 70, NVL chunk 34: 389.35 GB/s (NVL), avg_t: 230.38 us
[tuning] SMs 70, NVL chunk 36: 387.09 GB/s (NVL), avg_t: 231.72 us
[tuning] SMs 70, NVL chunk 38: 383.47 GB/s (NVL), avg_t: 233.91 us
[tuning] SMs 70, NVL chunk 40: 381.03 GB/s (NVL), avg_t: 235.41 us
[tuning] SMs 70, NVL chunk 42: 375.31 GB/s (NVL), avg_t: 239.00 us
[tuning] SMs 70, NVL chunk 44: 377.71 GB/s (NVL), avg_t: 237.48 us
[tuning] SMs 70, NVL chunk 46: 373.12 GB/s (NVL), avg_t: 240.40 us
[tuning] SMs 70, NVL chunk 48: 370.78 GB/s (NVL), avg_t: 241.92 us
[tuning] SMs 70, NVL chunk 50: 373.66 GB/s (NVL), avg_t: 240.05 us
[tuning] SMs 70, NVL chunk 52: 370.26 GB/s (NVL), avg_t: 242.25 us
[tuning] SMs 70, NVL chunk 54: 367.55 GB/s (NVL), avg_t: 244.04 us
[tuning] SMs 70, NVL chunk 56: 369.01 GB/s (NVL), avg_t: 243.08 us
[tuning] SMs 70, NVL chunk 58: 365.57 GB/s (NVL), avg_t: 245.37 us
[tuning] SMs 70, NVL chunk 60: 362.62 GB/s (NVL), avg_t: 247.36 us
[tuning] SMs 70, NVL chunk 62: 359.65 GB/s (NVL), avg_t: 249.40 us
[tuning] SMs 70, NVL chunk 64: 357.48 GB/s (NVL), avg_t: 250.92 us
[tuning] Best combine: SMs 70, NVL chunk 18: 420.63 GB/s (NVL), t: 213.25 us


[config] num_tokens=4096, hidden=2048, num_topk=8
[layout] Kernel performance: 0.047 ms

[testing] Running with BF16, without top-k (async=False, previous=False) ... passed
[testing] Running with BF16, with top-k (async=False, previous=False) ... passed
[testing] Running with BF16, without top-k (async=False, previous=False) ... passed
[testing] Running with BF16, with top-k (async=False, previous=False) ... passed
[testing] Running with FP8, without top-k (async=False, previous=False) ... passed
[testing] Running with FP8, with top-k (async=False, previous=False) ... passed
[testing] Running with BF16, without top-k (async=True, previous=False) ... passed
[testing] Running with BF16, with top-k (async=True, previous=False) ... passed
[testing] Running with BF16, without top-k (async=True, previous=False) ... passed
[testing] Running with BF16, with top-k (async=True, previous=False) ... passed
[testing] Running with FP8, without top-k (async=True, previous=False) ... passed
[testing] Running with FP8, with top-k (async=True, previous=False) ... passed
[testing] Running with BF16, without top-k (async=False, previous=True) ... passed
[testing] Running with BF16, with top-k (async=False, previous=True) ... passed
[testing] Running with BF16, without top-k (async=False, previous=True) ... passed
[testing] Running with BF16, with top-k (async=False, previous=True) ... passed
[testing] Running with FP8, without top-k (async=False, previous=True) ... passed
[testing] Running with FP8, with top-k (async=False, previous=True) ... passed
[testing] Running with BF16, without top-k (async=True, previous=True) ... passed
[testing] Running with BF16, with top-k (async=True, previous=True) ... passed
[testing] Running with BF16, without top-k (async=True, previous=True) ... passed
[testing] Running with BF16, with top-k (async=True, previous=True) ... passed
[testing] Running with FP8, without top-k (async=True, previous=True) ... passed
[testing] Running with FP8, with top-k (async=True, previous=True) ... passed

[tuning] SMs 72, NVL chunk 10: 387.65 GB/s (NVL), avg_t: 231.76 us
[tuning] SMs 72, NVL chunk 12: 430.83 GB/s (NVL), avg_t: 208.53 us
[tuning] SMs 72, NVL chunk 14: 456.13 GB/s (NVL), avg_t: 196.96 us
[tuning] SMs 72, NVL chunk 16: 465.58 GB/s (NVL), avg_t: 192.97 us
[tuning] SMs 72, NVL chunk 18: 462.92 GB/s (NVL), avg_t: 194.07 us
[tuning] SMs 72, NVL chunk 20: 462.21 GB/s (NVL), avg_t: 194.37 us
[tuning] SMs 72, NVL chunk 22: 459.87 GB/s (NVL), avg_t: 195.36 us
[tuning] SMs 72, NVL chunk 24: 457.90 GB/s (NVL), avg_t: 196.21 us
[tuning] SMs 72, NVL chunk 26: 450.42 GB/s (NVL), avg_t: 199.46 us
[tuning] SMs 72, NVL chunk 28: 451.47 GB/s (NVL), avg_t: 199.00 us
[tuning] SMs 72, NVL chunk 30: 458.18 GB/s (NVL), avg_t: 196.08 us
[tuning] SMs 72, NVL chunk 32: 457.15 GB/s (NVL), avg_t: 196.53 us
[tuning] SMs 72, NVL chunk 34: 451.17 GB/s (NVL), avg_t: 199.13 us
[tuning] SMs 72, NVL chunk 36: 444.15 GB/s (NVL), avg_t: 202.28 us
[tuning] SMs 72, NVL chunk 38: 442.08 GB/s (NVL), avg_t: 203.22 us
[tuning] SMs 72, NVL chunk 40: 446.27 GB/s (NVL), avg_t: 201.32 us
[tuning] SMs 72, NVL chunk 42: 449.32 GB/s (NVL), avg_t: 199.95 us
[tuning] SMs 72, NVL chunk 44: 448.57 GB/s (NVL), avg_t: 200.29 us
[tuning] SMs 72, NVL chunk 46: 452.21 GB/s (NVL), avg_t: 198.67 us
[tuning] SMs 72, NVL chunk 48: 449.63 GB/s (NVL), avg_t: 199.81 us
[tuning] SMs 72, NVL chunk 50: 444.63 GB/s (NVL), avg_t: 202.06 us
[tuning] SMs 72, NVL chunk 52: 439.13 GB/s (NVL), avg_t: 204.59 us
[tuning] SMs 72, NVL chunk 54: 433.95 GB/s (NVL), avg_t: 207.03 us
[tuning] SMs 72, NVL chunk 56: 431.13 GB/s (NVL), avg_t: 208.39 us
[tuning] SMs 72, NVL chunk 58: 426.76 GB/s (NVL), avg_t: 210.52 us
[tuning] SMs 72, NVL chunk 60: 423.01 GB/s (NVL), avg_t: 212.38 us
[tuning] SMs 72, NVL chunk 62: 420.30 GB/s (NVL), avg_t: 213.76 us
[tuning] SMs 72, NVL chunk 64: 416.38 GB/s (NVL), avg_t: 215.77 us
[tuning] Best dispatch (BF16): SMs 72, NVL chunk 16, 465.58 GB/s (NVL), t: 192.97 us

[tuning] SMs 72, NVL chunk 10: 377.30 GB/s (NVL), avg_t: 238.12 us
[tuning] SMs 72, NVL chunk 12: 412.58 GB/s (NVL), avg_t: 217.76 us
[tuning] SMs 72, NVL chunk 14: 430.07 GB/s (NVL), avg_t: 208.90 us
[tuning] SMs 72, NVL chunk 16: 433.76 GB/s (NVL), avg_t: 207.12 us
[tuning] SMs 72, NVL chunk 18: 445.71 GB/s (NVL), avg_t: 201.57 us
[tuning] SMs 72, NVL chunk 20: 438.66 GB/s (NVL), avg_t: 204.81 us
[tuning] SMs 72, NVL chunk 22: 430.46 GB/s (NVL), avg_t: 208.71 us
[tuning] SMs 72, NVL chunk 24: 429.30 GB/s (NVL), avg_t: 209.27 us
[tuning] SMs 72, NVL chunk 26: 427.18 GB/s (NVL), avg_t: 210.31 us
[tuning] SMs 72, NVL chunk 28: 418.95 GB/s (NVL), avg_t: 214.45 us
[tuning] SMs 72, NVL chunk 30: 415.92 GB/s (NVL), avg_t: 216.01 us
[tuning] SMs 72, NVL chunk 32: 416.94 GB/s (NVL), avg_t: 215.48 us
[tuning] SMs 72, NVL chunk 34: 417.63 GB/s (NVL), avg_t: 215.12 us
[tuning] SMs 72, NVL chunk 36: 416.40 GB/s (NVL), avg_t: 215.76 us
[tuning] SMs 72, NVL chunk 38: 412.90 GB/s (NVL), avg_t: 217.59 us
[tuning] SMs 72, NVL chunk 40: 407.72 GB/s (NVL), avg_t: 220.35 us
[tuning] SMs 72, NVL chunk 42: 406.01 GB/s (NVL), avg_t: 221.28 us
[tuning] SMs 72, NVL chunk 44: 407.95 GB/s (NVL), avg_t: 220.22 us
[tuning] SMs 72, NVL chunk 46: 403.82 GB/s (NVL), avg_t: 222.48 us
[tuning] SMs 72, NVL chunk 48: 402.79 GB/s (NVL), avg_t: 223.05 us
[tuning] SMs 72, NVL chunk 50: 402.97 GB/s (NVL), avg_t: 222.95 us
[tuning] SMs 72, NVL chunk 52: 400.96 GB/s (NVL), avg_t: 224.06 us
[tuning] SMs 72, NVL chunk 54: 398.02 GB/s (NVL), avg_t: 225.72 us
[tuning] SMs 72, NVL chunk 56: 396.82 GB/s (NVL), avg_t: 226.41 us
[tuning] SMs 72, NVL chunk 58: 394.36 GB/s (NVL), avg_t: 227.82 us
[tuning] SMs 72, NVL chunk 60: 391.14 GB/s (NVL), avg_t: 229.69 us
[tuning] SMs 72, NVL chunk 62: 389.86 GB/s (NVL), avg_t: 230.45 us
[tuning] SMs 72, NVL chunk 64: 385.96 GB/s (NVL), avg_t: 232.77 us
[tuning] Best combine: SMs 72, NVL chunk 18: 445.71 GB/s (NVL), t: 201.57 us


[config] num_tokens=4096, hidden=2048, num_topk=8
[layout] Kernel performance: 0.047 ms

[testing] Running with BF16, without top-k (async=False, previous=False) ... passed
[testing] Running with BF16, with top-k (async=False, previous=False) ... passed
[testing] Running with BF16, without top-k (async=False, previous=False) ... passed
[testing] Running with BF16, with top-k (async=False, previous=False) ... passed
[testing] Running with FP8, without top-k (async=False, previous=False) ... passed
[testing] Running with FP8, with top-k (async=False, previous=False) ... passed
[testing] Running with BF16, without top-k (async=True, previous=False) ... passed
[testing] Running with BF16, with top-k (async=True, previous=False) ... passed
[testing] Running with BF16, without top-k (async=True, previous=False) ... passed
[testing] Running with BF16, with top-k (async=True, previous=False) ... passed
[testing] Running with FP8, without top-k (async=True, previous=False) ... passed
[testing] Running with FP8, with top-k (async=True, previous=False) ... passed
[testing] Running with BF16, without top-k (async=False, previous=True) ... passed
[testing] Running with BF16, with top-k (async=False, previous=True) ... passed
[testing] Running with BF16, without top-k (async=False, previous=True) ... passed
[testing] Running with BF16, with top-k (async=False, previous=True) ... passed
[testing] Running with FP8, without top-k (async=False, previous=True) ... passed
[testing] Running with FP8, with top-k (async=False, previous=True) ... passed
[testing] Running with BF16, without top-k (async=True, previous=True) ... passed
[testing] Running with BF16, with top-k (async=True, previous=True) ... passed
[testing] Running with BF16, without top-k (async=True, previous=True) ... passed
[testing] Running with BF16, with top-k (async=True, previous=True) ... passed
[testing] Running with FP8, without top-k (async=True, previous=True) ... passed
[testing] Running with FP8, with top-k (async=True, previous=True) ... passed

[tuning] SMs 74, NVL chunk 10: 393.09 GB/s (NVL), avg_t: 227.66 us
[tuning] SMs 74, NVL chunk 12: 434.51 GB/s (NVL), avg_t: 205.96 us
[tuning] SMs 74, NVL chunk 14: 459.86 GB/s (NVL), avg_t: 194.60 us
[tuning] SMs 74, NVL chunk 16: 468.60 GB/s (NVL), avg_t: 190.97 us
[tuning] SMs 74, NVL chunk 18: 465.61 GB/s (NVL), avg_t: 192.20 us
[tuning] SMs 74, NVL chunk 20: 466.29 GB/s (NVL), avg_t: 191.92 us
[tuning] SMs 74, NVL chunk 22: 463.78 GB/s (NVL), avg_t: 192.95 us
[tuning] SMs 74, NVL chunk 24: 460.48 GB/s (NVL), avg_t: 194.34 us
[tuning] SMs 74, NVL chunk 26: 451.29 GB/s (NVL), avg_t: 198.30 us
[tuning] SMs 74, NVL chunk 28: 454.63 GB/s (NVL), avg_t: 196.84 us
[tuning] SMs 74, NVL chunk 30: 460.36 GB/s (NVL), avg_t: 194.39 us
[tuning] SMs 74, NVL chunk 32: 457.28 GB/s (NVL), avg_t: 195.70 us
[tuning] SMs 74, NVL chunk 34: 453.65 GB/s (NVL), avg_t: 197.26 us
[tuning] SMs 74, NVL chunk 36: 447.59 GB/s (NVL), avg_t: 199.93 us
[tuning] SMs 74, NVL chunk 38: 447.68 GB/s (NVL), avg_t: 199.90 us
[tuning] SMs 74, NVL chunk 40: 448.84 GB/s (NVL), avg_t: 199.38 us
[tuning] SMs 74, NVL chunk 42: 454.44 GB/s (NVL), avg_t: 196.92 us
[tuning] SMs 74, NVL chunk 44: 453.72 GB/s (NVL), avg_t: 197.24 us
[tuning] SMs 74, NVL chunk 46: 455.95 GB/s (NVL), avg_t: 196.27 us
[tuning] SMs 74, NVL chunk 48: 451.60 GB/s (NVL), avg_t: 198.16 us
[tuning] SMs 74, NVL chunk 50: 446.74 GB/s (NVL), avg_t: 200.32 us
[tuning] SMs 74, NVL chunk 52: 441.01 GB/s (NVL), avg_t: 202.92 us
[tuning] SMs 74, NVL chunk 54: 436.67 GB/s (NVL), avg_t: 204.93 us
[tuning] SMs 74, NVL chunk 56: 431.97 GB/s (NVL), avg_t: 207.17 us
[tuning] SMs 74, NVL chunk 58: 427.89 GB/s (NVL), avg_t: 209.14 us
[tuning] SMs 74, NVL chunk 60: 424.24 GB/s (NVL), avg_t: 210.94 us
[tuning] SMs 74, NVL chunk 62: 421.87 GB/s (NVL), avg_t: 212.13 us
[tuning] SMs 74, NVL chunk 64: 415.37 GB/s (NVL), avg_t: 215.44 us
[tuning] Best dispatch (BF16): SMs 74, NVL chunk 16, 468.60 GB/s (NVL), t: 190.97 us

[tuning] SMs 74, NVL chunk 10: 377.67 GB/s (NVL), avg_t: 236.95 us
[tuning] SMs 74, NVL chunk 12: 410.89 GB/s (NVL), avg_t: 217.80 us
[tuning] SMs 74, NVL chunk 14: 424.36 GB/s (NVL), avg_t: 210.88 us
[tuning] SMs 74, NVL chunk 16: 420.29 GB/s (NVL), avg_t: 212.92 us
[tuning] SMs 74, NVL chunk 18: 420.04 GB/s (NVL), avg_t: 213.05 us
[tuning] SMs 74, NVL chunk 20: 413.18 GB/s (NVL), avg_t: 216.59 us
[tuning] SMs 74, NVL chunk 22: 411.31 GB/s (NVL), avg_t: 217.57 us
[tuning] SMs 74, NVL chunk 24: 405.49 GB/s (NVL), avg_t: 220.69 us
[tuning] SMs 74, NVL chunk 26: 405.14 GB/s (NVL), avg_t: 220.89 us
[tuning] SMs 74, NVL chunk 28: 403.72 GB/s (NVL), avg_t: 221.66 us
[tuning] SMs 74, NVL chunk 30: 400.81 GB/s (NVL), avg_t: 223.27 us
[tuning] SMs 74, NVL chunk 32: 396.58 GB/s (NVL), avg_t: 225.65 us
[tuning] SMs 74, NVL chunk 34: 402.14 GB/s (NVL), avg_t: 222.54 us
[tuning] SMs 74, NVL chunk 36: 400.40 GB/s (NVL), avg_t: 223.50 us
[tuning] SMs 74, NVL chunk 38: 395.26 GB/s (NVL), avg_t: 226.40 us
[tuning] SMs 74, NVL chunk 40: 392.95 GB/s (NVL), avg_t: 227.74 us
[tuning] SMs 74, NVL chunk 42: 391.53 GB/s (NVL), avg_t: 228.56 us
[tuning] SMs 74, NVL chunk 44: 390.27 GB/s (NVL), avg_t: 229.30 us
[tuning] SMs 74, NVL chunk 46: 385.85 GB/s (NVL), avg_t: 231.93 us
[tuning] SMs 74, NVL chunk 48: 386.97 GB/s (NVL), avg_t: 231.26 us
[tuning] SMs 74, NVL chunk 50: 382.83 GB/s (NVL), avg_t: 233.76 us
[tuning] SMs 74, NVL chunk 52: 381.94 GB/s (NVL), avg_t: 234.30 us
[tuning] SMs 74, NVL chunk 54: 380.20 GB/s (NVL), avg_t: 235.38 us
[tuning] SMs 74, NVL chunk 56: 377.75 GB/s (NVL), avg_t: 236.90 us
[tuning] SMs 74, NVL chunk 58: 375.61 GB/s (NVL), avg_t: 238.25 us
[tuning] SMs 74, NVL chunk 60: 374.00 GB/s (NVL), avg_t: 239.28 us
[tuning] SMs 74, NVL chunk 62: 372.12 GB/s (NVL), avg_t: 240.48 us
[tuning] SMs 74, NVL chunk 64: 371.79 GB/s (NVL), avg_t: 240.70 us
[tuning] Best combine: SMs 74, NVL chunk 14: 424.36 GB/s (NVL), t: 210.88 us


[config] num_tokens=4096, hidden=2048, num_topk=8
[layout] Kernel performance: 0.048 ms

[testing] Running with BF16, without top-k (async=False, previous=False) ... passed
[testing] Running with BF16, with top-k (async=False, previous=False) ... passed
[testing] Running with BF16, without top-k (async=False, previous=False) ... passed
[testing] Running with BF16, with top-k (async=False, previous=False) ... passed
[testing] Running with FP8, without top-k (async=False, previous=False) ... passed
[testing] Running with FP8, with top-k (async=False, previous=False) ... passed
[testing] Running with BF16, without top-k (async=True, previous=False) ... passed
[testing] Running with BF16, with top-k (async=True, previous=False) ... passed
[testing] Running with BF16, without top-k (async=True, previous=False) ... passed
[testing] Running with BF16, with top-k (async=True, previous=False) ... passed
[testing] Running with FP8, without top-k (async=True, previous=False) ... passed
[testing] Running with FP8, with top-k (async=True, previous=False) ... passed
[testing] Running with BF16, without top-k (async=False, previous=True) ... passed
[testing] Running with BF16, with top-k (async=False, previous=True) ... passed
[testing] Running with BF16, without top-k (async=False, previous=True) ... passed
[testing] Running with BF16, with top-k (async=False, previous=True) ... passed
[testing] Running with FP8, without top-k (async=False, previous=True) ... passed
[testing] Running with FP8, with top-k (async=False, previous=True) ... passed
[testing] Running with BF16, without top-k (async=True, previous=True) ... passed
[testing] Running with BF16, with top-k (async=True, previous=True) ... passed
[testing] Running with BF16, without top-k (async=True, previous=True) ... passed
[testing] Running with BF16, with top-k (async=True, previous=True) ... passed
[testing] Running with FP8, without top-k (async=True, previous=True) ... passed
[testing] Running with FP8, with top-k (async=True, previous=True) ... passed

[tuning] SMs 76, NVL chunk 10: 400.21 GB/s (NVL), avg_t: 223.10 us
[tuning] SMs 76, NVL chunk 12: 439.71 GB/s (NVL), avg_t: 203.05 us
[tuning] SMs 76, NVL chunk 14: 463.68 GB/s (NVL), avg_t: 192.56 us
[tuning] SMs 76, NVL chunk 16: 468.39 GB/s (NVL), avg_t: 190.62 us
[tuning] SMs 76, NVL chunk 18: 462.88 GB/s (NVL), avg_t: 192.89 us
[tuning] SMs 76, NVL chunk 20: 459.17 GB/s (NVL), avg_t: 194.45 us
[tuning] SMs 76, NVL chunk 22: 458.83 GB/s (NVL), avg_t: 194.59 us
[tuning] SMs 76, NVL chunk 24: 461.87 GB/s (NVL), avg_t: 193.31 us
[tuning] SMs 76, NVL chunk 26: 459.63 GB/s (NVL), avg_t: 194.25 us
[tuning] SMs 76, NVL chunk 28: 460.77 GB/s (NVL), avg_t: 193.77 us
[tuning] SMs 76, NVL chunk 30: 459.82 GB/s (NVL), avg_t: 194.17 us
[tuning] SMs 76, NVL chunk 32: 457.93 GB/s (NVL), avg_t: 194.97 us
[tuning] SMs 76, NVL chunk 34: 452.83 GB/s (NVL), avg_t: 197.17 us
[tuning] SMs 76, NVL chunk 36: 447.83 GB/s (NVL), avg_t: 199.37 us
[tuning] SMs 76, NVL chunk 38: 449.59 GB/s (NVL), avg_t: 198.59 us
[tuning] SMs 76, NVL chunk 40: 455.61 GB/s (NVL), avg_t: 195.97 us
[tuning] SMs 76, NVL chunk 42: 461.48 GB/s (NVL), avg_t: 193.48 us
[tuning] SMs 76, NVL chunk 44: 459.54 GB/s (NVL), avg_t: 194.29 us
[tuning] SMs 76, NVL chunk 46: 454.38 GB/s (NVL), avg_t: 196.50 us
[tuning] SMs 76, NVL chunk 48: 451.09 GB/s (NVL), avg_t: 197.93 us
[tuning] SMs 76, NVL chunk 50: 446.65 GB/s (NVL), avg_t: 199.90 us
[tuning] SMs 76, NVL chunk 52: 440.55 GB/s (NVL), avg_t: 202.67 us
[tuning] SMs 76, NVL chunk 54: 437.79 GB/s (NVL), avg_t: 203.94 us
[tuning] SMs 76, NVL chunk 56: 431.67 GB/s (NVL), avg_t: 206.84 us
[tuning] SMs 76, NVL chunk 58: 427.48 GB/s (NVL), avg_t: 208.86 us
[tuning] SMs 76, NVL chunk 60: 424.78 GB/s (NVL), avg_t: 210.19 us
[tuning] SMs 76, NVL chunk 62: 419.53 GB/s (NVL), avg_t: 212.82 us
[tuning] SMs 76, NVL chunk 64: 414.95 GB/s (NVL), avg_t: 215.17 us
[tuning] Best dispatch (BF16): SMs 76, NVL chunk 16, 468.39 GB/s (NVL), t: 190.62 us

[tuning] SMs 76, NVL chunk 10: 387.12 GB/s (NVL), avg_t: 230.64 us
[tuning] SMs 76, NVL chunk 12: 420.87 GB/s (NVL), avg_t: 212.14 us
[tuning] SMs 76, NVL chunk 14: 438.40 GB/s (NVL), avg_t: 203.66 us
[tuning] SMs 76, NVL chunk 16: 436.17 GB/s (NVL), avg_t: 204.70 us
[tuning] SMs 76, NVL chunk 18: 442.01 GB/s (NVL), avg_t: 202.00 us
[tuning] SMs 76, NVL chunk 20: 438.69 GB/s (NVL), avg_t: 203.52 us
[tuning] SMs 76, NVL chunk 22: 427.60 GB/s (NVL), avg_t: 208.80 us
[tuning] SMs 76, NVL chunk 24: 430.47 GB/s (NVL), avg_t: 207.41 us
[tuning] SMs 76, NVL chunk 26: 424.94 GB/s (NVL), avg_t: 210.11 us
[tuning] SMs 76, NVL chunk 28: 424.77 GB/s (NVL), avg_t: 210.20 us
[tuning] SMs 76, NVL chunk 30: 418.60 GB/s (NVL), avg_t: 213.29 us
[tuning] SMs 76, NVL chunk 32: 422.04 GB/s (NVL), avg_t: 211.55 us
[tuning] SMs 76, NVL chunk 34: 421.27 GB/s (NVL), avg_t: 211.94 us
[tuning] SMs 76, NVL chunk 36: 418.33 GB/s (NVL), avg_t: 213.43 us
[tuning] SMs 76, NVL chunk 38: 413.02 GB/s (NVL), avg_t: 216.18 us
[tuning] SMs 76, NVL chunk 40: 414.24 GB/s (NVL), avg_t: 215.54 us
[tuning] SMs 76, NVL chunk 42: 408.34 GB/s (NVL), avg_t: 218.65 us
[tuning] SMs 76, NVL chunk 44: 409.25 GB/s (NVL), avg_t: 218.16 us
[tuning] SMs 76, NVL chunk 46: 406.59 GB/s (NVL), avg_t: 219.59 us
[tuning] SMs 76, NVL chunk 48: 403.63 GB/s (NVL), avg_t: 221.20 us
[tuning] SMs 76, NVL chunk 50: 400.89 GB/s (NVL), avg_t: 222.72 us
[tuning] SMs 76, NVL chunk 52: 402.20 GB/s (NVL), avg_t: 221.99 us
[tuning] SMs 76, NVL chunk 54: 398.84 GB/s (NVL), avg_t: 223.86 us
[tuning] SMs 76, NVL chunk 56: 395.39 GB/s (NVL), avg_t: 225.81 us
[tuning] SMs 76, NVL chunk 58: 391.86 GB/s (NVL), avg_t: 227.85 us
[tuning] SMs 76, NVL chunk 60: 391.90 GB/s (NVL), avg_t: 227.83 us
[tuning] SMs 76, NVL chunk 62: 388.65 GB/s (NVL), avg_t: 229.73 us
[tuning] SMs 76, NVL chunk 64: 385.74 GB/s (NVL), avg_t: 231.46 us
[tuning] Best combine: SMs 76, NVL chunk 18: 442.01 GB/s (NVL), t: 202.00 us


[config] num_tokens=4096, hidden=2048, num_topk=8
[layout] Kernel performance: 0.047 ms

[testing] Running with BF16, without top-k (async=False, previous=False) ... passed
[testing] Running with BF16, with top-k (async=False, previous=False) ... passed
[testing] Running with BF16, without top-k (async=False, previous=False) ... passed
[testing] Running with BF16, with top-k (async=False, previous=False) ... passed
[testing] Running with FP8, without top-k (async=False, previous=False) ... passed
[testing] Running with FP8, with top-k (async=False, previous=False) ... passed
[testing] Running with BF16, without top-k (async=True, previous=False) ... passed
[testing] Running with BF16, with top-k (async=True, previous=False) ... passed
[testing] Running with BF16, without top-k (async=True, previous=False) ... passed
[testing] Running with BF16, with top-k (async=True, previous=False) ... passed
[testing] Running with FP8, without top-k (async=True, previous=False) ... passed
[testing] Running with FP8, with top-k (async=True, previous=False) ... passed
[testing] Running with BF16, without top-k (async=False, previous=True) ... passed
[testing] Running with BF16, with top-k (async=False, previous=True) ... passed
[testing] Running with BF16, without top-k (async=False, previous=True) ... passed
[testing] Running with BF16, with top-k (async=False, previous=True) ... passed
[testing] Running with FP8, without top-k (async=False, previous=True) ... passed
[testing] Running with FP8, with top-k (async=False, previous=True) ... passed
[testing] Running with BF16, without top-k (async=True, previous=True) ... passed
[testing] Running with BF16, with top-k (async=True, previous=True) ... passed
[testing] Running with BF16, without top-k (async=True, previous=True) ... passed
[testing] Running with BF16, with top-k (async=True, previous=True) ... passed
[testing] Running with FP8, without top-k (async=True, previous=True) ... passed
[testing] Running with FP8, with top-k (async=True, previous=True) ... passed

[tuning] SMs 78, NVL chunk 10: 405.74 GB/s (NVL), avg_t: 221.42 us
[tuning] SMs 78, NVL chunk 12: 443.65 GB/s (NVL), avg_t: 202.51 us
[tuning] SMs 78, NVL chunk 14: 468.29 GB/s (NVL), avg_t: 191.85 us
[tuning] SMs 78, NVL chunk 16: 473.59 GB/s (NVL), avg_t: 189.70 us
[tuning] SMs 78, NVL chunk 18: 466.78 GB/s (NVL), avg_t: 192.47 us
[tuning] SMs 78, NVL chunk 20: 465.54 GB/s (NVL), avg_t: 192.99 us
[tuning] SMs 78, NVL chunk 22: 462.80 GB/s (NVL), avg_t: 194.13 us
[tuning] SMs 78, NVL chunk 24: 464.06 GB/s (NVL), avg_t: 193.60 us
[tuning] SMs 78, NVL chunk 26: 464.70 GB/s (NVL), avg_t: 193.33 us
[tuning] SMs 78, NVL chunk 28: 465.68 GB/s (NVL), avg_t: 192.93 us
[tuning] SMs 78, NVL chunk 30: 466.38 GB/s (NVL), avg_t: 192.64 us
[tuning] SMs 78, NVL chunk 32: 460.21 GB/s (NVL), avg_t: 195.22 us
[tuning] SMs 78, NVL chunk 34: 455.15 GB/s (NVL), avg_t: 197.39 us
[tuning] SMs 78, NVL chunk 36: 451.63 GB/s (NVL), avg_t: 198.93 us
[tuning] SMs 78, NVL chunk 38: 451.33 GB/s (NVL), avg_t: 199.06 us
[tuning] SMs 78, NVL chunk 40: 455.56 GB/s (NVL), avg_t: 197.21 us
[tuning] SMs 78, NVL chunk 42: 461.61 GB/s (NVL), avg_t: 194.63 us
[tuning] SMs 78, NVL chunk 44: 458.15 GB/s (NVL), avg_t: 196.10 us
[tuning] SMs 78, NVL chunk 46: 458.59 GB/s (NVL), avg_t: 195.91 us
[tuning] SMs 78, NVL chunk 48: 452.82 GB/s (NVL), avg_t: 198.40 us
[tuning] SMs 78, NVL chunk 50: 445.97 GB/s (NVL), avg_t: 201.45 us
[tuning] SMs 78, NVL chunk 52: 442.38 GB/s (NVL), avg_t: 203.09 us
[tuning] SMs 78, NVL chunk 54: 438.93 GB/s (NVL), avg_t: 204.68 us
[tuning] SMs 78, NVL chunk 56: 433.78 GB/s (NVL), avg_t: 207.12 us
[tuning] SMs 78, NVL chunk 58: 430.47 GB/s (NVL), avg_t: 208.70 us
[tuning] SMs 78, NVL chunk 60: 426.62 GB/s (NVL), avg_t: 210.59 us
[tuning] SMs 78, NVL chunk 62: 419.76 GB/s (NVL), avg_t: 214.03 us
[tuning] SMs 78, NVL chunk 64: 419.12 GB/s (NVL), avg_t: 214.36 us
[tuning] Best dispatch (BF16): SMs 78, NVL chunk 16, 473.59 GB/s (NVL), t: 189.70 us

[tuning] SMs 78, NVL chunk 10: 387.02 GB/s (NVL), avg_t: 232.14 us
[tuning] SMs 78, NVL chunk 12: 413.13 GB/s (NVL), avg_t: 217.47 us
[tuning] SMs 78, NVL chunk 14: 422.71 GB/s (NVL), avg_t: 212.54 us
[tuning] SMs 78, NVL chunk 16: 425.50 GB/s (NVL), avg_t: 211.14 us
[tuning] SMs 78, NVL chunk 18: 421.58 GB/s (NVL), avg_t: 213.11 us
[tuning] SMs 78, NVL chunk 20: 419.52 GB/s (NVL), avg_t: 214.15 us
[tuning] SMs 78, NVL chunk 22: 413.19 GB/s (NVL), avg_t: 217.43 us
[tuning] SMs 78, NVL chunk 24: 413.78 GB/s (NVL), avg_t: 217.13 us
[tuning] SMs 78, NVL chunk 26: 411.67 GB/s (NVL), avg_t: 218.24 us
[tuning] SMs 78, NVL chunk 28: 408.86 GB/s (NVL), avg_t: 219.74 us
[tuning] SMs 78, NVL chunk 30: 409.94 GB/s (NVL), avg_t: 219.16 us
[tuning] SMs 78, NVL chunk 32: 408.18 GB/s (NVL), avg_t: 220.10 us
[tuning] SMs 78, NVL chunk 34: 402.82 GB/s (NVL), avg_t: 223.03 us
[tuning] SMs 78, NVL chunk 36: 404.44 GB/s (NVL), avg_t: 222.14 us
[tuning] SMs 78, NVL chunk 38: 398.91 GB/s (NVL), avg_t: 225.22 us
[tuning] SMs 78, NVL chunk 40: 395.38 GB/s (NVL), avg_t: 227.23 us
[tuning] SMs 78, NVL chunk 42: 391.44 GB/s (NVL), avg_t: 229.52 us
[tuning] SMs 78, NVL chunk 44: 391.71 GB/s (NVL), avg_t: 229.36 us
[tuning] SMs 78, NVL chunk 46: 388.84 GB/s (NVL), avg_t: 231.05 us
[tuning] SMs 78, NVL chunk 48: 387.97 GB/s (NVL), avg_t: 231.57 us
[tuning] SMs 78, NVL chunk 50: 384.53 GB/s (NVL), avg_t: 233.64 us
[tuning] SMs 78, NVL chunk 52: 384.06 GB/s (NVL), avg_t: 233.93 us
[tuning] SMs 78, NVL chunk 54: 380.72 GB/s (NVL), avg_t: 235.98 us
[tuning] SMs 78, NVL chunk 56: 380.27 GB/s (NVL), avg_t: 236.26 us
[tuning] SMs 78, NVL chunk 58: 375.59 GB/s (NVL), avg_t: 239.20 us
[tuning] SMs 78, NVL chunk 60: 375.35 GB/s (NVL), avg_t: 239.35 us
[tuning] SMs 78, NVL chunk 62: 372.78 GB/s (NVL), avg_t: 241.00 us
[tuning] SMs 78, NVL chunk 64: 369.39 GB/s (NVL), avg_t: 243.22 us
[tuning] Best combine: SMs 78, NVL chunk 16: 425.50 GB/s (NVL), t: 211.14 us


[config] num_tokens=4096, hidden=2048, num_topk=8
[layout] Kernel performance: 0.048 ms

[testing] Running with BF16, without top-k (async=False, previous=False) ... passed
[testing] Running with BF16, with top-k (async=False, previous=False) ... passed
[testing] Running with BF16, without top-k (async=False, previous=False) ... passed
[testing] Running with BF16, with top-k (async=False, previous=False) ... passed
[testing] Running with FP8, without top-k (async=False, previous=False) ... passed
[testing] Running with FP8, with top-k (async=False, previous=False) ... passed
[testing] Running with BF16, without top-k (async=True, previous=False) ... passed
[testing] Running with BF16, with top-k (async=True, previous=False) ... passed
[testing] Running with BF16, without top-k (async=True, previous=False) ... passed
[testing] Running with BF16, with top-k (async=True, previous=False) ... passed
[testing] Running with FP8, without top-k (async=True, previous=False) ... passed
[testing] Running with FP8, with top-k (async=True, previous=False) ... passed
[testing] Running with BF16, without top-k (async=False, previous=True) ... passed
[testing] Running with BF16, with top-k (async=False, previous=True) ... passed
[testing] Running with BF16, without top-k (async=False, previous=True) ... passed
[testing] Running with BF16, with top-k (async=False, previous=True) ... passed
[testing] Running with FP8, without top-k (async=False, previous=True) ... passed
[testing] Running with FP8, with top-k (async=False, previous=True) ... passed
[testing] Running with BF16, without top-k (async=True, previous=True) ... passed
[testing] Running with BF16, with top-k (async=True, previous=True) ... passed
[testing] Running with BF16, without top-k (async=True, previous=True) ... passed
[testing] Running with BF16, with top-k (async=True, previous=True) ... passed
[testing] Running with FP8, without top-k (async=True, previous=True) ... passed
[testing] Running with FP8, with top-k (async=True, previous=True) ... passed

[tuning] SMs 80, NVL chunk 10: 408.75 GB/s (NVL), avg_t: 217.97 us
[tuning] SMs 80, NVL chunk 12: 444.80 GB/s (NVL), avg_t: 200.31 us
[tuning] SMs 80, NVL chunk 14: 467.13 GB/s (NVL), avg_t: 190.73 us
[tuning] SMs 80, NVL chunk 16: 466.48 GB/s (NVL), avg_t: 191.00 us
[tuning] SMs 80, NVL chunk 18: 463.14 GB/s (NVL), avg_t: 192.37 us
[tuning] SMs 80, NVL chunk 20: 462.32 GB/s (NVL), avg_t: 192.72 us
[tuning] SMs 80, NVL chunk 22: 462.45 GB/s (NVL), avg_t: 192.66 us
[tuning] SMs 80, NVL chunk 24: 462.14 GB/s (NVL), avg_t: 192.79 us
[tuning] SMs 80, NVL chunk 26: 466.40 GB/s (NVL), avg_t: 191.03 us
[tuning] SMs 80, NVL chunk 28: 465.27 GB/s (NVL), avg_t: 191.49 us
[tuning] SMs 80, NVL chunk 30: 464.09 GB/s (NVL), avg_t: 191.98 us
[tuning] SMs 80, NVL chunk 32: 457.78 GB/s (NVL), avg_t: 194.62 us
[tuning] SMs 80, NVL chunk 34: 454.41 GB/s (NVL), avg_t: 196.07 us
[tuning] SMs 80, NVL chunk 36: 452.89 GB/s (NVL), avg_t: 196.73 us
[tuning] SMs 80, NVL chunk 38: 456.07 GB/s (NVL), avg_t: 195.36 us
[tuning] SMs 80, NVL chunk 40: 461.34 GB/s (NVL), avg_t: 193.13 us
[tuning] SMs 80, NVL chunk 42: 463.24 GB/s (NVL), avg_t: 192.33 us
[tuning] SMs 80, NVL chunk 44: 456.33 GB/s (NVL), avg_t: 195.24 us
[tuning] SMs 80, NVL chunk 46: 455.09 GB/s (NVL), avg_t: 195.78 us
[tuning] SMs 80, NVL chunk 48: 450.82 GB/s (NVL), avg_t: 197.63 us
[tuning] SMs 80, NVL chunk 50: 443.99 GB/s (NVL), avg_t: 200.67 us
[tuning] SMs 80, NVL chunk 52: 440.96 GB/s (NVL), avg_t: 202.05 us
[tuning] SMs 80, NVL chunk 54: 436.87 GB/s (NVL), avg_t: 203.94 us
[tuning] SMs 80, NVL chunk 56: 433.30 GB/s (NVL), avg_t: 205.62 us
[tuning] SMs 80, NVL chunk 58: 427.49 GB/s (NVL), avg_t: 208.42 us
[tuning] SMs 80, NVL chunk 60: 421.77 GB/s (NVL), avg_t: 211.24 us
[tuning] SMs 80, NVL chunk 62: 419.41 GB/s (NVL), avg_t: 212.43 us
[tuning] SMs 80, NVL chunk 64: 416.76 GB/s (NVL), avg_t: 213.78 us
[tuning] Best dispatch (BF16): SMs 80, NVL chunk 14, 467.13 GB/s (NVL), t: 190.73 us

[tuning] SMs 80, NVL chunk 10: 398.77 GB/s (NVL), avg_t: 223.43 us
[tuning] SMs 80, NVL chunk 12: 423.29 GB/s (NVL), avg_t: 210.49 us
[tuning] SMs 80, NVL chunk 14: 435.58 GB/s (NVL), avg_t: 204.55 us
[tuning] SMs 80, NVL chunk 16: 442.52 GB/s (NVL), avg_t: 201.34 us
[tuning] SMs 80, NVL chunk 18: 441.74 GB/s (NVL), avg_t: 201.69 us
[tuning] SMs 80, NVL chunk 20: 434.73 GB/s (NVL), avg_t: 204.95 us
[tuning] SMs 80, NVL chunk 22: 430.19 GB/s (NVL), avg_t: 207.11 us
[tuning] SMs 80, NVL chunk 24: 428.74 GB/s (NVL), avg_t: 207.81 us
[tuning] SMs 80, NVL chunk 26: 432.13 GB/s (NVL), avg_t: 206.18 us
[tuning] SMs 80, NVL chunk 28: 423.00 GB/s (NVL), avg_t: 210.63 us
[tuning] SMs 80, NVL chunk 30: 428.55 GB/s (NVL), avg_t: 207.90 us
[tuning] SMs 80, NVL chunk 32: 423.89 GB/s (NVL), avg_t: 210.19 us
[tuning] SMs 80, NVL chunk 34: 421.13 GB/s (NVL), avg_t: 211.56 us
[tuning] SMs 80, NVL chunk 36: 422.78 GB/s (NVL), avg_t: 210.74 us
[tuning] SMs 80, NVL chunk 38: 419.49 GB/s (NVL), avg_t: 212.39 us
[tuning] SMs 80, NVL chunk 40: 413.83 GB/s (NVL), avg_t: 215.29 us
[tuning] SMs 80, NVL chunk 42: 410.89 GB/s (NVL), avg_t: 216.84 us
[tuning] SMs 80, NVL chunk 44: 411.85 GB/s (NVL), avg_t: 216.33 us
[tuning] SMs 80, NVL chunk 46: 406.49 GB/s (NVL), avg_t: 219.18 us
[tuning] SMs 80, NVL chunk 48: 405.92 GB/s (NVL), avg_t: 219.49 us
[tuning] SMs 80, NVL chunk 50: 403.56 GB/s (NVL), avg_t: 220.78 us
[tuning] SMs 80, NVL chunk 52: 403.87 GB/s (NVL), avg_t: 220.61 us
[tuning] SMs 80, NVL chunk 54: 399.40 GB/s (NVL), avg_t: 223.07 us
[tuning] SMs 80, NVL chunk 56: 398.91 GB/s (NVL), avg_t: 223.35 us
[tuning] SMs 80, NVL chunk 58: 392.93 GB/s (NVL), avg_t: 226.75 us
[tuning] SMs 80, NVL chunk 60: 392.29 GB/s (NVL), avg_t: 227.12 us
[tuning] SMs 80, NVL chunk 62: 388.80 GB/s (NVL), avg_t: 229.16 us
[tuning] SMs 80, NVL chunk 64: 385.98 GB/s (NVL), avg_t: 230.83 us
[tuning] Best combine: SMs 80, NVL chunk 16: 442.52 GB/s (NVL), t: 201.34 us


[config] num_tokens=4096, hidden=2048, num_topk=8
[layout] Kernel performance: 0.047 ms

[testing] Running with BF16, without top-k (async=False, previous=False) ... passed
[testing] Running with BF16, with top-k (async=False, previous=False) ... passed
[testing] Running with BF16, without top-k (async=False, previous=False) ... passed
[testing] Running with BF16, with top-k (async=False, previous=False) ... passed
[testing] Running with FP8, without top-k (async=False, previous=False) ... passed
[testing] Running with FP8, with top-k (async=False, previous=False) ... passed
[testing] Running with BF16, without top-k (async=True, previous=False) ... passed
[testing] Running with BF16, with top-k (async=True, previous=False) ... passed
[testing] Running with BF16, without top-k (async=True, previous=False) ... passed
[testing] Running with BF16, with top-k (async=True, previous=False) ... passed
[testing] Running with FP8, without top-k (async=True, previous=False) ... passed
[testing] Running with FP8, with top-k (async=True, previous=False) ... passed
[testing] Running with BF16, without top-k (async=False, previous=True) ... passed
[testing] Running with BF16, with top-k (async=False, previous=True) ... passed
[testing] Running with BF16, without top-k (async=False, previous=True) ... passed
[testing] Running with BF16, with top-k (async=False, previous=True) ... passed
[testing] Running with FP8, without top-k (async=False, previous=True) ... passed
[testing] Running with FP8, with top-k (async=False, previous=True) ... passed
[testing] Running with BF16, without top-k (async=True, previous=True) ... passed
[testing] Running with BF16, with top-k (async=True, previous=True) ... passed
[testing] Running with BF16, without top-k (async=True, previous=True) ... passed
[testing] Running with BF16, with top-k (async=True, previous=True) ... passed
[testing] Running with FP8, without top-k (async=True, previous=True) ... passed
[testing] Running with FP8, with top-k (async=True, previous=True) ... passed

[tuning] SMs 82, NVL chunk 10: 420.13 GB/s (NVL), avg_t: 214.45 us
[tuning] SMs 82, NVL chunk 12: 456.44 GB/s (NVL), avg_t: 197.39 us
[tuning] SMs 82, NVL chunk 14: 472.41 GB/s (NVL), avg_t: 190.72 us
[tuning] SMs 82, NVL chunk 16: 473.36 GB/s (NVL), avg_t: 190.33 us
[tuning] SMs 82, NVL chunk 18: 472.20 GB/s (NVL), avg_t: 190.80 us
[tuning] SMs 82, NVL chunk 20: 468.78 GB/s (NVL), avg_t: 192.19 us
[tuning] SMs 82, NVL chunk 22: 468.82 GB/s (NVL), avg_t: 192.18 us
[tuning] SMs 82, NVL chunk 24: 470.92 GB/s (NVL), avg_t: 191.32 us
[tuning] SMs 82, NVL chunk 26: 473.27 GB/s (NVL), avg_t: 190.37 us
[tuning] SMs 82, NVL chunk 28: 471.82 GB/s (NVL), avg_t: 190.95 us
[tuning] SMs 82, NVL chunk 30: 470.24 GB/s (NVL), avg_t: 191.60 us
[tuning] SMs 82, NVL chunk 32: 464.42 GB/s (NVL), avg_t: 194.00 us
[tuning] SMs 82, NVL chunk 34: 462.85 GB/s (NVL), avg_t: 194.66 us
[tuning] SMs 82, NVL chunk 36: 463.19 GB/s (NVL), avg_t: 194.51 us
[tuning] SMs 82, NVL chunk 38: 466.72 GB/s (NVL), avg_t: 193.04 us
[tuning] SMs 82, NVL chunk 40: 472.60 GB/s (NVL), avg_t: 190.64 us
[tuning] SMs 82, NVL chunk 42: 471.27 GB/s (NVL), avg_t: 191.18 us
[tuning] SMs 82, NVL chunk 44: 464.07 GB/s (NVL), avg_t: 194.14 us
[tuning] SMs 82, NVL chunk 46: 460.37 GB/s (NVL), avg_t: 195.70 us
[tuning] SMs 82, NVL chunk 48: 456.76 GB/s (NVL), avg_t: 197.25 us
[tuning] SMs 82, NVL chunk 50: 451.70 GB/s (NVL), avg_t: 199.46 us
[tuning] SMs 82, NVL chunk 52: 444.86 GB/s (NVL), avg_t: 202.52 us
[tuning] SMs 82, NVL chunk 54: 442.16 GB/s (NVL), avg_t: 203.76 us
[tuning] SMs 82, NVL chunk 56: 437.65 GB/s (NVL), avg_t: 205.86 us
[tuning] SMs 82, NVL chunk 58: 430.57 GB/s (NVL), avg_t: 209.25 us
[tuning] SMs 82, NVL chunk 60: 428.06 GB/s (NVL), avg_t: 210.47 us
[tuning] SMs 82, NVL chunk 62: 423.87 GB/s (NVL), avg_t: 212.56 us
[tuning] SMs 82, NVL chunk 64: 419.54 GB/s (NVL), avg_t: 214.75 us
[tuning] Best dispatch (BF16): SMs 82, NVL chunk 16, 473.36 GB/s (NVL), t: 190.33 us

[tuning] SMs 82, NVL chunk 10: 397.01 GB/s (NVL), avg_t: 226.93 us
[tuning] SMs 82, NVL chunk 12: 417.97 GB/s (NVL), avg_t: 215.56 us
[tuning] SMs 82, NVL chunk 14: 423.25 GB/s (NVL), avg_t: 212.87 us
[tuning] SMs 82, NVL chunk 16: 431.01 GB/s (NVL), avg_t: 209.03 us
[tuning] SMs 82, NVL chunk 18: 425.59 GB/s (NVL), avg_t: 211.70 us
[tuning] SMs 82, NVL chunk 20: 426.60 GB/s (NVL), avg_t: 211.19 us
[tuning] SMs 82, NVL chunk 22: 423.37 GB/s (NVL), avg_t: 212.81 us
[tuning] SMs 82, NVL chunk 24: 423.01 GB/s (NVL), avg_t: 212.99 us
[tuning] SMs 82, NVL chunk 26: 422.59 GB/s (NVL), avg_t: 213.20 us
[tuning] SMs 82, NVL chunk 28: 421.50 GB/s (NVL), avg_t: 213.75 us
[tuning] SMs 82, NVL chunk 30: 412.94 GB/s (NVL), avg_t: 218.18 us
[tuning] SMs 82, NVL chunk 32: 408.46 GB/s (NVL), avg_t: 220.57 us
[tuning] SMs 82, NVL chunk 34: 407.61 GB/s (NVL), avg_t: 221.03 us
[tuning] SMs 82, NVL chunk 36: 406.41 GB/s (NVL), avg_t: 221.69 us
[tuning] SMs 82, NVL chunk 38: 401.59 GB/s (NVL), avg_t: 224.35 us
[tuning] SMs 82, NVL chunk 40: 400.20 GB/s (NVL), avg_t: 225.13 us
[tuning] SMs 82, NVL chunk 42: 395.42 GB/s (NVL), avg_t: 227.85 us
[tuning] SMs 82, NVL chunk 44: 394.15 GB/s (NVL), avg_t: 228.58 us
[tuning] SMs 82, NVL chunk 46: 392.12 GB/s (NVL), avg_t: 229.76 us
[tuning] SMs 82, NVL chunk 48: 390.25 GB/s (NVL), avg_t: 230.87 us
[tuning] SMs 82, NVL chunk 50: 387.57 GB/s (NVL), avg_t: 232.46 us
[tuning] SMs 82, NVL chunk 52: 386.38 GB/s (NVL), avg_t: 233.18 us
[tuning] SMs 82, NVL chunk 54: 383.96 GB/s (NVL), avg_t: 234.65 us
[tuning] SMs 82, NVL chunk 56: 382.07 GB/s (NVL), avg_t: 235.81 us
[tuning] SMs 82, NVL chunk 58: 378.19 GB/s (NVL), avg_t: 238.23 us
[tuning] SMs 82, NVL chunk 60: 377.12 GB/s (NVL), avg_t: 238.90 us
[tuning] SMs 82, NVL chunk 62: 374.02 GB/s (NVL), avg_t: 240.89 us
[tuning] SMs 82, NVL chunk 64: 372.29 GB/s (NVL), avg_t: 242.00 us
[tuning] Best combine: SMs 82, NVL chunk 16: 431.01 GB/s (NVL), t: 209.03 us


[config] num_tokens=4096, hidden=2048, num_topk=8
[layout] Kernel performance: 0.048 ms

[testing] Running with BF16, without top-k (async=False, previous=False) ... passed
[testing] Running with BF16, with top-k (async=False, previous=False) ... passed
[testing] Running with BF16, without top-k (async=False, previous=False) ... passed
[testing] Running with BF16, with top-k (async=False, previous=False) ... passed
[testing] Running with FP8, without top-k (async=False, previous=False) ... passed
[testing] Running with FP8, with top-k (async=False, previous=False) ... passed
[testing] Running with BF16, without top-k (async=True, previous=False) ... passed
[testing] Running with BF16, with top-k (async=True, previous=False) ... passed
[testing] Running with BF16, without top-k (async=True, previous=False) ... passed
[testing] Running with BF16, with top-k (async=True, previous=False) ... passed
[testing] Running with FP8, without top-k (async=True, previous=False) ... passed
[testing] Running with FP8, with top-k (async=True, previous=False) ... passed
[testing] Running with BF16, without top-k (async=False, previous=True) ... passed
[testing] Running with BF16, with top-k (async=False, previous=True) ... passed
[testing] Running with BF16, without top-k (async=False, previous=True) ... passed
[testing] Running with BF16, with top-k (async=False, previous=True) ... passed
[testing] Running with FP8, without top-k (async=False, previous=True) ... passed
[testing] Running with FP8, with top-k (async=False, previous=True) ... passed
[testing] Running with BF16, without top-k (async=True, previous=True) ... passed
[testing] Running with BF16, with top-k (async=True, previous=True) ... passed
[testing] Running with BF16, without top-k (async=True, previous=True) ... passed
[testing] Running with BF16, with top-k (async=True, previous=True) ... passed
[testing] Running with FP8, without top-k (async=True, previous=True) ... passed
[testing] Running with FP8, with top-k (async=True, previous=True) ... passed

[tuning] SMs 84, NVL chunk 10: 419.52 GB/s (NVL), avg_t: 212.91 us
[tuning] SMs 84, NVL chunk 12: 451.69 GB/s (NVL), avg_t: 197.74 us
[tuning] SMs 84, NVL chunk 14: 464.72 GB/s (NVL), avg_t: 192.19 us
[tuning] SMs 84, NVL chunk 16: 465.04 GB/s (NVL), avg_t: 192.06 us
[tuning] SMs 84, NVL chunk 18: 467.66 GB/s (NVL), avg_t: 190.99 us
[tuning] SMs 84, NVL chunk 20: 465.96 GB/s (NVL), avg_t: 191.68 us
[tuning] SMs 84, NVL chunk 22: 466.57 GB/s (NVL), avg_t: 191.43 us
[tuning] SMs 84, NVL chunk 24: 468.67 GB/s (NVL), avg_t: 190.58 us
[tuning] SMs 84, NVL chunk 26: 473.76 GB/s (NVL), avg_t: 188.53 us
[tuning] SMs 84, NVL chunk 28: 471.69 GB/s (NVL), avg_t: 189.36 us
[tuning] SMs 84, NVL chunk 30: 465.40 GB/s (NVL), avg_t: 191.92 us
[tuning] SMs 84, NVL chunk 32: 464.25 GB/s (NVL), avg_t: 192.39 us
[tuning] SMs 84, NVL chunk 34: 462.80 GB/s (NVL), avg_t: 192.99 us
[tuning] SMs 84, NVL chunk 36: 467.51 GB/s (NVL), avg_t: 191.05 us
[tuning] SMs 84, NVL chunk 38: 469.66 GB/s (NVL), avg_t: 190.18 us
[tuning] SMs 84, NVL chunk 40: 468.03 GB/s (NVL), avg_t: 190.84 us
[tuning] SMs 84, NVL chunk 42: 463.65 GB/s (NVL), avg_t: 192.64 us
[tuning] SMs 84, NVL chunk 44: 462.81 GB/s (NVL), avg_t: 192.99 us
[tuning] SMs 84, NVL chunk 46: 455.80 GB/s (NVL), avg_t: 195.96 us
[tuning] SMs 84, NVL chunk 48: 451.93 GB/s (NVL), avg_t: 197.63 us
[tuning] SMs 84, NVL chunk 50: 446.92 GB/s (NVL), avg_t: 199.85 us
[tuning] SMs 84, NVL chunk 52: 445.69 GB/s (NVL), avg_t: 200.40 us
[tuning] SMs 84, NVL chunk 54: 439.24 GB/s (NVL), avg_t: 203.35 us
[tuning] SMs 84, NVL chunk 56: 431.13 GB/s (NVL), avg_t: 207.17 us
[tuning] SMs 84, NVL chunk 58: 428.75 GB/s (NVL), avg_t: 208.32 us
[tuning] SMs 84, NVL chunk 60: 426.51 GB/s (NVL), avg_t: 209.42 us
[tuning] SMs 84, NVL chunk 62: 423.10 GB/s (NVL), avg_t: 211.10 us
[tuning] SMs 84, NVL chunk 64: 418.50 GB/s (NVL), avg_t: 213.42 us
[tuning] Best dispatch (BF16): SMs 84, NVL chunk 26, 473.76 GB/s (NVL), t: 188.53 us

[tuning] SMs 84, NVL chunk 10: 398.83 GB/s (NVL), avg_t: 223.95 us
[tuning] SMs 84, NVL chunk 12: 425.19 GB/s (NVL), avg_t: 210.06 us
[tuning] SMs 84, NVL chunk 14: 438.14 GB/s (NVL), avg_t: 203.86 us
[tuning] SMs 84, NVL chunk 16: 445.65 GB/s (NVL), avg_t: 200.42 us
[tuning] SMs 84, NVL chunk 18: 438.66 GB/s (NVL), avg_t: 203.61 us
[tuning] SMs 84, NVL chunk 20: 436.30 GB/s (NVL), avg_t: 204.71 us
[tuning] SMs 84, NVL chunk 22: 441.56 GB/s (NVL), avg_t: 202.28 us
[tuning] SMs 84, NVL chunk 24: 441.73 GB/s (NVL), avg_t: 202.20 us
[tuning] SMs 84, NVL chunk 26: 439.70 GB/s (NVL), avg_t: 203.13 us
[tuning] SMs 84, NVL chunk 28: 432.27 GB/s (NVL), avg_t: 206.62 us
[tuning] SMs 84, NVL chunk 30: 426.94 GB/s (NVL), avg_t: 209.20 us
[tuning] SMs 84, NVL chunk 32: 422.69 GB/s (NVL), avg_t: 211.31 us
[tuning] SMs 84, NVL chunk 34: 422.01 GB/s (NVL), avg_t: 211.65 us
[tuning] SMs 84, NVL chunk 36: 420.77 GB/s (NVL), avg_t: 212.27 us
[tuning] SMs 84, NVL chunk 38: 416.25 GB/s (NVL), avg_t: 214.58 us
[tuning] SMs 84, NVL chunk 40: 416.78 GB/s (NVL), avg_t: 214.30 us
[tuning] SMs 84, NVL chunk 42: 413.29 GB/s (NVL), avg_t: 216.11 us
[tuning] SMs 84, NVL chunk 44: 409.71 GB/s (NVL), avg_t: 218.00 us
[tuning] SMs 84, NVL chunk 46: 405.06 GB/s (NVL), avg_t: 220.50 us
[tuning] SMs 84, NVL chunk 48: 406.37 GB/s (NVL), avg_t: 219.79 us
[tuning] SMs 84, NVL chunk 50: 402.19 GB/s (NVL), avg_t: 222.08 us
[tuning] SMs 84, NVL chunk 52: 398.44 GB/s (NVL), avg_t: 224.17 us
[tuning] SMs 84, NVL chunk 54: 398.44 GB/s (NVL), avg_t: 224.17 us
[tuning] SMs 84, NVL chunk 56: 396.69 GB/s (NVL), avg_t: 225.16 us
[tuning] SMs 84, NVL chunk 58: 393.93 GB/s (NVL), avg_t: 226.73 us
[tuning] SMs 84, NVL chunk 60: 389.85 GB/s (NVL), avg_t: 229.10 us
[tuning] SMs 84, NVL chunk 62: 387.17 GB/s (NVL), avg_t: 230.70 us
[tuning] SMs 84, NVL chunk 64: 387.01 GB/s (NVL), avg_t: 230.79 us
[tuning] Best combine: SMs 84, NVL chunk 16: 445.65 GB/s (NVL), t: 200.42 us


[config] num_tokens=4096, hidden=2048, num_topk=8
[layout] Kernel performance: 0.048 ms

[testing] Running with BF16, without top-k (async=False, previous=False) ... passed
[testing] Running with BF16, with top-k (async=False, previous=False) ... passed
[testing] Running with BF16, without top-k (async=False, previous=False) ... passed
[testing] Running with BF16, with top-k (async=False, previous=False) ... passed
[testing] Running with FP8, without top-k (async=False, previous=False) ... passed
[testing] Running with FP8, with top-k (async=False, previous=False) ... passed
[testing] Running with BF16, without top-k (async=True, previous=False) ... passed
[testing] Running with BF16, with top-k (async=True, previous=False) ... passed
[testing] Running with BF16, without top-k (async=True, previous=False) ... passed
[testing] Running with BF16, with top-k (async=True, previous=False) ... passed
[testing] Running with FP8, without top-k (async=True, previous=False) ... passed
[testing] Running with FP8, with top-k (async=True, previous=False) ... passed
[testing] Running with BF16, without top-k (async=False, previous=True) ... passed
[testing] Running with BF16, with top-k (async=False, previous=True) ... passed
[testing] Running with BF16, without top-k (async=False, previous=True) ... passed
[testing] Running with BF16, with top-k (async=False, previous=True) ... passed
[testing] Running with FP8, without top-k (async=False, previous=True) ... passed
[testing] Running with FP8, with top-k (async=False, previous=True) ... passed
[testing] Running with BF16, without top-k (async=True, previous=True) ... passed
[testing] Running with BF16, with top-k (async=True, previous=True) ... passed
[testing] Running with BF16, without top-k (async=True, previous=True) ... passed
[testing] Running with BF16, with top-k (async=True, previous=True) ... passed
[testing] Running with FP8, without top-k (async=True, previous=True) ... passed
[testing] Running with FP8, with top-k (async=True, previous=True) ... passed

[tuning] SMs 86, NVL chunk 10: 420.99 GB/s (NVL), avg_t: 211.53 us
[tuning] SMs 86, NVL chunk 12: 453.47 GB/s (NVL), avg_t: 196.38 us
[tuning] SMs 86, NVL chunk 14: 467.65 GB/s (NVL), avg_t: 190.42 us
[tuning] SMs 86, NVL chunk 16: 465.66 GB/s (NVL), avg_t: 191.23 us
[tuning] SMs 86, NVL chunk 18: 468.86 GB/s (NVL), avg_t: 189.93 us
[tuning] SMs 86, NVL chunk 20: 466.01 GB/s (NVL), avg_t: 191.09 us
[tuning] SMs 86, NVL chunk 22: 472.11 GB/s (NVL), avg_t: 188.62 us
[tuning] SMs 86, NVL chunk 24: 476.11 GB/s (NVL), avg_t: 187.04 us
[tuning] SMs 86, NVL chunk 26: 475.51 GB/s (NVL), avg_t: 187.27 us
[tuning] SMs 86, NVL chunk 28: 475.84 GB/s (NVL), avg_t: 187.15 us
[tuning] SMs 86, NVL chunk 30: 468.57 GB/s (NVL), avg_t: 190.05 us
[tuning] SMs 86, NVL chunk 32: 463.40 GB/s (NVL), avg_t: 192.17 us
[tuning] SMs 86, NVL chunk 34: 466.57 GB/s (NVL), avg_t: 190.86 us
[tuning] SMs 86, NVL chunk 36: 470.72 GB/s (NVL), avg_t: 189.18 us
[tuning] SMs 86, NVL chunk 38: 474.26 GB/s (NVL), avg_t: 187.77 us
[tuning] SMs 86, NVL chunk 40: 477.30 GB/s (NVL), avg_t: 186.57 us
[tuning] SMs 86, NVL chunk 42: 469.18 GB/s (NVL), avg_t: 189.80 us
[tuning] SMs 86, NVL chunk 44: 462.53 GB/s (NVL), avg_t: 192.53 us
[tuning] SMs 86, NVL chunk 46: 458.11 GB/s (NVL), avg_t: 194.39 us
[tuning] SMs 86, NVL chunk 48: 453.45 GB/s (NVL), avg_t: 196.38 us
[tuning] SMs 86, NVL chunk 50: 449.40 GB/s (NVL), avg_t: 198.16 us
[tuning] SMs 86, NVL chunk 52: 440.95 GB/s (NVL), avg_t: 201.95 us
[tuning] SMs 86, NVL chunk 54: 438.65 GB/s (NVL), avg_t: 203.01 us
[tuning] SMs 86, NVL chunk 56: 433.63 GB/s (NVL), avg_t: 205.36 us
[tuning] SMs 86, NVL chunk 58: 430.46 GB/s (NVL), avg_t: 206.88 us
[tuning] SMs 86, NVL chunk 60: 427.79 GB/s (NVL), avg_t: 208.17 us
[tuning] SMs 86, NVL chunk 62: 423.58 GB/s (NVL), avg_t: 210.24 us
[tuning] SMs 86, NVL chunk 64: 422.15 GB/s (NVL), avg_t: 210.95 us
[tuning] Best dispatch (BF16): SMs 86, NVL chunk 40, 477.30 GB/s (NVL), t: 186.57 us

[tuning] SMs 86, NVL chunk 10: 397.55 GB/s (NVL), avg_t: 224.00 us
[tuning] SMs 86, NVL chunk 12: 417.73 GB/s (NVL), avg_t: 213.18 us
[tuning] SMs 86, NVL chunk 14: 425.01 GB/s (NVL), avg_t: 209.53 us
[tuning] SMs 86, NVL chunk 16: 422.30 GB/s (NVL), avg_t: 210.87 us
[tuning] SMs 86, NVL chunk 18: 421.23 GB/s (NVL), avg_t: 211.41 us
[tuning] SMs 86, NVL chunk 20: 425.41 GB/s (NVL), avg_t: 209.33 us
[tuning] SMs 86, NVL chunk 22: 422.77 GB/s (NVL), avg_t: 210.64 us
[tuning] SMs 86, NVL chunk 24: 421.78 GB/s (NVL), avg_t: 211.13 us
[tuning] SMs 86, NVL chunk 26: 420.12 GB/s (NVL), avg_t: 211.97 us
[tuning] SMs 86, NVL chunk 28: 415.51 GB/s (NVL), avg_t: 214.32 us
[tuning] SMs 86, NVL chunk 30: 409.28 GB/s (NVL), avg_t: 217.58 us
[tuning] SMs 86, NVL chunk 32: 403.38 GB/s (NVL), avg_t: 220.76 us
[tuning] SMs 86, NVL chunk 34: 403.32 GB/s (NVL), avg_t: 220.80 us
[tuning] SMs 86, NVL chunk 36: 401.00 GB/s (NVL), avg_t: 222.07 us
[tuning] SMs 86, NVL chunk 38: 395.19 GB/s (NVL), avg_t: 225.34 us
[tuning] SMs 86, NVL chunk 40: 394.72 GB/s (NVL), avg_t: 225.60 us
[tuning] SMs 86, NVL chunk 42: 390.54 GB/s (NVL), avg_t: 228.02 us
[tuning] SMs 86, NVL chunk 44: 391.17 GB/s (NVL), avg_t: 227.65 us
[tuning] SMs 86, NVL chunk 46: 387.32 GB/s (NVL), avg_t: 229.92 us
[tuning] SMs 86, NVL chunk 48: 384.93 GB/s (NVL), avg_t: 231.34 us
[tuning] SMs 86, NVL chunk 50: 381.91 GB/s (NVL), avg_t: 233.18 us
[tuning] SMs 86, NVL chunk 52: 381.63 GB/s (NVL), avg_t: 233.34 us
[tuning] SMs 86, NVL chunk 54: 379.33 GB/s (NVL), avg_t: 234.76 us
[tuning] SMs 86, NVL chunk 56: 376.18 GB/s (NVL), avg_t: 236.73 us
[tuning] SMs 86, NVL chunk 58: 373.71 GB/s (NVL), avg_t: 238.29 us
[tuning] SMs 86, NVL chunk 60: 372.89 GB/s (NVL), avg_t: 238.81 us
[tuning] SMs 86, NVL chunk 62: 370.53 GB/s (NVL), avg_t: 240.34 us
[tuning] SMs 86, NVL chunk 64: 369.49 GB/s (NVL), avg_t: 241.01 us
[tuning] Best combine: SMs 86, NVL chunk 20: 425.41 GB/s (NVL), t: 209.33 us


[config] num_tokens=4096, hidden=2048, num_topk=8
[layout] Kernel performance: 0.047 ms

[testing] Running with BF16, without top-k (async=False, previous=False) ... passed
[testing] Running with BF16, with top-k (async=False, previous=False) ... passed
[testing] Running with BF16, without top-k (async=False, previous=False) ... passed
[testing] Running with BF16, with top-k (async=False, previous=False) ... passed
[testing] Running with FP8, without top-k (async=False, previous=False) ... passed
[testing] Running with FP8, with top-k (async=False, previous=False) ... passed
[testing] Running with BF16, without top-k (async=True, previous=False) ... passed
[testing] Running with BF16, with top-k (async=True, previous=False) ... passed
[testing] Running with BF16, without top-k (async=True, previous=False) ... passed
[testing] Running with BF16, with top-k (async=True, previous=False) ... passed
[testing] Running with FP8, without top-k (async=True, previous=False) ... passed
[testing] Running with FP8, with top-k (async=True, previous=False) ... passed
[testing] Running with BF16, without top-k (async=False, previous=True) ... passed
[testing] Running with BF16, with top-k (async=False, previous=True) ... passed
[testing] Running with BF16, without top-k (async=False, previous=True) ... passed
[testing] Running with BF16, with top-k (async=False, previous=True) ... passed
[testing] Running with FP8, without top-k (async=False, previous=True) ... passed
[testing] Running with FP8, with top-k (async=False, previous=True) ... passed
[testing] Running with BF16, without top-k (async=True, previous=True) ... passed
[testing] Running with BF16, with top-k (async=True, previous=True) ... passed
[testing] Running with BF16, without top-k (async=True, previous=True) ... passed
[testing] Running with BF16, with top-k (async=True, previous=True) ... passed
[testing] Running with FP8, without top-k (async=True, previous=True) ... passed
[testing] Running with FP8, with top-k (async=True, previous=True) ... passed

[tuning] SMs 88, NVL chunk 10: 423.37 GB/s (NVL), avg_t: 209.78 us
[tuning] SMs 88, NVL chunk 12: 454.47 GB/s (NVL), avg_t: 195.42 us
[tuning] SMs 88, NVL chunk 14: 466.07 GB/s (NVL), avg_t: 190.56 us
[tuning] SMs 88, NVL chunk 16: 464.79 GB/s (NVL), avg_t: 191.09 us
[tuning] SMs 88, NVL chunk 18: 470.86 GB/s (NVL), avg_t: 188.62 us
[tuning] SMs 88, NVL chunk 20: 464.20 GB/s (NVL), avg_t: 191.33 us
[tuning] SMs 88, NVL chunk 22: 466.32 GB/s (NVL), avg_t: 190.46 us
[tuning] SMs 88, NVL chunk 24: 473.60 GB/s (NVL), avg_t: 187.53 us
[tuning] SMs 88, NVL chunk 26: 472.99 GB/s (NVL), avg_t: 187.77 us
[tuning] SMs 88, NVL chunk 28: 469.00 GB/s (NVL), avg_t: 189.37 us
[tuning] SMs 88, NVL chunk 30: 467.70 GB/s (NVL), avg_t: 189.90 us
[tuning] SMs 88, NVL chunk 32: 463.13 GB/s (NVL), avg_t: 191.77 us
[tuning] SMs 88, NVL chunk 34: 460.86 GB/s (NVL), avg_t: 192.71 us
[tuning] SMs 88, NVL chunk 36: 468.45 GB/s (NVL), avg_t: 189.59 us
[tuning] SMs 88, NVL chunk 38: 472.45 GB/s (NVL), avg_t: 187.98 us
[tuning] SMs 88, NVL chunk 40: 470.94 GB/s (NVL), avg_t: 188.59 us
[tuning] SMs 88, NVL chunk 42: 465.96 GB/s (NVL), avg_t: 190.60 us
[tuning] SMs 88, NVL chunk 44: 456.66 GB/s (NVL), avg_t: 194.49 us
[tuning] SMs 88, NVL chunk 46: 456.01 GB/s (NVL), avg_t: 194.76 us
[tuning] SMs 88, NVL chunk 48: 450.53 GB/s (NVL), avg_t: 197.13 us
[tuning] SMs 88, NVL chunk 50: 444.49 GB/s (NVL), avg_t: 199.81 us
[tuning] SMs 88, NVL chunk 52: 440.86 GB/s (NVL), avg_t: 201.46 us
[tuning] SMs 88, NVL chunk 54: 436.88 GB/s (NVL), avg_t: 203.29 us
[tuning] SMs 88, NVL chunk 56: 432.33 GB/s (NVL), avg_t: 205.43 us
[tuning] SMs 88, NVL chunk 58: 428.88 GB/s (NVL), avg_t: 207.08 us
[tuning] SMs 88, NVL chunk 60: 427.26 GB/s (NVL), avg_t: 207.87 us
[tuning] SMs 88, NVL chunk 62: 424.46 GB/s (NVL), avg_t: 209.24 us
[tuning] SMs 88, NVL chunk 64: 420.94 GB/s (NVL), avg_t: 210.99 us
[tuning] Best dispatch (BF16): SMs 88, NVL chunk 24, 473.60 GB/s (NVL), t: 187.53 us

[tuning] SMs 88, NVL chunk 10: 404.01 GB/s (NVL), avg_t: 219.83 us
[tuning] SMs 88, NVL chunk 12: 432.24 GB/s (NVL), avg_t: 205.47 us
[tuning] SMs 88, NVL chunk 14: 437.89 GB/s (NVL), avg_t: 202.82 us
[tuning] SMs 88, NVL chunk 16: 440.30 GB/s (NVL), avg_t: 201.71 us
[tuning] SMs 88, NVL chunk 18: 439.28 GB/s (NVL), avg_t: 202.18 us
[tuning] SMs 88, NVL chunk 20: 442.76 GB/s (NVL), avg_t: 200.59 us
[tuning] SMs 88, NVL chunk 22: 436.48 GB/s (NVL), avg_t: 203.48 us
[tuning] SMs 88, NVL chunk 24: 439.50 GB/s (NVL), avg_t: 202.08 us
[tuning] SMs 88, NVL chunk 26: 437.65 GB/s (NVL), avg_t: 202.93 us
[tuning] SMs 88, NVL chunk 28: 432.59 GB/s (NVL), avg_t: 205.31 us
[tuning] SMs 88, NVL chunk 30: 425.91 GB/s (NVL), avg_t: 208.53 us
[tuning] SMs 88, NVL chunk 32: 421.05 GB/s (NVL), avg_t: 210.93 us
[tuning] SMs 88, NVL chunk 34: 420.87 GB/s (NVL), avg_t: 211.03 us
[tuning] SMs 88, NVL chunk 36: 419.36 GB/s (NVL), avg_t: 211.78 us
[tuning] SMs 88, NVL chunk 38: 414.75 GB/s (NVL), avg_t: 214.14 us
[tuning] SMs 88, NVL chunk 40: 412.01 GB/s (NVL), avg_t: 215.56 us
[tuning] SMs 88, NVL chunk 42: 411.53 GB/s (NVL), avg_t: 215.81 us
[tuning] SMs 88, NVL chunk 44: 409.53 GB/s (NVL), avg_t: 216.87 us
[tuning] SMs 88, NVL chunk 46: 403.95 GB/s (NVL), avg_t: 219.86 us
[tuning] SMs 88, NVL chunk 48: 404.08 GB/s (NVL), avg_t: 219.79 us
[tuning] SMs 88, NVL chunk 50: 401.01 GB/s (NVL), avg_t: 221.48 us
[tuning] SMs 88, NVL chunk 52: 399.50 GB/s (NVL), avg_t: 222.31 us
[tuning] SMs 88, NVL chunk 54: 397.86 GB/s (NVL), avg_t: 223.23 us
[tuning] SMs 88, NVL chunk 56: 394.27 GB/s (NVL), avg_t: 225.26 us
[tuning] SMs 88, NVL chunk 58: 390.36 GB/s (NVL), avg_t: 227.51 us
[tuning] SMs 88, NVL chunk 60: 389.91 GB/s (NVL), avg_t: 227.78 us
[tuning] SMs 88, NVL chunk 62: 389.94 GB/s (NVL), avg_t: 227.76 us
[tuning] SMs 88, NVL chunk 64: 386.03 GB/s (NVL), avg_t: 230.07 us
[tuning] Best combine: SMs 88, NVL chunk 20: 442.76 GB/s (NVL), t: 200.59 us


[config] num_tokens=4096, hidden=2048, num_topk=8
[layout] Kernel performance: 0.047 ms

[testing] Running with BF16, without top-k (async=False, previous=False) ... passed
[testing] Running with BF16, with top-k (async=False, previous=False) ... passed
[testing] Running with BF16, without top-k (async=False, previous=False) ... passed
[testing] Running with BF16, with top-k (async=False, previous=False) ... passed
[testing] Running with FP8, without top-k (async=False, previous=False) ... passed
[testing] Running with FP8, with top-k (async=False, previous=False) ... passed
[testing] Running with BF16, without top-k (async=True, previous=False) ... passed
[testing] Running with BF16, with top-k (async=True, previous=False) ... passed
[testing] Running with BF16, without top-k (async=True, previous=False) ... passed
[testing] Running with BF16, with top-k (async=True, previous=False) ... passed
[testing] Running with FP8, without top-k (async=True, previous=False) ... passed
[testing] Running with FP8, with top-k (async=True, previous=False) ... passed
[testing] Running with BF16, without top-k (async=False, previous=True) ... passed
[testing] Running with BF16, with top-k (async=False, previous=True) ... passed
[testing] Running with BF16, without top-k (async=False, previous=True) ... passed
[testing] Running with BF16, with top-k (async=False, previous=True) ... passed
[testing] Running with FP8, without top-k (async=False, previous=True) ... passed
[testing] Running with FP8, with top-k (async=False, previous=True) ... passed
[testing] Running with BF16, without top-k (async=True, previous=True) ... passed
[testing] Running with BF16, with top-k (async=True, previous=True) ... passed
[testing] Running with BF16, without top-k (async=True, previous=True) ... passed
[testing] Running with BF16, with top-k (async=True, previous=True) ... passed
[testing] Running with FP8, without top-k (async=True, previous=True) ... passed
[testing] Running with FP8, with top-k (async=True, previous=True) ... passed

[tuning] SMs 90, NVL chunk 10: 431.53 GB/s (NVL), avg_t: 207.70 us
[tuning] SMs 90, NVL chunk 12: 457.72 GB/s (NVL), avg_t: 195.82 us
[tuning] SMs 90, NVL chunk 14: 470.39 GB/s (NVL), avg_t: 190.54 us
[tuning] SMs 90, NVL chunk 16: 471.09 GB/s (NVL), avg_t: 190.26 us
[tuning] SMs 90, NVL chunk 18: 470.83 GB/s (NVL), avg_t: 190.36 us
[tuning] SMs 90, NVL chunk 20: 471.26 GB/s (NVL), avg_t: 190.19 us
[tuning] SMs 90, NVL chunk 22: 474.86 GB/s (NVL), avg_t: 188.75 us
[tuning] SMs 90, NVL chunk 24: 481.58 GB/s (NVL), avg_t: 186.11 us
[tuning] SMs 90, NVL chunk 26: 480.11 GB/s (NVL), avg_t: 186.68 us
[tuning] SMs 90, NVL chunk 28: 473.74 GB/s (NVL), avg_t: 189.20 us
[tuning] SMs 90, NVL chunk 30: 469.57 GB/s (NVL), avg_t: 190.87 us
[tuning] SMs 90, NVL chunk 32: 467.53 GB/s (NVL), avg_t: 191.71 us
[tuning] SMs 90, NVL chunk 34: 470.51 GB/s (NVL), avg_t: 190.49 us
[tuning] SMs 90, NVL chunk 36: 474.60 GB/s (NVL), avg_t: 188.85 us
[tuning] SMs 90, NVL chunk 38: 476.41 GB/s (NVL), avg_t: 188.14 us
[tuning] SMs 90, NVL chunk 40: 474.11 GB/s (NVL), avg_t: 189.05 us
[tuning] SMs 90, NVL chunk 42: 467.43 GB/s (NVL), avg_t: 191.75 us
[tuning] SMs 90, NVL chunk 44: 462.77 GB/s (NVL), avg_t: 193.68 us
[tuning] SMs 90, NVL chunk 46: 459.59 GB/s (NVL), avg_t: 195.02 us
[tuning] SMs 90, NVL chunk 48: 455.93 GB/s (NVL), avg_t: 196.59 us
[tuning] SMs 90, NVL chunk 50: 449.16 GB/s (NVL), avg_t: 199.55 us
[tuning] SMs 90, NVL chunk 52: 443.12 GB/s (NVL), avg_t: 202.27 us
[tuning] SMs 90, NVL chunk 54: 439.03 GB/s (NVL), avg_t: 204.15 us
[tuning] SMs 90, NVL chunk 56: 436.29 GB/s (NVL), avg_t: 205.43 us
[tuning] SMs 90, NVL chunk 58: 431.70 GB/s (NVL), avg_t: 207.62 us
[tuning] SMs 90, NVL chunk 60: 431.37 GB/s (NVL), avg_t: 207.78 us
[tuning] SMs 90, NVL chunk 62: 427.44 GB/s (NVL), avg_t: 209.69 us
[tuning] SMs 90, NVL chunk 64: 426.54 GB/s (NVL), avg_t: 210.13 us
[tuning] Best dispatch (BF16): SMs 90, NVL chunk 24, 481.58 GB/s (NVL), t: 186.11 us

[tuning] SMs 90, NVL chunk 10: 405.65 GB/s (NVL), avg_t: 220.95 us
[tuning] SMs 90, NVL chunk 12: 420.34 GB/s (NVL), avg_t: 213.23 us
[tuning] SMs 90, NVL chunk 14: 429.37 GB/s (NVL), avg_t: 208.74 us
[tuning] SMs 90, NVL chunk 16: 422.46 GB/s (NVL), avg_t: 212.16 us
[tuning] SMs 90, NVL chunk 18: 425.15 GB/s (NVL), avg_t: 210.82 us
[tuning] SMs 90, NVL chunk 20: 429.99 GB/s (NVL), avg_t: 208.44 us
[tuning] SMs 90, NVL chunk 22: 422.88 GB/s (NVL), avg_t: 211.95 us
[tuning] SMs 90, NVL chunk 24: 423.10 GB/s (NVL), avg_t: 211.84 us
[tuning] SMs 90, NVL chunk 26: 421.53 GB/s (NVL), avg_t: 212.63 us
[tuning] SMs 90, NVL chunk 28: 416.35 GB/s (NVL), avg_t: 215.27 us
[tuning] SMs 90, NVL chunk 30: 410.31 GB/s (NVL), avg_t: 218.44 us
[tuning] SMs 90, NVL chunk 32: 409.74 GB/s (NVL), avg_t: 218.75 us
[tuning] SMs 90, NVL chunk 34: 409.46 GB/s (NVL), avg_t: 218.90 us
[tuning] SMs 90, NVL chunk 36: 411.30 GB/s (NVL), avg_t: 217.91 us
[tuning] SMs 90, NVL chunk 38: 409.12 GB/s (NVL), avg_t: 219.08 us
[tuning] SMs 90, NVL chunk 40: 408.27 GB/s (NVL), avg_t: 219.53 us
[tuning] SMs 90, NVL chunk 42: 403.64 GB/s (NVL), avg_t: 222.05 us
[tuning] SMs 90, NVL chunk 44: 402.86 GB/s (NVL), avg_t: 222.48 us
[tuning] SMs 90, NVL chunk 46: 399.84 GB/s (NVL), avg_t: 224.16 us
[tuning] SMs 90, NVL chunk 48: 399.39 GB/s (NVL), avg_t: 224.41 us
[tuning] SMs 90, NVL chunk 50: 394.15 GB/s (NVL), avg_t: 227.40 us
[tuning] SMs 90, NVL chunk 52: 395.31 GB/s (NVL), avg_t: 226.73 us
[tuning] SMs 90, NVL chunk 54: 391.29 GB/s (NVL), avg_t: 229.06 us
[tuning] SMs 90, NVL chunk 56: 388.17 GB/s (NVL), avg_t: 230.90 us
[tuning] SMs 90, NVL chunk 58: 384.56 GB/s (NVL), avg_t: 233.07 us
[tuning] SMs 90, NVL chunk 60: 385.38 GB/s (NVL), avg_t: 232.57 us
[tuning] SMs 90, NVL chunk 62: 384.25 GB/s (NVL), avg_t: 233.26 us
[tuning] SMs 90, NVL chunk 64: 383.31 GB/s (NVL), avg_t: 233.83 us
[tuning] Best combine: SMs 90, NVL chunk 20: 429.99 GB/s (NVL), t: 208.44 us


[config] num_tokens=4096, hidden=2048, num_topk=8
[layout] Kernel performance: 0.047 ms

[testing] Running with BF16, without top-k (async=False, previous=False) ... passed
[testing] Running with BF16, with top-k (async=False, previous=False) ... passed
[testing] Running with BF16, without top-k (async=False, previous=False) ... passed
[testing] Running with BF16, with top-k (async=False, previous=False) ... passed
[testing] Running with FP8, without top-k (async=False, previous=False) ... passed
[testing] Running with FP8, with top-k (async=False, previous=False) ... passed
[testing] Running with BF16, without top-k (async=True, previous=False) ... passed
[testing] Running with BF16, with top-k (async=True, previous=False) ... passed
[testing] Running with BF16, without top-k (async=True, previous=False) ... passed
[testing] Running with BF16, with top-k (async=True, previous=False) ... passed
[testing] Running with FP8, without top-k (async=True, previous=False) ... passed
[testing] Running with FP8, with top-k (async=True, previous=False) ... passed
[testing] Running with BF16, without top-k (async=False, previous=True) ... passed
[testing] Running with BF16, with top-k (async=False, previous=True) ... passed
[testing] Running with BF16, without top-k (async=False, previous=True) ... passed
[testing] Running with BF16, with top-k (async=False, previous=True) ... passed
[testing] Running with FP8, without top-k (async=False, previous=True) ... passed
[testing] Running with FP8, with top-k (async=False, previous=True) ... passed
[testing] Running with BF16, without top-k (async=True, previous=True) ... passed
[testing] Running with BF16, with top-k (async=True, previous=True) ... passed
[testing] Running with BF16, without top-k (async=True, previous=True) ... passed
[testing] Running with BF16, with top-k (async=True, previous=True) ... passed
[testing] Running with FP8, without top-k (async=True, previous=True) ... passed
[testing] Running with FP8, with top-k (async=True, previous=True) ... passed

[tuning] SMs 92, NVL chunk 10: 438.00 GB/s (NVL), avg_t: 204.91 us
[tuning] SMs 92, NVL chunk 12: 459.26 GB/s (NVL), avg_t: 195.42 us
[tuning] SMs 92, NVL chunk 14: 471.80 GB/s (NVL), avg_t: 190.23 us
[tuning] SMs 92, NVL chunk 16: 472.83 GB/s (NVL), avg_t: 189.82 us
[tuning] SMs 92, NVL chunk 18: 473.45 GB/s (NVL), avg_t: 189.57 us
[tuning] SMs 92, NVL chunk 20: 475.44 GB/s (NVL), avg_t: 188.78 us
[tuning] SMs 92, NVL chunk 22: 481.21 GB/s (NVL), avg_t: 186.51 us
[tuning] SMs 92, NVL chunk 24: 483.32 GB/s (NVL), avg_t: 185.70 us
[tuning] SMs 92, NVL chunk 26: 481.33 GB/s (NVL), avg_t: 186.47 us
[tuning] SMs 92, NVL chunk 28: 479.01 GB/s (NVL), avg_t: 187.37 us
[tuning] SMs 92, NVL chunk 30: 475.44 GB/s (NVL), avg_t: 188.77 us
[tuning] SMs 92, NVL chunk 32: 476.28 GB/s (NVL), avg_t: 188.44 us
[tuning] SMs 92, NVL chunk 34: 478.81 GB/s (NVL), avg_t: 187.45 us
[tuning] SMs 92, NVL chunk 36: 481.44 GB/s (NVL), avg_t: 186.42 us
[tuning] SMs 92, NVL chunk 38: 483.09 GB/s (NVL), avg_t: 185.79 us
[tuning] SMs 92, NVL chunk 40: 479.63 GB/s (NVL), avg_t: 187.13 us
[tuning] SMs 92, NVL chunk 42: 473.54 GB/s (NVL), avg_t: 189.53 us
[tuning] SMs 92, NVL chunk 44: 468.48 GB/s (NVL), avg_t: 191.58 us
[tuning] SMs 92, NVL chunk 46: 463.13 GB/s (NVL), avg_t: 193.79 us
[tuning] SMs 92, NVL chunk 48: 459.34 GB/s (NVL), avg_t: 195.39 us
[tuning] SMs 92, NVL chunk 50: 452.97 GB/s (NVL), avg_t: 198.14 us
[tuning] SMs 92, NVL chunk 52: 447.84 GB/s (NVL), avg_t: 200.41 us
[tuning] SMs 92, NVL chunk 54: 442.43 GB/s (NVL), avg_t: 202.86 us
[tuning] SMs 92, NVL chunk 56: 438.51 GB/s (NVL), avg_t: 204.68 us
[tuning] SMs 92, NVL chunk 58: 434.51 GB/s (NVL), avg_t: 206.56 us
[tuning] SMs 92, NVL chunk 60: 434.95 GB/s (NVL), avg_t: 206.35 us
[tuning] SMs 92, NVL chunk 62: 433.23 GB/s (NVL), avg_t: 207.17 us
[tuning] SMs 92, NVL chunk 64: 432.63 GB/s (NVL), avg_t: 207.45 us
[tuning] Best dispatch (BF16): SMs 92, NVL chunk 24, 483.32 GB/s (NVL), t: 185.70 us

[tuning] SMs 92, NVL chunk 10: 419.03 GB/s (NVL), avg_t: 214.19 us
[tuning] SMs 92, NVL chunk 12: 439.38 GB/s (NVL), avg_t: 204.27 us
[tuning] SMs 92, NVL chunk 14: 451.93 GB/s (NVL), avg_t: 198.60 us
[tuning] SMs 92, NVL chunk 16: 447.23 GB/s (NVL), avg_t: 200.68 us
[tuning] SMs 92, NVL chunk 18: 451.98 GB/s (NVL), avg_t: 198.57 us
[tuning] SMs 92, NVL chunk 20: 447.58 GB/s (NVL), avg_t: 200.53 us
[tuning] SMs 92, NVL chunk 22: 448.65 GB/s (NVL), avg_t: 200.05 us
[tuning] SMs 92, NVL chunk 24: 447.16 GB/s (NVL), avg_t: 200.72 us
[tuning] SMs 92, NVL chunk 26: 442.16 GB/s (NVL), avg_t: 202.98 us
[tuning] SMs 92, NVL chunk 28: 435.61 GB/s (NVL), avg_t: 206.04 us
[tuning] SMs 92, NVL chunk 30: 432.70 GB/s (NVL), avg_t: 207.42 us
[tuning] SMs 92, NVL chunk 32: 431.80 GB/s (NVL), avg_t: 207.85 us
[tuning] SMs 92, NVL chunk 34: 434.28 GB/s (NVL), avg_t: 206.67 us
[tuning] SMs 92, NVL chunk 36: 437.05 GB/s (NVL), avg_t: 205.36 us
[tuning] SMs 92, NVL chunk 38: 434.59 GB/s (NVL), avg_t: 206.52 us
[tuning] SMs 92, NVL chunk 40: 431.33 GB/s (NVL), avg_t: 208.08 us
[tuning] SMs 92, NVL chunk 42: 428.65 GB/s (NVL), avg_t: 209.38 us
[tuning] SMs 92, NVL chunk 44: 425.16 GB/s (NVL), avg_t: 211.10 us
[tuning] SMs 92, NVL chunk 46: 422.50 GB/s (NVL), avg_t: 212.43 us
[tuning] SMs 92, NVL chunk 48: 423.48 GB/s (NVL), avg_t: 211.94 us
[tuning] SMs 92, NVL chunk 50: 418.44 GB/s (NVL), avg_t: 214.49 us
[tuning] SMs 92, NVL chunk 52: 415.15 GB/s (NVL), avg_t: 216.19 us
[tuning] SMs 92, NVL chunk 54: 414.51 GB/s (NVL), avg_t: 216.53 us
[tuning] SMs 92, NVL chunk 56: 411.81 GB/s (NVL), avg_t: 217.95 us
[tuning] SMs 92, NVL chunk 58: 406.24 GB/s (NVL), avg_t: 220.93 us
[tuning] SMs 92, NVL chunk 60: 406.98 GB/s (NVL), avg_t: 220.53 us
[tuning] SMs 92, NVL chunk 62: 404.97 GB/s (NVL), avg_t: 221.62 us
[tuning] SMs 92, NVL chunk 64: 403.83 GB/s (NVL), avg_t: 222.25 us
[tuning] Best combine: SMs 92, NVL chunk 18: 451.98 GB/s (NVL), t: 198.57 us


[config] num_tokens=4096, hidden=2048, num_topk=8
[layout] Kernel performance: 0.047 ms

[testing] Running with BF16, without top-k (async=False, previous=False) ... passed
[testing] Running with BF16, with top-k (async=False, previous=False) ... passed
[testing] Running with BF16, without top-k (async=False, previous=False) ... passed
[testing] Running with BF16, with top-k (async=False, previous=False) ... passed
[testing] Running with FP8, without top-k (async=False, previous=False) ... passed
[testing] Running with FP8, with top-k (async=False, previous=False) ... passed
[testing] Running with BF16, without top-k (async=True, previous=False) ... passed
[testing] Running with BF16, with top-k (async=True, previous=False) ... passed
[testing] Running with BF16, without top-k (async=True, previous=False) ... passed
[testing] Running with BF16, with top-k (async=True, previous=False) ... passed
[testing] Running with FP8, without top-k (async=True, previous=False) ... passed
[testing] Running with FP8, with top-k (async=True, previous=False) ... passed
[testing] Running with BF16, without top-k (async=False, previous=True) ... passed
[testing] Running with BF16, with top-k (async=False, previous=True) ... passed
[testing] Running with BF16, without top-k (async=False, previous=True) ... passed
[testing] Running with BF16, with top-k (async=False, previous=True) ... passed
[testing] Running with FP8, without top-k (async=False, previous=True) ... passed
[testing] Running with FP8, with top-k (async=False, previous=True) ... passed
[testing] Running with BF16, without top-k (async=True, previous=True) ... passed
[testing] Running with BF16, with top-k (async=True, previous=True) ... passed
[testing] Running with BF16, without top-k (async=True, previous=True) ... passed
[testing] Running with BF16, with top-k (async=True, previous=True) ... passed
[testing] Running with FP8, without top-k (async=True, previous=True) ... passed
[testing] Running with FP8, with top-k (async=True, previous=True) ... passed

[tuning] SMs 94, NVL chunk 10: 439.24 GB/s (NVL), avg_t: 203.87 us
[tuning] SMs 94, NVL chunk 12: 463.33 GB/s (NVL), avg_t: 193.27 us
[tuning] SMs 94, NVL chunk 14: 473.86 GB/s (NVL), avg_t: 188.97 us
[tuning] SMs 94, NVL chunk 16: 475.06 GB/s (NVL), avg_t: 188.50 us
[tuning] SMs 94, NVL chunk 18: 476.04 GB/s (NVL), avg_t: 188.11 us
[tuning] SMs 94, NVL chunk 20: 476.27 GB/s (NVL), avg_t: 188.02 us
[tuning] SMs 94, NVL chunk 22: 485.10 GB/s (NVL), avg_t: 184.60 us
[tuning] SMs 94, NVL chunk 24: 486.55 GB/s (NVL), avg_t: 184.04 us
[tuning] SMs 94, NVL chunk 26: 486.03 GB/s (NVL), avg_t: 184.24 us
[tuning] SMs 94, NVL chunk 28: 479.97 GB/s (NVL), avg_t: 186.57 us
[tuning] SMs 94, NVL chunk 30: 478.13 GB/s (NVL), avg_t: 187.28 us
[tuning] SMs 94, NVL chunk 32: 477.81 GB/s (NVL), avg_t: 187.41 us
[tuning] SMs 94, NVL chunk 34: 482.14 GB/s (NVL), avg_t: 185.73 us
[tuning] SMs 94, NVL chunk 36: 482.30 GB/s (NVL), avg_t: 185.67 us
[tuning] SMs 94, NVL chunk 38: 481.37 GB/s (NVL), avg_t: 186.02 us
[tuning] SMs 94, NVL chunk 40: 473.43 GB/s (NVL), avg_t: 189.14 us
[tuning] SMs 94, NVL chunk 42: 471.10 GB/s (NVL), avg_t: 190.08 us
[tuning] SMs 94, NVL chunk 44: 461.73 GB/s (NVL), avg_t: 193.94 us
[tuning] SMs 94, NVL chunk 46: 457.86 GB/s (NVL), avg_t: 195.58 us
[tuning] SMs 94, NVL chunk 48: 456.65 GB/s (NVL), avg_t: 196.10 us
[tuning] SMs 94, NVL chunk 50: 450.74 GB/s (NVL), avg_t: 198.66 us
[tuning] SMs 94, NVL chunk 52: 445.80 GB/s (NVL), avg_t: 200.87 us
[tuning] SMs 94, NVL chunk 54: 440.67 GB/s (NVL), avg_t: 203.21 us
[tuning] SMs 94, NVL chunk 56: 438.05 GB/s (NVL), avg_t: 204.42 us
[tuning] SMs 94, NVL chunk 58: 434.77 GB/s (NVL), avg_t: 205.96 us
[tuning] SMs 94, NVL chunk 60: 434.26 GB/s (NVL), avg_t: 206.21 us
[tuning] SMs 94, NVL chunk 62: 430.98 GB/s (NVL), avg_t: 207.77 us
[tuning] SMs 94, NVL chunk 64: 431.49 GB/s (NVL), avg_t: 207.53 us
[tuning] Best dispatch (BF16): SMs 94, NVL chunk 24, 486.55 GB/s (NVL), t: 184.04 us

[tuning] SMs 94, NVL chunk 10: 412.86 GB/s (NVL), avg_t: 216.89 us
[tuning] SMs 94, NVL chunk 12: 425.29 GB/s (NVL), avg_t: 210.55 us
[tuning] SMs 94, NVL chunk 14: 434.88 GB/s (NVL), avg_t: 205.91 us
[tuning] SMs 94, NVL chunk 16: 428.25 GB/s (NVL), avg_t: 209.10 us
[tuning] SMs 94, NVL chunk 18: 437.87 GB/s (NVL), avg_t: 204.51 us
[tuning] SMs 94, NVL chunk 20: 434.91 GB/s (NVL), avg_t: 205.90 us
[tuning] SMs 94, NVL chunk 22: 432.70 GB/s (NVL), avg_t: 206.95 us
[tuning] SMs 94, NVL chunk 24: 430.02 GB/s (NVL), avg_t: 208.24 us
[tuning] SMs 94, NVL chunk 26: 425.11 GB/s (NVL), avg_t: 210.64 us
[tuning] SMs 94, NVL chunk 28: 418.70 GB/s (NVL), avg_t: 213.87 us
[tuning] SMs 94, NVL chunk 30: 415.93 GB/s (NVL), avg_t: 215.29 us
[tuning] SMs 94, NVL chunk 32: 417.88 GB/s (NVL), avg_t: 214.29 us
[tuning] SMs 94, NVL chunk 34: 420.53 GB/s (NVL), avg_t: 212.94 us
[tuning] SMs 94, NVL chunk 36: 417.57 GB/s (NVL), avg_t: 214.45 us
[tuning] SMs 94, NVL chunk 38: 415.52 GB/s (NVL), avg_t: 215.50 us
[tuning] SMs 94, NVL chunk 40: 410.47 GB/s (NVL), avg_t: 218.16 us
[tuning] SMs 94, NVL chunk 42: 407.27 GB/s (NVL), avg_t: 219.87 us
[tuning] SMs 94, NVL chunk 44: 406.69 GB/s (NVL), avg_t: 220.19 us
[tuning] SMs 94, NVL chunk 46: 403.13 GB/s (NVL), avg_t: 222.13 us
[tuning] SMs 94, NVL chunk 48: 402.77 GB/s (NVL), avg_t: 222.33 us
[tuning] SMs 94, NVL chunk 50: 397.80 GB/s (NVL), avg_t: 225.11 us
[tuning] SMs 94, NVL chunk 52: 395.81 GB/s (NVL), avg_t: 226.24 us
[tuning] SMs 94, NVL chunk 54: 393.53 GB/s (NVL), avg_t: 227.55 us
[tuning] SMs 94, NVL chunk 56: 391.19 GB/s (NVL), avg_t: 228.91 us
[tuning] SMs 94, NVL chunk 58: 389.36 GB/s (NVL), avg_t: 229.99 us
[tuning] SMs 94, NVL chunk 60: 388.39 GB/s (NVL), avg_t: 230.56 us
[tuning] SMs 94, NVL chunk 62: 388.60 GB/s (NVL), avg_t: 230.44 us
[tuning] SMs 94, NVL chunk 64: 387.42 GB/s (NVL), avg_t: 231.13 us
[tuning] Best combine: SMs 94, NVL chunk 18: 437.87 GB/s (NVL), t: 204.51 us


[config] num_tokens=4096, hidden=2048, num_topk=8
[layout] Kernel performance: 0.048 ms

[testing] Running with BF16, without top-k (async=False, previous=False) ... passed
[testing] Running with BF16, with top-k (async=False, previous=False) ... passed
[testing] Running with BF16, without top-k (async=False, previous=False) ... passed
[testing] Running with BF16, with top-k (async=False, previous=False) ... passed
[testing] Running with FP8, without top-k (async=False, previous=False) ... passed
[testing] Running with FP8, with top-k (async=False, previous=False) ... passed
[testing] Running with BF16, without top-k (async=True, previous=False) ... passed
[testing] Running with BF16, with top-k (async=True, previous=False) ... passed
[testing] Running with BF16, without top-k (async=True, previous=False) ... passed
[testing] Running with BF16, with top-k (async=True, previous=False) ... passed
[testing] Running with FP8, without top-k (async=True, previous=False) ... passed
[testing] Running with FP8, with top-k (async=True, previous=False) ... passed
[testing] Running with BF16, without top-k (async=False, previous=True) ... passed
[testing] Running with BF16, with top-k (async=False, previous=True) ... passed
[testing] Running with BF16, without top-k (async=False, previous=True) ... passed
[testing] Running with BF16, with top-k (async=False, previous=True) ... passed
[testing] Running with FP8, without top-k (async=False, previous=True) ... passed
[testing] Running with FP8, with top-k (async=False, previous=True) ... passed
[testing] Running with BF16, without top-k (async=True, previous=True) ... passed
[testing] Running with BF16, with top-k (async=True, previous=True) ... passed
[testing] Running with BF16, without top-k (async=True, previous=True) ... passed
[testing] Running with BF16, with top-k (async=True, previous=True) ... passed
[testing] Running with FP8, without top-k (async=True, previous=True) ... passed
[testing] Running with FP8, with top-k (async=True, previous=True) ... passed

[tuning] SMs 96, NVL chunk 10: 441.71 GB/s (NVL), avg_t: 202.43 us
[tuning] SMs 96, NVL chunk 12: 464.17 GB/s (NVL), avg_t: 192.64 us
[tuning] SMs 96, NVL chunk 14: 473.17 GB/s (NVL), avg_t: 188.97 us
[tuning] SMs 96, NVL chunk 16: 474.22 GB/s (NVL), avg_t: 188.55 us
[tuning] SMs 96, NVL chunk 18: 473.76 GB/s (NVL), avg_t: 188.74 us
[tuning] SMs 96, NVL chunk 20: 474.14 GB/s (NVL), avg_t: 188.59 us
[tuning] SMs 96, NVL chunk 22: 484.92 GB/s (NVL), avg_t: 184.39 us
[tuning] SMs 96, NVL chunk 24: 483.76 GB/s (NVL), avg_t: 184.83 us
[tuning] SMs 96, NVL chunk 26: 482.23 GB/s (NVL), avg_t: 185.42 us
[tuning] SMs 96, NVL chunk 28: 477.21 GB/s (NVL), avg_t: 187.37 us
[tuning] SMs 96, NVL chunk 30: 474.87 GB/s (NVL), avg_t: 188.30 us
[tuning] SMs 96, NVL chunk 32: 475.86 GB/s (NVL), avg_t: 187.90 us
[tuning] SMs 96, NVL chunk 34: 483.09 GB/s (NVL), avg_t: 185.09 us
[tuning] SMs 96, NVL chunk 36: 479.42 GB/s (NVL), avg_t: 186.51 us
[tuning] SMs 96, NVL chunk 38: 478.09 GB/s (NVL), avg_t: 187.03 us
[tuning] SMs 96, NVL chunk 40: 472.35 GB/s (NVL), avg_t: 189.30 us
[tuning] SMs 96, NVL chunk 42: 469.44 GB/s (NVL), avg_t: 190.48 us
[tuning] SMs 96, NVL chunk 44: 461.81 GB/s (NVL), avg_t: 193.62 us
[tuning] SMs 96, NVL chunk 46: 454.60 GB/s (NVL), avg_t: 196.69 us
[tuning] SMs 96, NVL chunk 48: 455.03 GB/s (NVL), avg_t: 196.50 us
[tuning] SMs 96, NVL chunk 50: 450.33 GB/s (NVL), avg_t: 198.56 us
[tuning] SMs 96, NVL chunk 52: 443.25 GB/s (NVL), avg_t: 201.73 us
[tuning] SMs 96, NVL chunk 54: 440.85 GB/s (NVL), avg_t: 202.83 us
[tuning] SMs 96, NVL chunk 56: 438.23 GB/s (NVL), avg_t: 204.04 us
[tuning] SMs 96, NVL chunk 58: 435.32 GB/s (NVL), avg_t: 205.40 us
[tuning] SMs 96, NVL chunk 60: 434.18 GB/s (NVL), avg_t: 205.94 us
[tuning] SMs 96, NVL chunk 62: 431.05 GB/s (NVL), avg_t: 207.44 us
[tuning] SMs 96, NVL chunk 64: 432.30 GB/s (NVL), avg_t: 206.84 us
[tuning] Best dispatch (BF16): SMs 96, NVL chunk 22, 484.92 GB/s (NVL), t: 184.39 us

[tuning] SMs 96, NVL chunk 10: 425.36 GB/s (NVL), avg_t: 210.21 us
[tuning] SMs 96, NVL chunk 12: 443.72 GB/s (NVL), avg_t: 201.51 us
[tuning] SMs 96, NVL chunk 14: 452.98 GB/s (NVL), avg_t: 197.39 us
[tuning] SMs 96, NVL chunk 16: 453.48 GB/s (NVL), avg_t: 197.18 us
[tuning] SMs 96, NVL chunk 18: 453.89 GB/s (NVL), avg_t: 197.00 us
[tuning] SMs 96, NVL chunk 20: 455.45 GB/s (NVL), avg_t: 196.32 us
[tuning] SMs 96, NVL chunk 22: 454.71 GB/s (NVL), avg_t: 196.64 us
[tuning] SMs 96, NVL chunk 24: 452.32 GB/s (NVL), avg_t: 197.68 us
[tuning] SMs 96, NVL chunk 26: 445.70 GB/s (NVL), avg_t: 200.62 us
[tuning] SMs 96, NVL chunk 28: 439.45 GB/s (NVL), avg_t: 203.47 us
[tuning] SMs 96, NVL chunk 30: 437.83 GB/s (NVL), avg_t: 204.22 us
[tuning] SMs 96, NVL chunk 32: 438.53 GB/s (NVL), avg_t: 203.90 us
[tuning] SMs 96, NVL chunk 34: 441.41 GB/s (NVL), avg_t: 202.57 us
[tuning] SMs 96, NVL chunk 36: 442.25 GB/s (NVL), avg_t: 202.18 us
[tuning] SMs 96, NVL chunk 38: 437.26 GB/s (NVL), avg_t: 204.49 us
[tuning] SMs 96, NVL chunk 40: 436.15 GB/s (NVL), avg_t: 205.01 us
[tuning] SMs 96, NVL chunk 42: 429.47 GB/s (NVL), avg_t: 208.20 us
[tuning] SMs 96, NVL chunk 44: 429.38 GB/s (NVL), avg_t: 208.24 us
[tuning] SMs 96, NVL chunk 46: 425.51 GB/s (NVL), avg_t: 210.14 us
[tuning] SMs 96, NVL chunk 48: 423.05 GB/s (NVL), avg_t: 211.36 us
[tuning] SMs 96, NVL chunk 50: 417.86 GB/s (NVL), avg_t: 213.98 us
[tuning] SMs 96, NVL chunk 52: 419.79 GB/s (NVL), avg_t: 213.00 us
[tuning] SMs 96, NVL chunk 54: 417.02 GB/s (NVL), avg_t: 214.42 us
[tuning] SMs 96, NVL chunk 56: 414.35 GB/s (NVL), avg_t: 215.80 us
[tuning] SMs 96, NVL chunk 58: 409.71 GB/s (NVL), avg_t: 218.24 us
[tuning] SMs 96, NVL chunk 60: 412.60 GB/s (NVL), avg_t: 216.71 us
[tuning] SMs 96, NVL chunk 62: 411.99 GB/s (NVL), avg_t: 217.03 us
[tuning] SMs 96, NVL chunk 64: 411.50 GB/s (NVL), avg_t: 217.29 us
[tuning] Best combine: SMs 96, NVL chunk 20: 455.45 GB/s (NVL), t: 196.32 us


[config] num_tokens=4096, hidden=2048, num_topk=8
[layout] Kernel performance: 0.047 ms

[testing] Running with BF16, without top-k (async=False, previous=False) ... passed
[testing] Running with BF16, with top-k (async=False, previous=False) ... passed
[testing] Running with BF16, without top-k (async=False, previous=False) ... passed
[testing] Running with BF16, with top-k (async=False, previous=False) ... passed
[testing] Running with FP8, without top-k (async=False, previous=False) ... passed
[testing] Running with FP8, with top-k (async=False, previous=False) ... passed
[testing] Running with BF16, without top-k (async=True, previous=False) ... passed
[testing] Running with BF16, with top-k (async=True, previous=False) ... passed
[testing] Running with BF16, without top-k (async=True, previous=False) ... passed
[testing] Running with BF16, with top-k (async=True, previous=False) ... passed
[testing] Running with FP8, without top-k (async=True, previous=False) ... passed
[testing] Running with FP8, with top-k (async=True, previous=False) ... passed
[testing] Running with BF16, without top-k (async=False, previous=True) ... passed
[testing] Running with BF16, with top-k (async=False, previous=True) ... passed
[testing] Running with BF16, without top-k (async=False, previous=True) ... passed
[testing] Running with BF16, with top-k (async=False, previous=True) ... passed
[testing] Running with FP8, without top-k (async=False, previous=True) ... passed
[testing] Running with FP8, with top-k (async=False, previous=True) ... passed
[testing] Running with BF16, without top-k (async=True, previous=True) ... passed
[testing] Running with BF16, with top-k (async=True, previous=True) ... passed
[testing] Running with BF16, without top-k (async=True, previous=True) ... passed
[testing] Running with BF16, with top-k (async=True, previous=True) ... passed
[testing] Running with FP8, without top-k (async=True, previous=True) ... passed
[testing] Running with FP8, with top-k (async=True, previous=True) ... passed

[tuning] SMs 98, NVL chunk 10: 445.93 GB/s (NVL), avg_t: 200.66 us
[tuning] SMs 98, NVL chunk 12: 466.24 GB/s (NVL), avg_t: 191.92 us
[tuning] SMs 98, NVL chunk 14: 477.49 GB/s (NVL), avg_t: 187.40 us
[tuning] SMs 98, NVL chunk 16: 474.23 GB/s (NVL), avg_t: 188.69 us
[tuning] SMs 98, NVL chunk 18: 479.35 GB/s (NVL), avg_t: 186.67 us
[tuning] SMs 98, NVL chunk 20: 478.28 GB/s (NVL), avg_t: 187.09 us
[tuning] SMs 98, NVL chunk 22: 488.83 GB/s (NVL), avg_t: 183.05 us
[tuning] SMs 98, NVL chunk 24: 486.39 GB/s (NVL), avg_t: 183.97 us
[tuning] SMs 98, NVL chunk 26: 478.95 GB/s (NVL), avg_t: 186.83 us
[tuning] SMs 98, NVL chunk 28: 477.99 GB/s (NVL), avg_t: 187.20 us
[tuning] SMs 98, NVL chunk 30: 477.91 GB/s (NVL), avg_t: 187.24 us
[tuning] SMs 98, NVL chunk 32: 480.10 GB/s (NVL), avg_t: 186.38 us
[tuning] SMs 98, NVL chunk 34: 486.37 GB/s (NVL), avg_t: 183.98 us
[tuning] SMs 98, NVL chunk 36: 484.22 GB/s (NVL), avg_t: 184.79 us
[tuning] SMs 98, NVL chunk 38: 479.80 GB/s (NVL), avg_t: 186.50 us
[tuning] SMs 98, NVL chunk 40: 472.61 GB/s (NVL), avg_t: 189.33 us
[tuning] SMs 98, NVL chunk 42: 471.37 GB/s (NVL), avg_t: 189.83 us
[tuning] SMs 98, NVL chunk 44: 463.19 GB/s (NVL), avg_t: 193.19 us
[tuning] SMs 98, NVL chunk 46: 459.47 GB/s (NVL), avg_t: 194.75 us
[tuning] SMs 98, NVL chunk 48: 455.21 GB/s (NVL), avg_t: 196.57 us
[tuning] SMs 98, NVL chunk 50: 450.98 GB/s (NVL), avg_t: 198.41 us
[tuning] SMs 98, NVL chunk 52: 445.26 GB/s (NVL), avg_t: 200.97 us
[tuning] SMs 98, NVL chunk 54: 443.39 GB/s (NVL), avg_t: 201.81 us
[tuning] SMs 98, NVL chunk 56: 442.40 GB/s (NVL), avg_t: 202.26 us
[tuning] SMs 98, NVL chunk 58: 438.79 GB/s (NVL), avg_t: 203.93 us
[tuning] SMs 98, NVL chunk 60: 437.74 GB/s (NVL), avg_t: 204.42 us
[tuning] SMs 98, NVL chunk 62: 435.34 GB/s (NVL), avg_t: 205.54 us
[tuning] SMs 98, NVL chunk 64: 436.77 GB/s (NVL), avg_t: 204.87 us
[tuning] Best dispatch (BF16): SMs 98, NVL chunk 22, 488.83 GB/s (NVL), t: 183.05 us

[tuning] SMs 98, NVL chunk 10: 415.99 GB/s (NVL), avg_t: 215.10 us
[tuning] SMs 98, NVL chunk 12: 428.26 GB/s (NVL), avg_t: 208.94 us
[tuning] SMs 98, NVL chunk 14: 431.34 GB/s (NVL), avg_t: 207.45 us
[tuning] SMs 98, NVL chunk 16: 435.12 GB/s (NVL), avg_t: 205.65 us
[tuning] SMs 98, NVL chunk 18: 436.88 GB/s (NVL), avg_t: 204.82 us
[tuning] SMs 98, NVL chunk 20: 434.16 GB/s (NVL), avg_t: 206.10 us
[tuning] SMs 98, NVL chunk 22: 433.27 GB/s (NVL), avg_t: 206.53 us
[tuning] SMs 98, NVL chunk 24: 427.09 GB/s (NVL), avg_t: 209.51 us
[tuning] SMs 98, NVL chunk 26: 421.20 GB/s (NVL), avg_t: 212.44 us
[tuning] SMs 98, NVL chunk 28: 416.93 GB/s (NVL), avg_t: 214.62 us
[tuning] SMs 98, NVL chunk 30: 417.92 GB/s (NVL), avg_t: 214.11 us
[tuning] SMs 98, NVL chunk 32: 419.56 GB/s (NVL), avg_t: 213.27 us
[tuning] SMs 98, NVL chunk 34: 417.74 GB/s (NVL), avg_t: 214.20 us
[tuning] SMs 98, NVL chunk 36: 415.91 GB/s (NVL), avg_t: 215.14 us
[tuning] SMs 98, NVL chunk 38: 411.18 GB/s (NVL), avg_t: 217.62 us
[tuning] SMs 98, NVL chunk 40: 409.83 GB/s (NVL), avg_t: 218.34 us
[tuning] SMs 98, NVL chunk 42: 406.63 GB/s (NVL), avg_t: 220.05 us
[tuning] SMs 98, NVL chunk 44: 405.06 GB/s (NVL), avg_t: 220.91 us
[tuning] SMs 98, NVL chunk 46: 400.13 GB/s (NVL), avg_t: 223.63 us
[tuning] SMs 98, NVL chunk 48: 399.57 GB/s (NVL), avg_t: 223.94 us
[tuning] SMs 98, NVL chunk 50: 393.98 GB/s (NVL), avg_t: 227.12 us
[tuning] SMs 98, NVL chunk 52: 393.20 GB/s (NVL), avg_t: 227.57 us
[tuning] SMs 98, NVL chunk 54: 391.65 GB/s (NVL), avg_t: 228.47 us
[tuning] SMs 98, NVL chunk 56: 390.35 GB/s (NVL), avg_t: 229.23 us
[tuning] SMs 98, NVL chunk 58: 387.05 GB/s (NVL), avg_t: 231.18 us
[tuning] SMs 98, NVL chunk 60: 388.71 GB/s (NVL), avg_t: 230.20 us
[tuning] SMs 98, NVL chunk 62: 390.75 GB/s (NVL), avg_t: 229.00 us
[tuning] SMs 98, NVL chunk 64: 391.65 GB/s (NVL), avg_t: 228.47 us
[tuning] Best combine: SMs 98, NVL chunk 18: 436.88 GB/s (NVL), t: 204.82 us


[config] num_tokens=4096, hidden=2048, num_topk=8
[layout] Kernel performance: 0.047 ms

[testing] Running with BF16, without top-k (async=False, previous=False) ... passed
[testing] Running with BF16, with top-k (async=False, previous=False) ... passed
[testing] Running with BF16, without top-k (async=False, previous=False) ... passed
[testing] Running with BF16, with top-k (async=False, previous=False) ... passed
[testing] Running with FP8, without top-k (async=False, previous=False) ... passed
[testing] Running with FP8, with top-k (async=False, previous=False) ... passed
[testing] Running with BF16, without top-k (async=True, previous=False) ... passed
[testing] Running with BF16, with top-k (async=True, previous=False) ... passed
[testing] Running with BF16, without top-k (async=True, previous=False) ... passed
[testing] Running with BF16, with top-k (async=True, previous=False) ... passed
[testing] Running with FP8, without top-k (async=True, previous=False) ... passed
[testing] Running with FP8, with top-k (async=True, previous=False) ... passed
[testing] Running with BF16, without top-k (async=False, previous=True) ... passed
[testing] Running with BF16, with top-k (async=False, previous=True) ... passed
[testing] Running with BF16, without top-k (async=False, previous=True) ... passed
[testing] Running with BF16, with top-k (async=False, previous=True) ... passed
[testing] Running with FP8, without top-k (async=False, previous=True) ... passed
[testing] Running with FP8, with top-k (async=False, previous=True) ... passed
[testing] Running with BF16, without top-k (async=True, previous=True) ... passed
[testing] Running with BF16, with top-k (async=True, previous=True) ... passed
[testing] Running with BF16, without top-k (async=True, previous=True) ... passed
[testing] Running with BF16, with top-k (async=True, previous=True) ... passed
[testing] Running with FP8, without top-k (async=True, previous=True) ... passed
[testing] Running with FP8, with top-k (async=True, previous=True) ... passed

[tuning] SMs 100, NVL chunk 10: 447.00 GB/s (NVL), avg_t: 199.70 us
[tuning] SMs 100, NVL chunk 12: 466.21 GB/s (NVL), avg_t: 191.47 us
[tuning] SMs 100, NVL chunk 14: 479.31 GB/s (NVL), avg_t: 186.24 us
[tuning] SMs 100, NVL chunk 16: 481.42 GB/s (NVL), avg_t: 185.42 us
[tuning] SMs 100, NVL chunk 18: 483.51 GB/s (NVL), avg_t: 184.62 us
[tuning] SMs 100, NVL chunk 20: 484.28 GB/s (NVL), avg_t: 184.32 us
[tuning] SMs 100, NVL chunk 22: 491.04 GB/s (NVL), avg_t: 181.79 us
[tuning] SMs 100, NVL chunk 24: 490.07 GB/s (NVL), avg_t: 182.15 us
[tuning] SMs 100, NVL chunk 26: 481.30 GB/s (NVL), avg_t: 185.46 us
[tuning] SMs 100, NVL chunk 28: 478.38 GB/s (NVL), avg_t: 186.60 us
[tuning] SMs 100, NVL chunk 30: 481.53 GB/s (NVL), avg_t: 185.38 us
[tuning] SMs 100, NVL chunk 32: 484.77 GB/s (NVL), avg_t: 184.14 us
[tuning] SMs 100, NVL chunk 34: 486.91 GB/s (NVL), avg_t: 183.33 us
[tuning] SMs 100, NVL chunk 36: 479.70 GB/s (NVL), avg_t: 186.08 us
[tuning] SMs 100, NVL chunk 38: 479.24 GB/s (NVL), avg_t: 186.26 us
[tuning] SMs 100, NVL chunk 40: 471.72 GB/s (NVL), avg_t: 189.23 us
[tuning] SMs 100, NVL chunk 42: 467.33 GB/s (NVL), avg_t: 191.01 us
[tuning] SMs 100, NVL chunk 44: 461.53 GB/s (NVL), avg_t: 193.41 us
[tuning] SMs 100, NVL chunk 46: 454.89 GB/s (NVL), avg_t: 196.23 us
[tuning] SMs 100, NVL chunk 48: 454.34 GB/s (NVL), avg_t: 196.47 us
[tuning] SMs 100, NVL chunk 50: 447.93 GB/s (NVL), avg_t: 199.28 us
[tuning] SMs 100, NVL chunk 52: 441.68 GB/s (NVL), avg_t: 202.10 us
[tuning] SMs 100, NVL chunk 54: 442.95 GB/s (NVL), avg_t: 201.52 us
[tuning] SMs 100, NVL chunk 56: 440.75 GB/s (NVL), avg_t: 202.53 us
[tuning] SMs 100, NVL chunk 58: 436.86 GB/s (NVL), avg_t: 204.33 us
[tuning] SMs 100, NVL chunk 60: 438.04 GB/s (NVL), avg_t: 203.78 us
[tuning] SMs 100, NVL chunk 62: 437.60 GB/s (NVL), avg_t: 203.99 us
[tuning] SMs 100, NVL chunk 64: 438.30 GB/s (NVL), avg_t: 203.66 us
[tuning] Best dispatch (BF16): SMs 100, NVL chunk 22, 491.04 GB/s (NVL), t: 181.79 us

[tuning] SMs 100, NVL chunk 10: 424.34 GB/s (NVL), avg_t: 210.36 us
[tuning] SMs 100, NVL chunk 12: 442.36 GB/s (NVL), avg_t: 201.79 us
[tuning] SMs 100, NVL chunk 14: 448.75 GB/s (NVL), avg_t: 198.92 us
[tuning] SMs 100, NVL chunk 16: 451.28 GB/s (NVL), avg_t: 197.80 us
[tuning] SMs 100, NVL chunk 18: 453.33 GB/s (NVL), avg_t: 196.91 us
[tuning] SMs 100, NVL chunk 20: 452.76 GB/s (NVL), avg_t: 197.15 us
[tuning] SMs 100, NVL chunk 22: 451.85 GB/s (NVL), avg_t: 197.55 us
[tuning] SMs 100, NVL chunk 24: 447.64 GB/s (NVL), avg_t: 199.41 us
[tuning] SMs 100, NVL chunk 26: 438.38 GB/s (NVL), avg_t: 203.62 us
[tuning] SMs 100, NVL chunk 28: 439.21 GB/s (NVL), avg_t: 203.24 us
[tuning] SMs 100, NVL chunk 30: 442.48 GB/s (NVL), avg_t: 201.74 us
[tuning] SMs 100, NVL chunk 32: 439.02 GB/s (NVL), avg_t: 203.33 us
[tuning] SMs 100, NVL chunk 34: 437.46 GB/s (NVL), avg_t: 204.05 us
[tuning] SMs 100, NVL chunk 36: 435.56 GB/s (NVL), avg_t: 204.94 us
[tuning] SMs 100, NVL chunk 38: 432.24 GB/s (NVL), avg_t: 206.51 us
[tuning] SMs 100, NVL chunk 40: 430.32 GB/s (NVL), avg_t: 207.44 us
[tuning] SMs 100, NVL chunk 42: 424.31 GB/s (NVL), avg_t: 210.38 us
[tuning] SMs 100, NVL chunk 44: 424.27 GB/s (NVL), avg_t: 210.39 us
[tuning] SMs 100, NVL chunk 46: 419.27 GB/s (NVL), avg_t: 212.91 us
[tuning] SMs 100, NVL chunk 48: 416.34 GB/s (NVL), avg_t: 214.40 us
[tuning] SMs 100, NVL chunk 50: 413.55 GB/s (NVL), avg_t: 215.85 us
[tuning] SMs 100, NVL chunk 52: 411.58 GB/s (NVL), avg_t: 216.88 us
[tuning] SMs 100, NVL chunk 54: 410.23 GB/s (NVL), avg_t: 217.59 us
[tuning] SMs 100, NVL chunk 56: 407.43 GB/s (NVL), avg_t: 219.09 us
[tuning] SMs 100, NVL chunk 58: 405.95 GB/s (NVL), avg_t: 219.89 us
[tuning] SMs 100, NVL chunk 60: 409.81 GB/s (NVL), avg_t: 217.82 us
[tuning] SMs 100, NVL chunk 62: 411.24 GB/s (NVL), avg_t: 217.06 us
[tuning] SMs 100, NVL chunk 64: 410.73 GB/s (NVL), avg_t: 217.33 us
[tuning] Best combine: SMs 100, NVL chunk 18: 453.33 GB/s (NVL), t: 196.91 us


[config] num_tokens=4096, hidden=2048, num_topk=8
[layout] Kernel performance: 0.048 ms

[testing] Running with BF16, without top-k (async=False, previous=False) ... passed
[testing] Running with BF16, with top-k (async=False, previous=False) ... passed
[testing] Running with BF16, without top-k (async=False, previous=False) ... passed
[testing] Running with BF16, with top-k (async=False, previous=False) ... passed
[testing] Running with FP8, without top-k (async=False, previous=False) ... passed
[testing] Running with FP8, with top-k (async=False, previous=False) ... passed
[testing] Running with BF16, without top-k (async=True, previous=False) ... passed
[testing] Running with BF16, with top-k (async=True, previous=False) ... passed
[testing] Running with BF16, without top-k (async=True, previous=False) ... passed
[testing] Running with BF16, with top-k (async=True, previous=False) ... passed
[testing] Running with FP8, without top-k (async=True, previous=False) ... passed
[testing] Running with FP8, with top-k (async=True, previous=False) ... passed
[testing] Running with BF16, without top-k (async=False, previous=True) ... passed
[testing] Running with BF16, with top-k (async=False, previous=True) ... passed
[testing] Running with BF16, without top-k (async=False, previous=True) ... passed
[testing] Running with BF16, with top-k (async=False, previous=True) ... passed
[testing] Running with FP8, without top-k (async=False, previous=True) ... passed
[testing] Running with FP8, with top-k (async=False, previous=True) ... passed
[testing] Running with BF16, without top-k (async=True, previous=True) ... passed
[testing] Running with BF16, with top-k (async=True, previous=True) ... passed
[testing] Running with BF16, without top-k (async=True, previous=True) ... passed
[testing] Running with BF16, with top-k (async=True, previous=True) ... passed
[testing] Running with FP8, without top-k (async=True, previous=True) ... passed
[testing] Running with FP8, with top-k (async=True, previous=True) ... passed

[tuning] SMs 102, NVL chunk 10: 452.84 GB/s (NVL), avg_t: 197.97 us
[tuning] SMs 102, NVL chunk 12: 469.89 GB/s (NVL), avg_t: 190.79 us
[tuning] SMs 102, NVL chunk 14: 477.24 GB/s (NVL), avg_t: 187.85 us
[tuning] SMs 102, NVL chunk 16: 480.19 GB/s (NVL), avg_t: 186.70 us
[tuning] SMs 102, NVL chunk 18: 476.85 GB/s (NVL), avg_t: 188.00 us
[tuning] SMs 102, NVL chunk 20: 481.81 GB/s (NVL), avg_t: 186.07 us
[tuning] SMs 102, NVL chunk 22: 491.35 GB/s (NVL), avg_t: 182.46 us
[tuning] SMs 102, NVL chunk 24: 492.54 GB/s (NVL), avg_t: 182.01 us
[tuning] SMs 102, NVL chunk 26: 478.32 GB/s (NVL), avg_t: 187.42 us
[tuning] SMs 102, NVL chunk 28: 479.06 GB/s (NVL), avg_t: 187.13 us
[tuning] SMs 102, NVL chunk 30: 481.59 GB/s (NVL), avg_t: 186.15 us
[tuning] SMs 102, NVL chunk 32: 484.66 GB/s (NVL), avg_t: 184.97 us
[tuning] SMs 102, NVL chunk 34: 486.02 GB/s (NVL), avg_t: 184.46 us
[tuning] SMs 102, NVL chunk 36: 481.37 GB/s (NVL), avg_t: 186.24 us
[tuning] SMs 102, NVL chunk 38: 479.45 GB/s (NVL), avg_t: 186.98 us
[tuning] SMs 102, NVL chunk 40: 472.74 GB/s (NVL), avg_t: 189.64 us
[tuning] SMs 102, NVL chunk 42: 468.43 GB/s (NVL), avg_t: 191.38 us
[tuning] SMs 102, NVL chunk 44: 461.81 GB/s (NVL), avg_t: 194.13 us
[tuning] SMs 102, NVL chunk 46: 455.73 GB/s (NVL), avg_t: 196.72 us
[tuning] SMs 102, NVL chunk 48: 453.19 GB/s (NVL), avg_t: 197.82 us
[tuning] SMs 102, NVL chunk 50: 448.48 GB/s (NVL), avg_t: 199.89 us
[tuning] SMs 102, NVL chunk 52: 443.04 GB/s (NVL), avg_t: 202.35 us
[tuning] SMs 102, NVL chunk 54: 440.25 GB/s (NVL), avg_t: 203.63 us
[tuning] SMs 102, NVL chunk 56: 439.87 GB/s (NVL), avg_t: 203.81 us
[tuning] SMs 102, NVL chunk 58: 436.89 GB/s (NVL), avg_t: 205.20 us
[tuning] SMs 102, NVL chunk 60: 437.32 GB/s (NVL), avg_t: 205.00 us
[tuning] SMs 102, NVL chunk 62: 438.74 GB/s (NVL), avg_t: 204.33 us
[tuning] SMs 102, NVL chunk 64: 440.26 GB/s (NVL), avg_t: 203.63 us
[tuning] Best dispatch (BF16): SMs 102, NVL chunk 24, 492.54 GB/s (NVL), t: 182.01 us

[tuning] SMs 102, NVL chunk 10: 417.94 GB/s (NVL), avg_t: 214.50 us
[tuning] SMs 102, NVL chunk 12: 429.76 GB/s (NVL), avg_t: 208.60 us
[tuning] SMs 102, NVL chunk 14: 431.06 GB/s (NVL), avg_t: 207.97 us
[tuning] SMs 102, NVL chunk 16: 438.26 GB/s (NVL), avg_t: 204.56 us
[tuning] SMs 102, NVL chunk 18: 437.75 GB/s (NVL), avg_t: 204.79 us
[tuning] SMs 102, NVL chunk 20: 437.30 GB/s (NVL), avg_t: 205.01 us
[tuning] SMs 102, NVL chunk 22: 433.97 GB/s (NVL), avg_t: 206.58 us
[tuning] SMs 102, NVL chunk 24: 425.98 GB/s (NVL), avg_t: 210.45 us
[tuning] SMs 102, NVL chunk 26: 424.64 GB/s (NVL), avg_t: 211.12 us
[tuning] SMs 102, NVL chunk 28: 421.60 GB/s (NVL), avg_t: 212.64 us
[tuning] SMs 102, NVL chunk 30: 423.20 GB/s (NVL), avg_t: 211.84 us
[tuning] SMs 102, NVL chunk 32: 416.83 GB/s (NVL), avg_t: 215.08 us
[tuning] SMs 102, NVL chunk 34: 417.05 GB/s (NVL), avg_t: 214.96 us
[tuning] SMs 102, NVL chunk 36: 415.84 GB/s (NVL), avg_t: 215.58 us
[tuning] SMs 102, NVL chunk 38: 412.27 GB/s (NVL), avg_t: 217.45 us
[tuning] SMs 102, NVL chunk 40: 407.91 GB/s (NVL), avg_t: 219.78 us
[tuning] SMs 102, NVL chunk 42: 406.01 GB/s (NVL), avg_t: 220.80 us
[tuning] SMs 102, NVL chunk 44: 404.11 GB/s (NVL), avg_t: 221.84 us
[tuning] SMs 102, NVL chunk 46: 399.95 GB/s (NVL), avg_t: 224.15 us
[tuning] SMs 102, NVL chunk 48: 398.58 GB/s (NVL), avg_t: 224.92 us
[tuning] SMs 102, NVL chunk 50: 393.91 GB/s (NVL), avg_t: 227.59 us
[tuning] SMs 102, NVL chunk 52: 391.65 GB/s (NVL), avg_t: 228.90 us
[tuning] SMs 102, NVL chunk 54: 391.02 GB/s (NVL), avg_t: 229.27 us
[tuning] SMs 102, NVL chunk 56: 389.27 GB/s (NVL), avg_t: 230.30 us
[tuning] SMs 102, NVL chunk 58: 387.94 GB/s (NVL), avg_t: 231.09 us
[tuning] SMs 102, NVL chunk 60: 390.73 GB/s (NVL), avg_t: 229.44 us
[tuning] SMs 102, NVL chunk 62: 393.40 GB/s (NVL), avg_t: 227.88 us
[tuning] SMs 102, NVL chunk 64: 393.06 GB/s (NVL), avg_t: 228.08 us
[tuning] Best combine: SMs 102, NVL chunk 16: 438.26 GB/s (NVL), t: 204.56 us


[config] num_tokens=4096, hidden=2048, num_topk=8
[layout] Kernel performance: 0.048 ms

[testing] Running with BF16, without top-k (async=False, previous=False) ... passed
[testing] Running with BF16, with top-k (async=False, previous=False) ... passed
[testing] Running with BF16, without top-k (async=False, previous=False) ... passed
[testing] Running with BF16, with top-k (async=False, previous=False) ... passed
[testing] Running with FP8, without top-k (async=False, previous=False) ... passed
[testing] Running with FP8, with top-k (async=False, previous=False) ... passed
[testing] Running with BF16, without top-k (async=True, previous=False) ... passed
[testing] Running with BF16, with top-k (async=True, previous=False) ... passed
[testing] Running with BF16, without top-k (async=True, previous=False) ... passed
[testing] Running with BF16, with top-k (async=True, previous=False) ... passed
[testing] Running with FP8, without top-k (async=True, previous=False) ... passed
[testing] Running with FP8, with top-k (async=True, previous=False) ... passed
[testing] Running with BF16, without top-k (async=False, previous=True) ... passed
[testing] Running with BF16, with top-k (async=False, previous=True) ... passed
[testing] Running with BF16, without top-k (async=False, previous=True) ... passed
[testing] Running with BF16, with top-k (async=False, previous=True) ... passed
[testing] Running with FP8, without top-k (async=False, previous=True) ... passed
[testing] Running with FP8, with top-k (async=False, previous=True) ... passed
[testing] Running with BF16, without top-k (async=True, previous=True) ... passed
[testing] Running with BF16, with top-k (async=True, previous=True) ... passed
[testing] Running with BF16, without top-k (async=True, previous=True) ... passed
[testing] Running with BF16, with top-k (async=True, previous=True) ... passed
[testing] Running with FP8, without top-k (async=True, previous=True) ... passed
[testing] Running with FP8, with top-k (async=True, previous=True) ... passed

[tuning] SMs 104, NVL chunk 10: 451.35 GB/s (NVL), avg_t: 197.97 us
[tuning] SMs 104, NVL chunk 12: 472.19 GB/s (NVL), avg_t: 189.23 us
[tuning] SMs 104, NVL chunk 14: 479.78 GB/s (NVL), avg_t: 186.24 us
[tuning] SMs 104, NVL chunk 16: 465.23 GB/s (NVL), avg_t: 192.06 us
[tuning] SMs 104, NVL chunk 18: 481.41 GB/s (NVL), avg_t: 185.61 us
[tuning] SMs 104, NVL chunk 20: 483.32 GB/s (NVL), avg_t: 184.88 us
[tuning] SMs 104, NVL chunk 22: 490.28 GB/s (NVL), avg_t: 182.25 us
[tuning] SMs 104, NVL chunk 24: 485.53 GB/s (NVL), avg_t: 184.03 us
[tuning] SMs 104, NVL chunk 26: 481.42 GB/s (NVL), avg_t: 185.60 us
[tuning] SMs 104, NVL chunk 28: 478.75 GB/s (NVL), avg_t: 186.64 us
[tuning] SMs 104, NVL chunk 30: 482.57 GB/s (NVL), avg_t: 185.17 us
[tuning] SMs 104, NVL chunk 32: 484.91 GB/s (NVL), avg_t: 184.27 us
[tuning] SMs 104, NVL chunk 34: 485.38 GB/s (NVL), avg_t: 184.09 us
[tuning] SMs 104, NVL chunk 36: 478.10 GB/s (NVL), avg_t: 186.89 us
[tuning] SMs 104, NVL chunk 38: 476.07 GB/s (NVL), avg_t: 187.69 us
[tuning] SMs 104, NVL chunk 40: 468.54 GB/s (NVL), avg_t: 190.71 us
[tuning] SMs 104, NVL chunk 42: 465.62 GB/s (NVL), avg_t: 191.91 us
[tuning] SMs 104, NVL chunk 44: 459.05 GB/s (NVL), avg_t: 194.65 us
[tuning] SMs 104, NVL chunk 46: 452.84 GB/s (NVL), avg_t: 197.32 us
[tuning] SMs 104, NVL chunk 48: 451.77 GB/s (NVL), avg_t: 197.79 us
[tuning] SMs 104, NVL chunk 50: 447.75 GB/s (NVL), avg_t: 199.56 us
[tuning] SMs 104, NVL chunk 52: 441.31 GB/s (NVL), avg_t: 202.48 us
[tuning] SMs 104, NVL chunk 54: 440.78 GB/s (NVL), avg_t: 202.72 us
[tuning] SMs 104, NVL chunk 56: 438.38 GB/s (NVL), avg_t: 203.83 us
[tuning] SMs 104, NVL chunk 58: 438.98 GB/s (NVL), avg_t: 203.55 us
[tuning] SMs 104, NVL chunk 60: 440.61 GB/s (NVL), avg_t: 202.80 us
[tuning] SMs 104, NVL chunk 62: 441.43 GB/s (NVL), avg_t: 202.42 us
[tuning] SMs 104, NVL chunk 64: 442.47 GB/s (NVL), avg_t: 201.95 us
[tuning] Best dispatch (BF16): SMs 104, NVL chunk 22, 490.28 GB/s (NVL), t: 182.25 us

[tuning] SMs 104, NVL chunk 10: 429.57 GB/s (NVL), avg_t: 208.01 us
[tuning] SMs 104, NVL chunk 12: 444.86 GB/s (NVL), avg_t: 200.86 us
[tuning] SMs 104, NVL chunk 14: 445.68 GB/s (NVL), avg_t: 200.49 us
[tuning] SMs 104, NVL chunk 16: 455.94 GB/s (NVL), avg_t: 195.98 us
[tuning] SMs 104, NVL chunk 18: 452.90 GB/s (NVL), avg_t: 197.29 us
[tuning] SMs 104, NVL chunk 20: 454.65 GB/s (NVL), avg_t: 196.53 us
[tuning] SMs 104, NVL chunk 22: 450.62 GB/s (NVL), avg_t: 198.29 us
[tuning] SMs 104, NVL chunk 24: 444.31 GB/s (NVL), avg_t: 201.11 us
[tuning] SMs 104, NVL chunk 26: 442.04 GB/s (NVL), avg_t: 202.14 us
[tuning] SMs 104, NVL chunk 28: 439.45 GB/s (NVL), avg_t: 203.33 us
[tuning] SMs 104, NVL chunk 30: 438.65 GB/s (NVL), avg_t: 203.70 us
[tuning] SMs 104, NVL chunk 32: 436.61 GB/s (NVL), avg_t: 204.65 us
[tuning] SMs 104, NVL chunk 34: 435.68 GB/s (NVL), avg_t: 205.09 us
[tuning] SMs 104, NVL chunk 36: 434.01 GB/s (NVL), avg_t: 205.88 us
[tuning] SMs 104, NVL chunk 38: 430.75 GB/s (NVL), avg_t: 207.44 us
[tuning] SMs 104, NVL chunk 40: 428.32 GB/s (NVL), avg_t: 208.61 us
[tuning] SMs 104, NVL chunk 42: 423.84 GB/s (NVL), avg_t: 210.82 us
[tuning] SMs 104, NVL chunk 44: 423.17 GB/s (NVL), avg_t: 211.16 us
[tuning] SMs 104, NVL chunk 46: 419.12 GB/s (NVL), avg_t: 213.19 us
[tuning] SMs 104, NVL chunk 48: 415.87 GB/s (NVL), avg_t: 214.86 us
[tuning] SMs 104, NVL chunk 50: 412.20 GB/s (NVL), avg_t: 216.77 us
[tuning] SMs 104, NVL chunk 52: 413.00 GB/s (NVL), avg_t: 216.35 us
[tuning] SMs 104, NVL chunk 54: 409.58 GB/s (NVL), avg_t: 218.16 us
[tuning] SMs 104, NVL chunk 56: 408.52 GB/s (NVL), avg_t: 218.73 us
[tuning] SMs 104, NVL chunk 58: 407.38 GB/s (NVL), avg_t: 219.34 us
[tuning] SMs 104, NVL chunk 60: 411.13 GB/s (NVL), avg_t: 217.34 us
[tuning] SMs 104, NVL chunk 62: 412.87 GB/s (NVL), avg_t: 216.42 us
[tuning] SMs 104, NVL chunk 64: 413.23 GB/s (NVL), avg_t: 216.23 us
[tuning] Best combine: SMs 104, NVL chunk 16: 455.94 GB/s (NVL), t: 195.98 us


[config] num_tokens=4096, hidden=2048, num_topk=8
[layout] Kernel performance: 0.047 ms

[testing] Running with BF16, without top-k (async=False, previous=False) ... passed
[testing] Running with BF16, with top-k (async=False, previous=False) ... passed
[testing] Running with BF16, without top-k (async=False, previous=False) ... passed
[testing] Running with BF16, with top-k (async=False, previous=False) ... passed
[testing] Running with FP8, without top-k (async=False, previous=False) ... passed
[testing] Running with FP8, with top-k (async=False, previous=False) ... passed
[testing] Running with BF16, without top-k (async=True, previous=False) ... passed
[testing] Running with BF16, with top-k (async=True, previous=False) ... passed
[testing] Running with BF16, without top-k (async=True, previous=False) ... passed
[testing] Running with BF16, with top-k (async=True, previous=False) ... passed
[testing] Running with FP8, without top-k (async=True, previous=False) ... passed
[testing] Running with FP8, with top-k (async=True, previous=False) ... passed
[testing] Running with BF16, without top-k (async=False, previous=True) ... passed
[testing] Running with BF16, with top-k (async=False, previous=True) ... passed
[testing] Running with BF16, without top-k (async=False, previous=True) ... passed
[testing] Running with BF16, with top-k (async=False, previous=True) ... passed
[testing] Running with FP8, without top-k (async=False, previous=True) ... passed
[testing] Running with FP8, with top-k (async=False, previous=True) ... passed
[testing] Running with BF16, without top-k (async=True, previous=True) ... passed
[testing] Running with BF16, with top-k (async=True, previous=True) ... passed
[testing] Running with BF16, without top-k (async=True, previous=True) ... passed
[testing] Running with BF16, with top-k (async=True, previous=True) ... passed
[testing] Running with FP8, without top-k (async=True, previous=True) ... passed
[testing] Running with FP8, with top-k (async=True, previous=True) ... passed

[tuning] SMs 106, NVL chunk 10: 454.63 GB/s (NVL), avg_t: 196.37 us
[tuning] SMs 106, NVL chunk 12: 475.13 GB/s (NVL), avg_t: 187.90 us
[tuning] SMs 106, NVL chunk 14: 483.03 GB/s (NVL), avg_t: 184.83 us
[tuning] SMs 106, NVL chunk 16: 479.72 GB/s (NVL), avg_t: 186.10 us
[tuning] SMs 106, NVL chunk 18: 481.74 GB/s (NVL), avg_t: 185.32 us
[tuning] SMs 106, NVL chunk 20: 486.05 GB/s (NVL), avg_t: 183.68 us
[tuning] SMs 106, NVL chunk 22: 492.94 GB/s (NVL), avg_t: 181.11 us
[tuning] SMs 106, NVL chunk 24: 489.28 GB/s (NVL), avg_t: 182.46 us
[tuning] SMs 106, NVL chunk 26: 482.08 GB/s (NVL), avg_t: 185.19 us
[tuning] SMs 106, NVL chunk 28: 484.23 GB/s (NVL), avg_t: 184.37 us
[tuning] SMs 106, NVL chunk 30: 490.81 GB/s (NVL), avg_t: 181.90 us
[tuning] SMs 106, NVL chunk 32: 488.99 GB/s (NVL), avg_t: 182.57 us
[tuning] SMs 106, NVL chunk 34: 484.58 GB/s (NVL), avg_t: 184.23 us
[tuning] SMs 106, NVL chunk 36: 478.10 GB/s (NVL), avg_t: 186.73 us
[tuning] SMs 106, NVL chunk 38: 474.99 GB/s (NVL), avg_t: 187.96 us
[tuning] SMs 106, NVL chunk 40: 468.34 GB/s (NVL), avg_t: 190.62 us
[tuning] SMs 106, NVL chunk 42: 465.53 GB/s (NVL), avg_t: 191.77 us
[tuning] SMs 106, NVL chunk 44: 458.64 GB/s (NVL), avg_t: 194.66 us
[tuning] SMs 106, NVL chunk 46: 453.49 GB/s (NVL), avg_t: 196.86 us
[tuning] SMs 106, NVL chunk 48: 451.11 GB/s (NVL), avg_t: 197.91 us
[tuning] SMs 106, NVL chunk 50: 446.19 GB/s (NVL), avg_t: 200.09 us
[tuning] SMs 106, NVL chunk 52: 441.47 GB/s (NVL), avg_t: 202.22 us
[tuning] SMs 106, NVL chunk 54: 441.36 GB/s (NVL), avg_t: 202.28 us
[tuning] SMs 106, NVL chunk 56: 438.46 GB/s (NVL), avg_t: 203.61 us
[tuning] SMs 106, NVL chunk 58: 439.48 GB/s (NVL), avg_t: 203.14 us
[tuning] SMs 106, NVL chunk 60: 440.23 GB/s (NVL), avg_t: 202.79 us
[tuning] SMs 106, NVL chunk 62: 444.86 GB/s (NVL), avg_t: 200.69 us
[tuning] SMs 106, NVL chunk 64: 444.77 GB/s (NVL), avg_t: 200.73 us
[tuning] Best dispatch (BF16): SMs 106, NVL chunk 22, 492.94 GB/s (NVL), t: 181.11 us

[tuning] SMs 106, NVL chunk 10: 422.47 GB/s (NVL), avg_t: 211.32 us
[tuning] SMs 106, NVL chunk 12: 431.93 GB/s (NVL), avg_t: 206.69 us
[tuning] SMs 106, NVL chunk 14: 432.63 GB/s (NVL), avg_t: 206.36 us
[tuning] SMs 106, NVL chunk 16: 436.13 GB/s (NVL), avg_t: 204.70 us
[tuning] SMs 106, NVL chunk 18: 434.19 GB/s (NVL), avg_t: 205.62 us
[tuning] SMs 106, NVL chunk 20: 436.21 GB/s (NVL), avg_t: 204.66 us
[tuning] SMs 106, NVL chunk 22: 428.60 GB/s (NVL), avg_t: 208.30 us
[tuning] SMs 106, NVL chunk 24: 424.55 GB/s (NVL), avg_t: 210.28 us
[tuning] SMs 106, NVL chunk 26: 422.29 GB/s (NVL), avg_t: 211.41 us
[tuning] SMs 106, NVL chunk 28: 424.04 GB/s (NVL), avg_t: 210.54 us
[tuning] SMs 106, NVL chunk 30: 419.19 GB/s (NVL), avg_t: 212.97 us
[tuning] SMs 106, NVL chunk 32: 413.69 GB/s (NVL), avg_t: 215.81 us
[tuning] SMs 106, NVL chunk 34: 413.48 GB/s (NVL), avg_t: 215.92 us
[tuning] SMs 106, NVL chunk 36: 411.55 GB/s (NVL), avg_t: 216.93 us
[tuning] SMs 106, NVL chunk 38: 408.41 GB/s (NVL), avg_t: 218.59 us
[tuning] SMs 106, NVL chunk 40: 406.01 GB/s (NVL), avg_t: 219.89 us
[tuning] SMs 106, NVL chunk 42: 400.90 GB/s (NVL), avg_t: 222.69 us
[tuning] SMs 106, NVL chunk 44: 400.59 GB/s (NVL), avg_t: 222.86 us
[tuning] SMs 106, NVL chunk 46: 397.82 GB/s (NVL), avg_t: 224.41 us
[tuning] SMs 106, NVL chunk 48: 395.35 GB/s (NVL), avg_t: 225.81 us
[tuning] SMs 106, NVL chunk 50: 391.30 GB/s (NVL), avg_t: 228.15 us
[tuning] SMs 106, NVL chunk 52: 389.10 GB/s (NVL), avg_t: 229.44 us
[tuning] SMs 106, NVL chunk 54: 390.49 GB/s (NVL), avg_t: 228.63 us
[tuning] SMs 106, NVL chunk 56: 389.21 GB/s (NVL), avg_t: 229.38 us
[tuning] SMs 106, NVL chunk 58: 388.36 GB/s (NVL), avg_t: 229.88 us
[tuning] SMs 106, NVL chunk 60: 391.37 GB/s (NVL), avg_t: 228.11 us
[tuning] SMs 106, NVL chunk 62: 393.06 GB/s (NVL), avg_t: 227.13 us
[tuning] SMs 106, NVL chunk 64: 392.90 GB/s (NVL), avg_t: 227.22 us
[tuning] Best combine: SMs 106, NVL chunk 20: 436.21 GB/s (NVL), t: 204.66 us


[config] num_tokens=4096, hidden=2048, num_topk=8
[layout] Kernel performance: 0.047 ms

[testing] Running with BF16, without top-k (async=False, previous=False) ... passed
[testing] Running with BF16, with top-k (async=False, previous=False) ... passed
[testing] Running with BF16, without top-k (async=False, previous=False) ... passed
[testing] Running with BF16, with top-k (async=False, previous=False) ... passed
[testing] Running with FP8, without top-k (async=False, previous=False) ... passed
[testing] Running with FP8, with top-k (async=False, previous=False) ... passed
[testing] Running with BF16, without top-k (async=True, previous=False) ... passed
[testing] Running with BF16, with top-k (async=True, previous=False) ... passed
[testing] Running with BF16, without top-k (async=True, previous=False) ... passed
[testing] Running with BF16, with top-k (async=True, previous=False) ... passed
[testing] Running with FP8, without top-k (async=True, previous=False) ... passed
[testing] Running with FP8, with top-k (async=True, previous=False) ... passed
[testing] Running with BF16, without top-k (async=False, previous=True) ... passed
[testing] Running with BF16, with top-k (async=False, previous=True) ... passed
[testing] Running with BF16, without top-k (async=False, previous=True) ... passed
[testing] Running with BF16, with top-k (async=False, previous=True) ... passed
[testing] Running with FP8, without top-k (async=False, previous=True) ... passed
[testing] Running with FP8, with top-k (async=False, previous=True) ... passed
[testing] Running with BF16, without top-k (async=True, previous=True) ... passed
[testing] Running with BF16, with top-k (async=True, previous=True) ... passed
[testing] Running with BF16, without top-k (async=True, previous=True) ... passed
[testing] Running with BF16, with top-k (async=True, previous=True) ... passed
[testing] Running with FP8, without top-k (async=True, previous=True) ... passed
[testing] Running with FP8, with top-k (async=True, previous=True) ... passed

[tuning] SMs 108, NVL chunk 10: 458.21 GB/s (NVL), avg_t: 194.46 us
[tuning] SMs 108, NVL chunk 12: 474.91 GB/s (NVL), avg_t: 187.62 us
[tuning] SMs 108, NVL chunk 14: 481.42 GB/s (NVL), avg_t: 185.09 us
[tuning] SMs 108, NVL chunk 16: 479.25 GB/s (NVL), avg_t: 185.93 us
[tuning] SMs 108, NVL chunk 18: 482.19 GB/s (NVL), avg_t: 184.79 us
[tuning] SMs 108, NVL chunk 20: 483.55 GB/s (NVL), avg_t: 184.27 us
[tuning] SMs 108, NVL chunk 22: 491.15 GB/s (NVL), avg_t: 181.42 us
[tuning] SMs 108, NVL chunk 24: 487.65 GB/s (NVL), avg_t: 182.72 us
[tuning] SMs 108, NVL chunk 26: 478.29 GB/s (NVL), avg_t: 186.30 us
[tuning] SMs 108, NVL chunk 28: 482.27 GB/s (NVL), avg_t: 184.76 us
[tuning] SMs 108, NVL chunk 30: 490.99 GB/s (NVL), avg_t: 181.48 us
[tuning] SMs 108, NVL chunk 32: 489.46 GB/s (NVL), avg_t: 182.05 us
[tuning] SMs 108, NVL chunk 34: 481.77 GB/s (NVL), avg_t: 184.95 us
[tuning] SMs 108, NVL chunk 36: 477.38 GB/s (NVL), avg_t: 186.65 us
[tuning] SMs 108, NVL chunk 38: 473.45 GB/s (NVL), avg_t: 188.20 us
[tuning] SMs 108, NVL chunk 40: 466.28 GB/s (NVL), avg_t: 191.10 us
[tuning] SMs 108, NVL chunk 42: 463.02 GB/s (NVL), avg_t: 192.44 us
[tuning] SMs 108, NVL chunk 44: 457.85 GB/s (NVL), avg_t: 194.61 us
[tuning] SMs 108, NVL chunk 46: 452.49 GB/s (NVL), avg_t: 196.92 us
[tuning] SMs 108, NVL chunk 48: 451.39 GB/s (NVL), avg_t: 197.40 us
[tuning] SMs 108, NVL chunk 50: 446.98 GB/s (NVL), avg_t: 199.35 us
[tuning] SMs 108, NVL chunk 52: 441.47 GB/s (NVL), avg_t: 201.84 us
[tuning] SMs 108, NVL chunk 54: 440.78 GB/s (NVL), avg_t: 202.15 us
[tuning] SMs 108, NVL chunk 56: 438.93 GB/s (NVL), avg_t: 203.00 us
[tuning] SMs 108, NVL chunk 58: 442.96 GB/s (NVL), avg_t: 201.16 us
[tuning] SMs 108, NVL chunk 60: 443.11 GB/s (NVL), avg_t: 201.09 us
[tuning] SMs 108, NVL chunk 62: 443.58 GB/s (NVL), avg_t: 200.88 us
[tuning] SMs 108, NVL chunk 64: 445.11 GB/s (NVL), avg_t: 200.18 us
[tuning] Best dispatch (BF16): SMs 108, NVL chunk 22, 491.15 GB/s (NVL), t: 181.42 us

[tuning] SMs 108, NVL chunk 10: 429.55 GB/s (NVL), avg_t: 207.44 us
[tuning] SMs 108, NVL chunk 12: 447.47 GB/s (NVL), avg_t: 199.13 us
[tuning] SMs 108, NVL chunk 14: 451.46 GB/s (NVL), avg_t: 197.37 us
[tuning] SMs 108, NVL chunk 16: 456.57 GB/s (NVL), avg_t: 195.16 us
[tuning] SMs 108, NVL chunk 18: 451.94 GB/s (NVL), avg_t: 197.16 us
[tuning] SMs 108, NVL chunk 20: 452.75 GB/s (NVL), avg_t: 196.81 us
[tuning] SMs 108, NVL chunk 22: 447.92 GB/s (NVL), avg_t: 198.93 us
[tuning] SMs 108, NVL chunk 24: 446.81 GB/s (NVL), avg_t: 199.42 us
[tuning] SMs 108, NVL chunk 26: 448.05 GB/s (NVL), avg_t: 198.87 us
[tuning] SMs 108, NVL chunk 28: 442.91 GB/s (NVL), avg_t: 201.18 us
[tuning] SMs 108, NVL chunk 30: 435.76 GB/s (NVL), avg_t: 204.48 us
[tuning] SMs 108, NVL chunk 32: 433.52 GB/s (NVL), avg_t: 205.54 us
[tuning] SMs 108, NVL chunk 34: 432.67 GB/s (NVL), avg_t: 205.94 us
[tuning] SMs 108, NVL chunk 36: 431.59 GB/s (NVL), avg_t: 206.46 us
[tuning] SMs 108, NVL chunk 38: 425.04 GB/s (NVL), avg_t: 209.64 us
[tuning] SMs 108, NVL chunk 40: 421.18 GB/s (NVL), avg_t: 211.56 us
[tuning] SMs 108, NVL chunk 42: 419.80 GB/s (NVL), avg_t: 212.26 us
[tuning] SMs 108, NVL chunk 44: 419.05 GB/s (NVL), avg_t: 212.64 us
[tuning] SMs 108, NVL chunk 46: 414.41 GB/s (NVL), avg_t: 215.01 us
[tuning] SMs 108, NVL chunk 48: 413.11 GB/s (NVL), avg_t: 215.69 us
[tuning] SMs 108, NVL chunk 50: 409.68 GB/s (NVL), avg_t: 217.50 us
[tuning] SMs 108, NVL chunk 52: 406.23 GB/s (NVL), avg_t: 219.35 us
[tuning] SMs 108, NVL chunk 54: 409.99 GB/s (NVL), avg_t: 217.34 us
[tuning] SMs 108, NVL chunk 56: 408.15 GB/s (NVL), avg_t: 218.32 us
[tuning] SMs 108, NVL chunk 58: 408.66 GB/s (NVL), avg_t: 218.04 us
[tuning] SMs 108, NVL chunk 60: 410.00 GB/s (NVL), avg_t: 217.33 us
[tuning] SMs 108, NVL chunk 62: 411.97 GB/s (NVL), avg_t: 216.29 us
[tuning] SMs 108, NVL chunk 64: 412.87 GB/s (NVL), avg_t: 215.82 us
[tuning] Best combine: SMs 108, NVL chunk 16: 456.57 GB/s (NVL), t: 195.16 us


[config] num_tokens=4096, hidden=2048, num_topk=8
[layout] Kernel performance: 0.048 ms

[testing] Running with BF16, without top-k (async=False, previous=False) ... passed
[testing] Running with BF16, with top-k (async=False, previous=False) ... passed
[testing] Running with BF16, without top-k (async=False, previous=False) ... passed
[testing] Running with BF16, with top-k (async=False, previous=False) ... passed
[testing] Running with FP8, without top-k (async=False, previous=False) ... passed
[testing] Running with FP8, with top-k (async=False, previous=False) ... passed
[testing] Running with BF16, without top-k (async=True, previous=False) ... passed
[testing] Running with BF16, with top-k (async=True, previous=False) ... passed
[testing] Running with BF16, without top-k (async=True, previous=False) ... passed
[testing] Running with BF16, with top-k (async=True, previous=False) ... passed
[testing] Running with FP8, without top-k (async=True, previous=False) ... passed
[testing] Running with FP8, with top-k (async=True, previous=False) ... passed
[testing] Running with BF16, without top-k (async=False, previous=True) ... passed
[testing] Running with BF16, with top-k (async=False, previous=True) ... passed
[testing] Running with BF16, without top-k (async=False, previous=True) ... passed
[testing] Running with BF16, with top-k (async=False, previous=True) ... passed
[testing] Running with FP8, without top-k (async=False, previous=True) ... passed
[testing] Running with FP8, with top-k (async=False, previous=True) ... passed
[testing] Running with BF16, without top-k (async=True, previous=True) ... passed
[testing] Running with BF16, with top-k (async=True, previous=True) ... passed
[testing] Running with BF16, without top-k (async=True, previous=True) ... passed
[testing] Running with BF16, with top-k (async=True, previous=True) ... passed
[testing] Running with FP8, without top-k (async=True, previous=True) ... passed
[testing] Running with FP8, with top-k (async=True, previous=True) ... passed

[tuning] SMs 110, NVL chunk 10: 463.03 GB/s (NVL), avg_t: 194.31 us
[tuning] SMs 110, NVL chunk 12: 480.84 GB/s (NVL), avg_t: 187.12 us
[tuning] SMs 110, NVL chunk 14: 489.62 GB/s (NVL), avg_t: 183.76 us
[tuning] SMs 110, NVL chunk 16: 484.92 GB/s (NVL), avg_t: 185.54 us
[tuning] SMs 110, NVL chunk 18: 493.35 GB/s (NVL), avg_t: 182.37 us
[tuning] SMs 110, NVL chunk 20: 498.32 GB/s (NVL), avg_t: 180.55 us
[tuning] SMs 110, NVL chunk 22: 498.18 GB/s (NVL), avg_t: 180.60 us
[tuning] SMs 110, NVL chunk 24: 492.08 GB/s (NVL), avg_t: 182.84 us
[tuning] SMs 110, NVL chunk 26: 487.92 GB/s (NVL), avg_t: 184.40 us
[tuning] SMs 110, NVL chunk 28: 493.29 GB/s (NVL), avg_t: 182.39 us
[tuning] SMs 110, NVL chunk 30: 494.88 GB/s (NVL), avg_t: 181.81 us
[tuning] SMs 110, NVL chunk 32: 495.97 GB/s (NVL), avg_t: 181.41 us
[tuning] SMs 110, NVL chunk 34: 486.48 GB/s (NVL), avg_t: 184.95 us
[tuning] SMs 110, NVL chunk 36: 481.85 GB/s (NVL), avg_t: 186.72 us
[tuning] SMs 110, NVL chunk 38: 479.58 GB/s (NVL), avg_t: 187.61 us
[tuning] SMs 110, NVL chunk 40: 472.61 GB/s (NVL), avg_t: 190.38 us
[tuning] SMs 110, NVL chunk 42: 464.34 GB/s (NVL), avg_t: 193.76 us
[tuning] SMs 110, NVL chunk 44: 461.25 GB/s (NVL), avg_t: 195.06 us
[tuning] SMs 110, NVL chunk 46: 454.99 GB/s (NVL), avg_t: 197.75 us
[tuning] SMs 110, NVL chunk 48: 453.41 GB/s (NVL), avg_t: 198.44 us
[tuning] SMs 110, NVL chunk 50: 450.09 GB/s (NVL), avg_t: 199.90 us
[tuning] SMs 110, NVL chunk 52: 448.06 GB/s (NVL), avg_t: 200.80 us
[tuning] SMs 110, NVL chunk 54: 447.31 GB/s (NVL), avg_t: 201.14 us
[tuning] SMs 110, NVL chunk 56: 447.44 GB/s (NVL), avg_t: 201.08 us
[tuning] SMs 110, NVL chunk 58: 446.10 GB/s (NVL), avg_t: 201.69 us
[tuning] SMs 110, NVL chunk 60: 449.99 GB/s (NVL), avg_t: 199.94 us
[tuning] SMs 110, NVL chunk 62: 450.20 GB/s (NVL), avg_t: 199.85 us
[tuning] SMs 110, NVL chunk 64: 449.10 GB/s (NVL), avg_t: 200.34 us
[tuning] Best dispatch (BF16): SMs 110, NVL chunk 20, 498.32 GB/s (NVL), t: 180.55 us

[tuning] SMs 110, NVL chunk 10: 425.51 GB/s (NVL), avg_t: 211.45 us
[tuning] SMs 110, NVL chunk 12: 432.07 GB/s (NVL), avg_t: 208.24 us
[tuning] SMs 110, NVL chunk 14: 442.17 GB/s (NVL), avg_t: 203.48 us
[tuning] SMs 110, NVL chunk 16: 439.94 GB/s (NVL), avg_t: 204.51 us
[tuning] SMs 110, NVL chunk 18: 437.95 GB/s (NVL), avg_t: 205.44 us
[tuning] SMs 110, NVL chunk 20: 439.30 GB/s (NVL), avg_t: 204.81 us
[tuning] SMs 110, NVL chunk 22: 433.99 GB/s (NVL), avg_t: 207.31 us
[tuning] SMs 110, NVL chunk 24: 432.57 GB/s (NVL), avg_t: 208.00 us
[tuning] SMs 110, NVL chunk 26: 432.03 GB/s (NVL), avg_t: 208.26 us
[tuning] SMs 110, NVL chunk 28: 425.91 GB/s (NVL), avg_t: 211.25 us
[tuning] SMs 110, NVL chunk 30: 420.40 GB/s (NVL), avg_t: 214.02 us
[tuning] SMs 110, NVL chunk 32: 416.11 GB/s (NVL), avg_t: 216.22 us
[tuning] SMs 110, NVL chunk 34: 416.15 GB/s (NVL), avg_t: 216.20 us
[tuning] SMs 110, NVL chunk 36: 412.66 GB/s (NVL), avg_t: 218.03 us
[tuning] SMs 110, NVL chunk 38: 409.31 GB/s (NVL), avg_t: 219.82 us
[tuning] SMs 110, NVL chunk 40: 407.54 GB/s (NVL), avg_t: 220.77 us
[tuning] SMs 110, NVL chunk 42: 402.16 GB/s (NVL), avg_t: 223.73 us
[tuning] SMs 110, NVL chunk 44: 401.07 GB/s (NVL), avg_t: 224.33 us
[tuning] SMs 110, NVL chunk 46: 396.33 GB/s (NVL), avg_t: 227.01 us
[tuning] SMs 110, NVL chunk 48: 395.74 GB/s (NVL), avg_t: 227.35 us
[tuning] SMs 110, NVL chunk 50: 393.99 GB/s (NVL), avg_t: 228.36 us
[tuning] SMs 110, NVL chunk 52: 392.75 GB/s (NVL), avg_t: 229.09 us
[tuning] SMs 110, NVL chunk 54: 393.63 GB/s (NVL), avg_t: 228.57 us
[tuning] SMs 110, NVL chunk 56: 393.99 GB/s (NVL), avg_t: 228.37 us
[tuning] SMs 110, NVL chunk 58: 395.95 GB/s (NVL), avg_t: 227.24 us
[tuning] SMs 110, NVL chunk 60: 396.96 GB/s (NVL), avg_t: 226.65 us
[tuning] SMs 110, NVL chunk 62: 396.56 GB/s (NVL), avg_t: 226.88 us
[tuning] SMs 110, NVL chunk 64: 396.86 GB/s (NVL), avg_t: 226.71 us
[tuning] Best combine: SMs 110, NVL chunk 14: 442.17 GB/s (NVL), t: 203.48 us


[config] num_tokens=4096, hidden=2048, num_topk=8
[layout] Kernel performance: 0.047 ms

[testing] Running with BF16, without top-k (async=False, previous=False) ... passed
[testing] Running with BF16, with top-k (async=False, previous=False) ... passed
[testing] Running with BF16, without top-k (async=False, previous=False) ... passed
[testing] Running with BF16, with top-k (async=False, previous=False) ... passed
[testing] Running with FP8, without top-k (async=False, previous=False) ... passed
[testing] Running with FP8, with top-k (async=False, previous=False) ... passed
[testing] Running with BF16, without top-k (async=True, previous=False) ... passed
[testing] Running with BF16, with top-k (async=True, previous=False) ... passed
[testing] Running with BF16, without top-k (async=True, previous=False) ... passed
[testing] Running with BF16, with top-k (async=True, previous=False) ... passed
[testing] Running with FP8, without top-k (async=True, previous=False) ... passed
[testing] Running with FP8, with top-k (async=True, previous=False) ... passed
[testing] Running with BF16, without top-k (async=False, previous=True) ... passed
[testing] Running with BF16, with top-k (async=False, previous=True) ... passed
[testing] Running with BF16, without top-k (async=False, previous=True) ... passed
[testing] Running with BF16, with top-k (async=False, previous=True) ... passed
[testing] Running with FP8, without top-k (async=False, previous=True) ... passed
[testing] Running with FP8, with top-k (async=False, previous=True) ... passed
[testing] Running with BF16, without top-k (async=True, previous=True) ... passed
[testing] Running with BF16, with top-k (async=True, previous=True) ... passed
[testing] Running with BF16, without top-k (async=True, previous=True) ... passed
[testing] Running with BF16, with top-k (async=True, previous=True) ... passed
[testing] Running with FP8, without top-k (async=True, previous=True) ... passed
[testing] Running with FP8, with top-k (async=True, previous=True) ... passed

[tuning] SMs 112, NVL chunk 10: 462.26 GB/s (NVL), avg_t: 194.18 us
[tuning] SMs 112, NVL chunk 12: 480.64 GB/s (NVL), avg_t: 186.75 us
[tuning] SMs 112, NVL chunk 14: 490.62 GB/s (NVL), avg_t: 182.95 us
[tuning] SMs 112, NVL chunk 16: 485.62 GB/s (NVL), avg_t: 184.84 us
[tuning] SMs 112, NVL chunk 18: 487.65 GB/s (NVL), avg_t: 184.07 us
[tuning] SMs 112, NVL chunk 20: 494.94 GB/s (NVL), avg_t: 181.36 us
[tuning] SMs 112, NVL chunk 22: 496.57 GB/s (NVL), avg_t: 180.76 us
[tuning] SMs 112, NVL chunk 24: 492.11 GB/s (NVL), avg_t: 182.40 us
[tuning] SMs 112, NVL chunk 26: 483.56 GB/s (NVL), avg_t: 185.62 us
[tuning] SMs 112, NVL chunk 28: 487.62 GB/s (NVL), avg_t: 184.08 us
[tuning] SMs 112, NVL chunk 30: 494.19 GB/s (NVL), avg_t: 181.63 us
[tuning] SMs 112, NVL chunk 32: 492.55 GB/s (NVL), avg_t: 182.23 us
[tuning] SMs 112, NVL chunk 34: 484.71 GB/s (NVL), avg_t: 185.18 us
[tuning] SMs 112, NVL chunk 36: 479.48 GB/s (NVL), avg_t: 187.20 us
[tuning] SMs 112, NVL chunk 38: 477.00 GB/s (NVL), avg_t: 188.18 us
[tuning] SMs 112, NVL chunk 40: 469.56 GB/s (NVL), avg_t: 191.16 us
[tuning] SMs 112, NVL chunk 42: 464.50 GB/s (NVL), avg_t: 193.24 us
[tuning] SMs 112, NVL chunk 44: 457.56 GB/s (NVL), avg_t: 196.17 us
[tuning] SMs 112, NVL chunk 46: 454.80 GB/s (NVL), avg_t: 197.36 us
[tuning] SMs 112, NVL chunk 48: 451.72 GB/s (NVL), avg_t: 198.71 us
[tuning] SMs 112, NVL chunk 50: 451.25 GB/s (NVL), avg_t: 198.92 us
[tuning] SMs 112, NVL chunk 52: 445.58 GB/s (NVL), avg_t: 201.45 us
[tuning] SMs 112, NVL chunk 54: 445.18 GB/s (NVL), avg_t: 201.63 us
[tuning] SMs 112, NVL chunk 56: 446.04 GB/s (NVL), avg_t: 201.24 us
[tuning] SMs 112, NVL chunk 58: 445.87 GB/s (NVL), avg_t: 201.31 us
[tuning] SMs 112, NVL chunk 60: 447.20 GB/s (NVL), avg_t: 200.72 us
[tuning] SMs 112, NVL chunk 62: 448.05 GB/s (NVL), avg_t: 200.34 us
[tuning] SMs 112, NVL chunk 64: 450.15 GB/s (NVL), avg_t: 199.40 us
[tuning] Best dispatch (BF16): SMs 112, NVL chunk 22, 496.57 GB/s (NVL), t: 180.76 us

[tuning] SMs 112, NVL chunk 10: 437.93 GB/s (NVL), avg_t: 204.96 us
[tuning] SMs 112, NVL chunk 12: 453.93 GB/s (NVL), avg_t: 197.74 us
[tuning] SMs 112, NVL chunk 14: 458.27 GB/s (NVL), avg_t: 195.87 us
[tuning] SMs 112, NVL chunk 16: 456.10 GB/s (NVL), avg_t: 196.80 us
[tuning] SMs 112, NVL chunk 18: 460.03 GB/s (NVL), avg_t: 195.12 us
[tuning] SMs 112, NVL chunk 20: 460.93 GB/s (NVL), avg_t: 194.73 us
[tuning] SMs 112, NVL chunk 22: 455.25 GB/s (NVL), avg_t: 197.17 us
[tuning] SMs 112, NVL chunk 24: 452.53 GB/s (NVL), avg_t: 198.35 us
[tuning] SMs 112, NVL chunk 26: 451.99 GB/s (NVL), avg_t: 198.59 us
[tuning] SMs 112, NVL chunk 28: 446.99 GB/s (NVL), avg_t: 200.81 us
[tuning] SMs 112, NVL chunk 30: 442.46 GB/s (NVL), avg_t: 202.87 us
[tuning] SMs 112, NVL chunk 32: 436.27 GB/s (NVL), avg_t: 205.74 us
[tuning] SMs 112, NVL chunk 34: 436.34 GB/s (NVL), avg_t: 205.71 us
[tuning] SMs 112, NVL chunk 36: 435.15 GB/s (NVL), avg_t: 206.27 us
[tuning] SMs 112, NVL chunk 38: 431.99 GB/s (NVL), avg_t: 207.78 us
[tuning] SMs 112, NVL chunk 40: 427.11 GB/s (NVL), avg_t: 210.16 us
[tuning] SMs 112, NVL chunk 42: 425.15 GB/s (NVL), avg_t: 211.12 us
[tuning] SMs 112, NVL chunk 44: 422.29 GB/s (NVL), avg_t: 212.55 us
[tuning] SMs 112, NVL chunk 46: 418.60 GB/s (NVL), avg_t: 214.43 us
[tuning] SMs 112, NVL chunk 48: 416.63 GB/s (NVL), avg_t: 215.44 us
[tuning] SMs 112, NVL chunk 50: 414.28 GB/s (NVL), avg_t: 216.67 us
[tuning] SMs 112, NVL chunk 52: 412.68 GB/s (NVL), avg_t: 217.50 us
[tuning] SMs 112, NVL chunk 54: 414.20 GB/s (NVL), avg_t: 216.71 us
[tuning] SMs 112, NVL chunk 56: 414.79 GB/s (NVL), avg_t: 216.40 us
[tuning] SMs 112, NVL chunk 58: 415.16 GB/s (NVL), avg_t: 216.21 us
[tuning] SMs 112, NVL chunk 60: 420.42 GB/s (NVL), avg_t: 213.50 us
[tuning] SMs 112, NVL chunk 62: 419.22 GB/s (NVL), avg_t: 214.11 us
[tuning] SMs 112, NVL chunk 64: 417.64 GB/s (NVL), avg_t: 214.92 us
[tuning] Best combine: SMs 112, NVL chunk 20: 460.93 GB/s (NVL), t: 194.73 us


[config] num_tokens=4096, hidden=2048, num_topk=8
[layout] Kernel performance: 0.047 ms

[testing] Running with BF16, without top-k (async=False, previous=False) ... passed
[testing] Running with BF16, with top-k (async=False, previous=False) ... passed
[testing] Running with BF16, without top-k (async=False, previous=False) ... passed
[testing] Running with BF16, with top-k (async=False, previous=False) ... passed
[testing] Running with FP8, without top-k (async=False, previous=False) ... passed
[testing] Running with FP8, with top-k (async=False, previous=False) ... passed
[testing] Running with BF16, without top-k (async=True, previous=False) ... passed
[testing] Running with BF16, with top-k (async=True, previous=False) ... passed
[testing] Running with BF16, without top-k (async=True, previous=False) ... passed
[testing] Running with BF16, with top-k (async=True, previous=False) ... passed
[testing] Running with FP8, without top-k (async=True, previous=False) ... passed
[testing] Running with FP8, with top-k (async=True, previous=False) ... passed
[testing] Running with BF16, without top-k (async=False, previous=True) ... passed
[testing] Running with BF16, with top-k (async=False, previous=True) ... passed
[testing] Running with BF16, without top-k (async=False, previous=True) ... passed
[testing] Running with BF16, with top-k (async=False, previous=True) ... passed
[testing] Running with FP8, without top-k (async=False, previous=True) ... passed
[testing] Running with FP8, with top-k (async=False, previous=True) ... passed
[testing] Running with BF16, without top-k (async=True, previous=True) ... passed
[testing] Running with BF16, with top-k (async=True, previous=True) ... passed
[testing] Running with BF16, without top-k (async=True, previous=True) ... passed
[testing] Running with BF16, with top-k (async=True, previous=True) ... passed
[testing] Running with FP8, without top-k (async=True, previous=True) ... passed
[testing] Running with FP8, with top-k (async=True, previous=True) ... passed

[tuning] SMs 114, NVL chunk 10: 457.05 GB/s (NVL), avg_t: 195.20 us
[tuning] SMs 114, NVL chunk 12: 477.98 GB/s (NVL), avg_t: 186.65 us
[tuning] SMs 114, NVL chunk 14: 486.88 GB/s (NVL), avg_t: 183.24 us
[tuning] SMs 114, NVL chunk 16: 481.06 GB/s (NVL), avg_t: 185.45 us
[tuning] SMs 114, NVL chunk 18: 491.58 GB/s (NVL), avg_t: 181.49 us
[tuning] SMs 114, NVL chunk 20: 490.83 GB/s (NVL), avg_t: 181.76 us
[tuning] SMs 114, NVL chunk 22: 494.74 GB/s (NVL), avg_t: 180.33 us
[tuning] SMs 114, NVL chunk 24: 488.03 GB/s (NVL), avg_t: 182.81 us
[tuning] SMs 114, NVL chunk 26: 481.34 GB/s (NVL), avg_t: 185.35 us
[tuning] SMs 114, NVL chunk 28: 485.17 GB/s (NVL), avg_t: 183.88 us
[tuning] SMs 114, NVL chunk 30: 492.08 GB/s (NVL), avg_t: 181.30 us
[tuning] SMs 114, NVL chunk 32: 487.02 GB/s (NVL), avg_t: 183.19 us
[tuning] SMs 114, NVL chunk 34: 480.08 GB/s (NVL), avg_t: 185.83 us
[tuning] SMs 114, NVL chunk 36: 474.41 GB/s (NVL), avg_t: 188.05 us
[tuning] SMs 114, NVL chunk 38: 471.95 GB/s (NVL), avg_t: 189.04 us
[tuning] SMs 114, NVL chunk 40: 463.87 GB/s (NVL), avg_t: 192.33 us
[tuning] SMs 114, NVL chunk 42: 460.26 GB/s (NVL), avg_t: 193.83 us
[tuning] SMs 114, NVL chunk 44: 454.17 GB/s (NVL), avg_t: 196.43 us
[tuning] SMs 114, NVL chunk 46: 447.98 GB/s (NVL), avg_t: 199.15 us
[tuning] SMs 114, NVL chunk 48: 447.11 GB/s (NVL), avg_t: 199.54 us
[tuning] SMs 114, NVL chunk 50: 444.36 GB/s (NVL), avg_t: 200.77 us
[tuning] SMs 114, NVL chunk 52: 441.69 GB/s (NVL), avg_t: 201.98 us
[tuning] SMs 114, NVL chunk 54: 444.78 GB/s (NVL), avg_t: 200.58 us
[tuning] SMs 114, NVL chunk 56: 442.79 GB/s (NVL), avg_t: 201.49 us
[tuning] SMs 114, NVL chunk 58: 446.55 GB/s (NVL), avg_t: 199.79 us
[tuning] SMs 114, NVL chunk 60: 445.01 GB/s (NVL), avg_t: 200.48 us
[tuning] SMs 114, NVL chunk 62: 447.32 GB/s (NVL), avg_t: 199.44 us
[tuning] SMs 114, NVL chunk 64: 446.55 GB/s (NVL), avg_t: 199.79 us
[tuning] Best dispatch (BF16): SMs 114, NVL chunk 22, 494.74 GB/s (NVL), t: 180.33 us

[tuning] SMs 114, NVL chunk 10: 423.92 GB/s (NVL), avg_t: 210.45 us
[tuning] SMs 114, NVL chunk 12: 430.74 GB/s (NVL), avg_t: 207.12 us
[tuning] SMs 114, NVL chunk 14: 436.23 GB/s (NVL), avg_t: 204.51 us
[tuning] SMs 114, NVL chunk 16: 435.21 GB/s (NVL), avg_t: 204.99 us
[tuning] SMs 114, NVL chunk 18: 438.61 GB/s (NVL), avg_t: 203.41 us
[tuning] SMs 114, NVL chunk 20: 439.15 GB/s (NVL), avg_t: 203.15 us
[tuning] SMs 114, NVL chunk 22: 434.93 GB/s (NVL), avg_t: 205.13 us
[tuning] SMs 114, NVL chunk 24: 433.39 GB/s (NVL), avg_t: 205.85 us
[tuning] SMs 114, NVL chunk 26: 428.15 GB/s (NVL), avg_t: 208.37 us
[tuning] SMs 114, NVL chunk 28: 423.10 GB/s (NVL), avg_t: 210.86 us
[tuning] SMs 114, NVL chunk 30: 416.42 GB/s (NVL), avg_t: 214.24 us
[tuning] SMs 114, NVL chunk 32: 411.59 GB/s (NVL), avg_t: 216.76 us
[tuning] SMs 114, NVL chunk 34: 411.94 GB/s (NVL), avg_t: 216.57 us
[tuning] SMs 114, NVL chunk 36: 409.79 GB/s (NVL), avg_t: 217.71 us
[tuning] SMs 114, NVL chunk 38: 404.63 GB/s (NVL), avg_t: 220.48 us
[tuning] SMs 114, NVL chunk 40: 403.06 GB/s (NVL), avg_t: 221.34 us
[tuning] SMs 114, NVL chunk 42: 397.11 GB/s (NVL), avg_t: 224.66 us
[tuning] SMs 114, NVL chunk 44: 396.73 GB/s (NVL), avg_t: 224.88 us
[tuning] SMs 114, NVL chunk 46: 392.52 GB/s (NVL), avg_t: 227.29 us
[tuning] SMs 114, NVL chunk 48: 393.00 GB/s (NVL), avg_t: 227.01 us
[tuning] SMs 114, NVL chunk 50: 388.45 GB/s (NVL), avg_t: 229.67 us
[tuning] SMs 114, NVL chunk 52: 390.08 GB/s (NVL), avg_t: 228.71 us
[tuning] SMs 114, NVL chunk 54: 390.14 GB/s (NVL), avg_t: 228.67 us
[tuning] SMs 114, NVL chunk 56: 392.36 GB/s (NVL), avg_t: 227.38 us
[tuning] SMs 114, NVL chunk 58: 391.94 GB/s (NVL), avg_t: 227.63 us
[tuning] SMs 114, NVL chunk 60: 394.97 GB/s (NVL), avg_t: 225.88 us
[tuning] SMs 114, NVL chunk 62: 393.11 GB/s (NVL), avg_t: 226.94 us
[tuning] SMs 114, NVL chunk 64: 393.02 GB/s (NVL), avg_t: 227.00 us
[tuning] Best combine: SMs 114, NVL chunk 20: 439.15 GB/s (NVL), t: 203.15 us


[config] num_tokens=4096, hidden=2048, num_topk=8
[layout] Kernel performance: 0.047 ms

[testing] Running with BF16, without top-k (async=False, previous=False) ... passed
[testing] Running with BF16, with top-k (async=False, previous=False) ... passed
[testing] Running with BF16, without top-k (async=False, previous=False) ... passed
[testing] Running with BF16, with top-k (async=False, previous=False) ... passed
[testing] Running with FP8, without top-k (async=False, previous=False) ... passed
[testing] Running with FP8, with top-k (async=False, previous=False) ... passed
[testing] Running with BF16, without top-k (async=True, previous=False) ... passed
[testing] Running with BF16, with top-k (async=True, previous=False) ... passed
[testing] Running with BF16, without top-k (async=True, previous=False) ... passed
[testing] Running with BF16, with top-k (async=True, previous=False) ... passed
[testing] Running with FP8, without top-k (async=True, previous=False) ... passed
[testing] Running with FP8, with top-k (async=True, previous=False) ... passed
[testing] Running with BF16, without top-k (async=False, previous=True) ... passed
[testing] Running with BF16, with top-k (async=False, previous=True) ... passed
[testing] Running with BF16, without top-k (async=False, previous=True) ... passed
[testing] Running with BF16, with top-k (async=False, previous=True) ... passed
[testing] Running with FP8, without top-k (async=False, previous=True) ... passed
[testing] Running with FP8, with top-k (async=False, previous=True) ... passed
[testing] Running with BF16, without top-k (async=True, previous=True) ... passed
[testing] Running with BF16, with top-k (async=True, previous=True) ... passed
[testing] Running with BF16, without top-k (async=True, previous=True) ... passed
[testing] Running with BF16, with top-k (async=True, previous=True) ... passed
[testing] Running with FP8, without top-k (async=True, previous=True) ... passed
[testing] Running with FP8, with top-k (async=True, previous=True) ... passed

[tuning] SMs 116, NVL chunk 10: 460.06 GB/s (NVL), avg_t: 194.08 us
[tuning] SMs 116, NVL chunk 12: 478.46 GB/s (NVL), avg_t: 186.62 us
[tuning] SMs 116, NVL chunk 14: 486.04 GB/s (NVL), avg_t: 183.71 us
[tuning] SMs 116, NVL chunk 16: 479.03 GB/s (NVL), avg_t: 186.39 us
[tuning] SMs 116, NVL chunk 18: 490.79 GB/s (NVL), avg_t: 181.93 us
[tuning] SMs 116, NVL chunk 20: 493.00 GB/s (NVL), avg_t: 181.11 us
[tuning] SMs 116, NVL chunk 22: 494.95 GB/s (NVL), avg_t: 180.40 us
[tuning] SMs 116, NVL chunk 24: 486.99 GB/s (NVL), avg_t: 183.35 us
[tuning] SMs 116, NVL chunk 26: 482.79 GB/s (NVL), avg_t: 184.94 us
[tuning] SMs 116, NVL chunk 28: 490.72 GB/s (NVL), avg_t: 181.95 us
[tuning] SMs 116, NVL chunk 30: 490.84 GB/s (NVL), avg_t: 181.91 us
[tuning] SMs 116, NVL chunk 32: 486.52 GB/s (NVL), avg_t: 183.52 us
[tuning] SMs 116, NVL chunk 34: 481.03 GB/s (NVL), avg_t: 185.62 us
[tuning] SMs 116, NVL chunk 36: 474.74 GB/s (NVL), avg_t: 188.08 us
[tuning] SMs 116, NVL chunk 38: 469.77 GB/s (NVL), avg_t: 190.07 us
[tuning] SMs 116, NVL chunk 40: 464.27 GB/s (NVL), avg_t: 192.32 us
[tuning] SMs 116, NVL chunk 42: 460.22 GB/s (NVL), avg_t: 194.01 us
[tuning] SMs 116, NVL chunk 44: 451.16 GB/s (NVL), avg_t: 197.91 us
[tuning] SMs 116, NVL chunk 46: 449.24 GB/s (NVL), avg_t: 198.76 us
[tuning] SMs 116, NVL chunk 48: 446.94 GB/s (NVL), avg_t: 199.78 us
[tuning] SMs 116, NVL chunk 50: 444.69 GB/s (NVL), avg_t: 200.79 us
[tuning] SMs 116, NVL chunk 52: 441.53 GB/s (NVL), avg_t: 202.22 us
[tuning] SMs 116, NVL chunk 54: 444.34 GB/s (NVL), avg_t: 200.94 us
[tuning] SMs 116, NVL chunk 56: 445.74 GB/s (NVL), avg_t: 200.31 us
[tuning] SMs 116, NVL chunk 58: 446.41 GB/s (NVL), avg_t: 200.01 us
[tuning] SMs 116, NVL chunk 60: 448.02 GB/s (NVL), avg_t: 199.29 us
[tuning] SMs 116, NVL chunk 62: 445.78 GB/s (NVL), avg_t: 200.30 us
[tuning] SMs 116, NVL chunk 64: 447.11 GB/s (NVL), avg_t: 199.70 us
[tuning] Best dispatch (BF16): SMs 116, NVL chunk 22, 494.95 GB/s (NVL), t: 180.40 us

[tuning] SMs 116, NVL chunk 10: 437.65 GB/s (NVL), avg_t: 204.02 us
[tuning] SMs 116, NVL chunk 12: 449.26 GB/s (NVL), avg_t: 198.74 us
[tuning] SMs 116, NVL chunk 14: 463.37 GB/s (NVL), avg_t: 192.70 us
[tuning] SMs 116, NVL chunk 16: 448.30 GB/s (NVL), avg_t: 199.17 us
[tuning] SMs 116, NVL chunk 18: 458.51 GB/s (NVL), avg_t: 194.74 us
[tuning] SMs 116, NVL chunk 20: 457.76 GB/s (NVL), avg_t: 195.06 us
[tuning] SMs 116, NVL chunk 22: 455.51 GB/s (NVL), avg_t: 196.02 us
[tuning] SMs 116, NVL chunk 24: 452.76 GB/s (NVL), avg_t: 197.21 us
[tuning] SMs 116, NVL chunk 26: 444.83 GB/s (NVL), avg_t: 200.73 us
[tuning] SMs 116, NVL chunk 28: 442.22 GB/s (NVL), avg_t: 201.91 us
[tuning] SMs 116, NVL chunk 30: 436.04 GB/s (NVL), avg_t: 204.77 us
[tuning] SMs 116, NVL chunk 32: 431.07 GB/s (NVL), avg_t: 207.13 us
[tuning] SMs 116, NVL chunk 34: 431.49 GB/s (NVL), avg_t: 206.93 us
[tuning] SMs 116, NVL chunk 36: 430.58 GB/s (NVL), avg_t: 207.37 us
[tuning] SMs 116, NVL chunk 38: 424.64 GB/s (NVL), avg_t: 210.27 us
[tuning] SMs 116, NVL chunk 40: 422.36 GB/s (NVL), avg_t: 211.41 us
[tuning] SMs 116, NVL chunk 42: 417.93 GB/s (NVL), avg_t: 213.64 us
[tuning] SMs 116, NVL chunk 44: 416.97 GB/s (NVL), avg_t: 214.14 us
[tuning] SMs 116, NVL chunk 46: 413.58 GB/s (NVL), avg_t: 215.89 us
[tuning] SMs 116, NVL chunk 48: 411.55 GB/s (NVL), avg_t: 216.96 us
[tuning] SMs 116, NVL chunk 50: 408.36 GB/s (NVL), avg_t: 218.65 us
[tuning] SMs 116, NVL chunk 52: 411.43 GB/s (NVL), avg_t: 217.02 us
[tuning] SMs 116, NVL chunk 54: 411.49 GB/s (NVL), avg_t: 216.99 us
[tuning] SMs 116, NVL chunk 56: 413.21 GB/s (NVL), avg_t: 216.08 us
[tuning] SMs 116, NVL chunk 58: 413.77 GB/s (NVL), avg_t: 215.79 us
[tuning] SMs 116, NVL chunk 60: 415.51 GB/s (NVL), avg_t: 214.89 us
[tuning] SMs 116, NVL chunk 62: 416.52 GB/s (NVL), avg_t: 214.37 us
[tuning] SMs 116, NVL chunk 64: 415.40 GB/s (NVL), avg_t: 214.95 us
[tuning] Best combine: SMs 116, NVL chunk 14: 463.37 GB/s (NVL), t: 192.70 us


[config] num_tokens=4096, hidden=2048, num_topk=8
[layout] Kernel performance: 0.047 ms

[testing] Running with BF16, without top-k (async=False, previous=False) ... passed
[testing] Running with BF16, with top-k (async=False, previous=False) ... passed
[testing] Running with BF16, without top-k (async=False, previous=False) ... passed
[testing] Running with BF16, with top-k (async=False, previous=False) ... passed
[testing] Running with FP8, without top-k (async=False, previous=False) ... passed
[testing] Running with FP8, with top-k (async=False, previous=False) ... passed
[testing] Running with BF16, without top-k (async=True, previous=False) ... passed
[testing] Running with BF16, with top-k (async=True, previous=False) ... passed
[testing] Running with BF16, without top-k (async=True, previous=False) ... passed
[testing] Running with BF16, with top-k (async=True, previous=False) ... passed
[testing] Running with FP8, without top-k (async=True, previous=False) ... passed
[testing] Running with FP8, with top-k (async=True, previous=False) ... passed
[testing] Running with BF16, without top-k (async=False, previous=True) ... passed
[testing] Running with BF16, with top-k (async=False, previous=True) ... passed
[testing] Running with BF16, without top-k (async=False, previous=True) ... passed
[testing] Running with BF16, with top-k (async=False, previous=True) ... passed
[testing] Running with FP8, without top-k (async=False, previous=True) ... passed
[testing] Running with FP8, with top-k (async=False, previous=True) ... passed
[testing] Running with BF16, without top-k (async=True, previous=True) ... passed
[testing] Running with BF16, with top-k (async=True, previous=True) ... passed
[testing] Running with BF16, without top-k (async=True, previous=True) ... passed
[testing] Running with BF16, with top-k (async=True, previous=True) ... passed
[testing] Running with FP8, without top-k (async=True, previous=True) ... passed
[testing] Running with FP8, with top-k (async=True, previous=True) ... passed

[tuning] SMs 118, NVL chunk 10: 462.71 GB/s (NVL), avg_t: 193.96 us
[tuning] SMs 118, NVL chunk 12: 483.78 GB/s (NVL), avg_t: 185.51 us
[tuning] SMs 118, NVL chunk 14: 487.24 GB/s (NVL), avg_t: 184.20 us
[tuning] SMs 118, NVL chunk 16: 485.70 GB/s (NVL), avg_t: 184.78 us
[tuning] SMs 118, NVL chunk 18: 495.95 GB/s (NVL), avg_t: 180.96 us
[tuning] SMs 118, NVL chunk 20: 498.03 GB/s (NVL), avg_t: 180.21 us
[tuning] SMs 118, NVL chunk 22: 493.92 GB/s (NVL), avg_t: 181.71 us
[tuning] SMs 118, NVL chunk 24: 489.47 GB/s (NVL), avg_t: 183.35 us
[tuning] SMs 118, NVL chunk 26: 487.13 GB/s (NVL), avg_t: 184.24 us
[tuning] SMs 118, NVL chunk 28: 494.83 GB/s (NVL), avg_t: 181.37 us
[tuning] SMs 118, NVL chunk 30: 495.23 GB/s (NVL), avg_t: 181.22 us
[tuning] SMs 118, NVL chunk 32: 490.03 GB/s (NVL), avg_t: 183.15 us
[tuning] SMs 118, NVL chunk 34: 483.54 GB/s (NVL), avg_t: 185.61 us
[tuning] SMs 118, NVL chunk 36: 474.83 GB/s (NVL), avg_t: 189.01 us
[tuning] SMs 118, NVL chunk 38: 472.89 GB/s (NVL), avg_t: 189.78 us
[tuning] SMs 118, NVL chunk 40: 464.78 GB/s (NVL), avg_t: 193.10 us
[tuning] SMs 118, NVL chunk 42: 462.38 GB/s (NVL), avg_t: 194.10 us
[tuning] SMs 118, NVL chunk 44: 453.92 GB/s (NVL), avg_t: 197.71 us
[tuning] SMs 118, NVL chunk 46: 450.15 GB/s (NVL), avg_t: 199.37 us
[tuning] SMs 118, NVL chunk 48: 450.36 GB/s (NVL), avg_t: 199.28 us
[tuning] SMs 118, NVL chunk 50: 447.52 GB/s (NVL), avg_t: 200.54 us
[tuning] SMs 118, NVL chunk 52: 445.09 GB/s (NVL), avg_t: 201.64 us
[tuning] SMs 118, NVL chunk 54: 446.57 GB/s (NVL), avg_t: 200.97 us
[tuning] SMs 118, NVL chunk 56: 447.47 GB/s (NVL), avg_t: 200.57 us
[tuning] SMs 118, NVL chunk 58: 451.25 GB/s (NVL), avg_t: 198.89 us
[tuning] SMs 118, NVL chunk 60: 451.27 GB/s (NVL), avg_t: 198.88 us
[tuning] SMs 118, NVL chunk 62: 450.71 GB/s (NVL), avg_t: 199.13 us
[tuning] SMs 118, NVL chunk 64: 451.54 GB/s (NVL), avg_t: 198.76 us
[tuning] Best dispatch (BF16): SMs 118, NVL chunk 20, 498.03 GB/s (NVL), t: 180.21 us

[tuning] SMs 118, NVL chunk 10: 428.52 GB/s (NVL), avg_t: 209.43 us
[tuning] SMs 118, NVL chunk 12: 435.64 GB/s (NVL), avg_t: 206.01 us
[tuning] SMs 118, NVL chunk 14: 444.47 GB/s (NVL), avg_t: 201.92 us
[tuning] SMs 118, NVL chunk 16: 435.44 GB/s (NVL), avg_t: 206.11 us
[tuning] SMs 118, NVL chunk 18: 442.53 GB/s (NVL), avg_t: 202.80 us
[tuning] SMs 118, NVL chunk 20: 443.46 GB/s (NVL), avg_t: 202.38 us
[tuning] SMs 118, NVL chunk 22: 440.26 GB/s (NVL), avg_t: 203.85 us
[tuning] SMs 118, NVL chunk 24: 434.77 GB/s (NVL), avg_t: 206.42 us
[tuning] SMs 118, NVL chunk 26: 428.30 GB/s (NVL), avg_t: 209.54 us
[tuning] SMs 118, NVL chunk 28: 424.32 GB/s (NVL), avg_t: 211.51 us
[tuning] SMs 118, NVL chunk 30: 418.04 GB/s (NVL), avg_t: 214.68 us
[tuning] SMs 118, NVL chunk 32: 414.98 GB/s (NVL), avg_t: 216.27 us
[tuning] SMs 118, NVL chunk 34: 414.97 GB/s (NVL), avg_t: 216.27 us
[tuning] SMs 118, NVL chunk 36: 411.50 GB/s (NVL), avg_t: 218.10 us
[tuning] SMs 118, NVL chunk 38: 406.65 GB/s (NVL), avg_t: 220.70 us
[tuning] SMs 118, NVL chunk 40: 403.25 GB/s (NVL), avg_t: 222.56 us
[tuning] SMs 118, NVL chunk 42: 400.10 GB/s (NVL), avg_t: 224.31 us
[tuning] SMs 118, NVL chunk 44: 398.94 GB/s (NVL), avg_t: 224.97 us
[tuning] SMs 118, NVL chunk 46: 394.28 GB/s (NVL), avg_t: 227.62 us
[tuning] SMs 118, NVL chunk 48: 394.34 GB/s (NVL), avg_t: 227.59 us
[tuning] SMs 118, NVL chunk 50: 394.27 GB/s (NVL), avg_t: 227.63 us
[tuning] SMs 118, NVL chunk 52: 393.76 GB/s (NVL), avg_t: 227.92 us
[tuning] SMs 118, NVL chunk 54: 397.50 GB/s (NVL), avg_t: 225.78 us
[tuning] SMs 118, NVL chunk 56: 396.49 GB/s (NVL), avg_t: 226.36 us
[tuning] SMs 118, NVL chunk 58: 397.13 GB/s (NVL), avg_t: 225.99 us
[tuning] SMs 118, NVL chunk 60: 397.86 GB/s (NVL), avg_t: 225.58 us
[tuning] SMs 118, NVL chunk 62: 398.73 GB/s (NVL), avg_t: 225.08 us
[tuning] SMs 118, NVL chunk 64: 398.16 GB/s (NVL), avg_t: 225.41 us
[tuning] Best combine: SMs 118, NVL chunk 14: 444.47 GB/s (NVL), t: 201.92 us


[config] num_tokens=4096, hidden=2048, num_topk=8
[layout] Kernel performance: 0.048 ms

[testing] Running with BF16, without top-k (async=False, previous=False) ... passed
[testing] Running with BF16, with top-k (async=False, previous=False) ... passed
[testing] Running with BF16, without top-k (async=False, previous=False) ... passed
[testing] Running with BF16, with top-k (async=False, previous=False) ... passed
[testing] Running with FP8, without top-k (async=False, previous=False) ... passed
[testing] Running with FP8, with top-k (async=False, previous=False) ... passed
[testing] Running with BF16, without top-k (async=True, previous=False) ... passed
[testing] Running with BF16, with top-k (async=True, previous=False) ... passed
[testing] Running with BF16, without top-k (async=True, previous=False) ... passed
[testing] Running with BF16, with top-k (async=True, previous=False) ... passed
[testing] Running with FP8, without top-k (async=True, previous=False) ... passed
[testing] Running with FP8, with top-k (async=True, previous=False) ... passed
[testing] Running with BF16, without top-k (async=False, previous=True) ... passed
[testing] Running with BF16, with top-k (async=False, previous=True) ... passed
[testing] Running with BF16, without top-k (async=False, previous=True) ... passed
[testing] Running with BF16, with top-k (async=False, previous=True) ... passed
[testing] Running with FP8, without top-k (async=False, previous=True) ... passed
[testing] Running with FP8, with top-k (async=False, previous=True) ... passed
[testing] Running with BF16, without top-k (async=True, previous=True) ... passed
[testing] Running with BF16, with top-k (async=True, previous=True) ... passed
[testing] Running with BF16, without top-k (async=True, previous=True) ... passed
[testing] Running with BF16, with top-k (async=True, previous=True) ... passed
[testing] Running with FP8, without top-k (async=True, previous=True) ... passed
[testing] Running with FP8, with top-k (async=True, previous=True) ... passed

[tuning] SMs 120, NVL chunk 10: 459.06 GB/s (NVL), avg_t: 193.53 us
[tuning] SMs 120, NVL chunk 12: 479.12 GB/s (NVL), avg_t: 185.43 us
[tuning] SMs 120, NVL chunk 14: 486.61 GB/s (NVL), avg_t: 182.57 us
[tuning] SMs 120, NVL chunk 16: 479.53 GB/s (NVL), avg_t: 185.27 us
[tuning] SMs 120, NVL chunk 18: 490.28 GB/s (NVL), avg_t: 181.21 us
[tuning] SMs 120, NVL chunk 20: 491.57 GB/s (NVL), avg_t: 180.73 us
[tuning] SMs 120, NVL chunk 22: 491.67 GB/s (NVL), avg_t: 180.69 us
[tuning] SMs 120, NVL chunk 24: 482.40 GB/s (NVL), avg_t: 184.17 us
[tuning] SMs 120, NVL chunk 26: 484.29 GB/s (NVL), avg_t: 183.45 us
[tuning] SMs 120, NVL chunk 28: 491.98 GB/s (NVL), avg_t: 180.58 us
[tuning] SMs 120, NVL chunk 30: 488.28 GB/s (NVL), avg_t: 181.95 us
[tuning] SMs 120, NVL chunk 32: 486.56 GB/s (NVL), avg_t: 182.59 us
[tuning] SMs 120, NVL chunk 34: 476.56 GB/s (NVL), avg_t: 186.42 us
[tuning] SMs 120, NVL chunk 36: 470.62 GB/s (NVL), avg_t: 188.78 us
[tuning] SMs 120, NVL chunk 38: 467.95 GB/s (NVL), avg_t: 189.85 us
[tuning] SMs 120, NVL chunk 40: 463.83 GB/s (NVL), avg_t: 191.54 us
[tuning] SMs 120, NVL chunk 42: 456.66 GB/s (NVL), avg_t: 194.55 us
[tuning] SMs 120, NVL chunk 44: 451.11 GB/s (NVL), avg_t: 196.94 us
[tuning] SMs 120, NVL chunk 46: 448.49 GB/s (NVL), avg_t: 198.09 us
[tuning] SMs 120, NVL chunk 48: 448.10 GB/s (NVL), avg_t: 198.27 us
[tuning] SMs 120, NVL chunk 50: 444.03 GB/s (NVL), avg_t: 200.08 us
[tuning] SMs 120, NVL chunk 52: 443.68 GB/s (NVL), avg_t: 200.24 us
[tuning] SMs 120, NVL chunk 54: 445.85 GB/s (NVL), avg_t: 199.27 us
[tuning] SMs 120, NVL chunk 56: 444.93 GB/s (NVL), avg_t: 199.68 us
[tuning] SMs 120, NVL chunk 58: 446.57 GB/s (NVL), avg_t: 198.95 us
[tuning] SMs 120, NVL chunk 60: 449.26 GB/s (NVL), avg_t: 197.75 us
[tuning] SMs 120, NVL chunk 62: 448.12 GB/s (NVL), avg_t: 198.26 us
[tuning] SMs 120, NVL chunk 64: 447.27 GB/s (NVL), avg_t: 198.63 us
[tuning] Best dispatch (BF16): SMs 120, NVL chunk 28, 491.98 GB/s (NVL), t: 180.58 us

[tuning] SMs 120, NVL chunk 10: 436.02 GB/s (NVL), avg_t: 203.76 us
[tuning] SMs 120, NVL chunk 12: 447.90 GB/s (NVL), avg_t: 198.35 us
[tuning] SMs 120, NVL chunk 14: 459.50 GB/s (NVL), avg_t: 193.35 us
[tuning] SMs 120, NVL chunk 16: 450.49 GB/s (NVL), avg_t: 197.21 us
[tuning] SMs 120, NVL chunk 18: 460.40 GB/s (NVL), avg_t: 192.97 us
[tuning] SMs 120, NVL chunk 20: 461.20 GB/s (NVL), avg_t: 192.63 us
[tuning] SMs 120, NVL chunk 22: 456.78 GB/s (NVL), avg_t: 194.50 us
[tuning] SMs 120, NVL chunk 24: 452.44 GB/s (NVL), avg_t: 196.36 us
[tuning] SMs 120, NVL chunk 26: 448.39 GB/s (NVL), avg_t: 198.13 us
[tuning] SMs 120, NVL chunk 28: 452.60 GB/s (NVL), avg_t: 196.29 us
[tuning] SMs 120, NVL chunk 30: 448.50 GB/s (NVL), avg_t: 198.09 us
[tuning] SMs 120, NVL chunk 32: 446.12 GB/s (NVL), avg_t: 199.15 us
[tuning] SMs 120, NVL chunk 34: 446.88 GB/s (NVL), avg_t: 198.81 us
[tuning] SMs 120, NVL chunk 36: 443.12 GB/s (NVL), avg_t: 200.49 us
[tuning] SMs 120, NVL chunk 38: 438.46 GB/s (NVL), avg_t: 202.62 us
[tuning] SMs 120, NVL chunk 40: 436.48 GB/s (NVL), avg_t: 203.54 us
[tuning] SMs 120, NVL chunk 42: 431.27 GB/s (NVL), avg_t: 206.00 us
[tuning] SMs 120, NVL chunk 44: 430.93 GB/s (NVL), avg_t: 206.16 us
[tuning] SMs 120, NVL chunk 46: 425.20 GB/s (NVL), avg_t: 208.94 us
[tuning] SMs 120, NVL chunk 48: 424.52 GB/s (NVL), avg_t: 209.28 us
[tuning] SMs 120, NVL chunk 50: 423.63 GB/s (NVL), avg_t: 209.72 us
[tuning] SMs 120, NVL chunk 52: 426.61 GB/s (NVL), avg_t: 208.25 us
[tuning] SMs 120, NVL chunk 54: 428.11 GB/s (NVL), avg_t: 207.52 us
[tuning] SMs 120, NVL chunk 56: 429.56 GB/s (NVL), avg_t: 206.82 us
[tuning] SMs 120, NVL chunk 58: 428.14 GB/s (NVL), avg_t: 207.51 us
[tuning] SMs 120, NVL chunk 60: 430.60 GB/s (NVL), avg_t: 206.32 us
[tuning] SMs 120, NVL chunk 62: 430.37 GB/s (NVL), avg_t: 206.43 us
[tuning] SMs 120, NVL chunk 64: 430.81 GB/s (NVL), avg_t: 206.22 us
[tuning] Best combine: SMs 120, NVL chunk 20: 461.20 GB/s (NVL), t: 192.63 us


[config] num_tokens=4096, hidden=2048, num_topk=8
[layout] Kernel performance: 0.047 ms

[testing] Running with BF16, without top-k (async=False, previous=False) ... passed
[testing] Running with BF16, with top-k (async=False, previous=False) ... passed
[testing] Running with BF16, without top-k (async=False, previous=False) ... passed
[testing] Running with BF16, with top-k (async=False, previous=False) ... passed
[testing] Running with FP8, without top-k (async=False, previous=False) ... passed
[testing] Running with FP8, with top-k (async=False, previous=False) ... passed
[testing] Running with BF16, without top-k (async=True, previous=False) ... passed
[testing] Running with BF16, with top-k (async=True, previous=False) ... passed
[testing] Running with BF16, without top-k (async=True, previous=False) ... passed
[testing] Running with BF16, with top-k (async=True, previous=False) ... passed
[testing] Running with FP8, without top-k (async=True, previous=False) ... passed
[testing] Running with FP8, with top-k (async=True, previous=False) ... passed
[testing] Running with BF16, without top-k (async=False, previous=True) ... passed
[testing] Running with BF16, with top-k (async=False, previous=True) ... passed
[testing] Running with BF16, without top-k (async=False, previous=True) ... passed
[testing] Running with BF16, with top-k (async=False, previous=True) ... passed
[testing] Running with FP8, without top-k (async=False, previous=True) ... passed
[testing] Running with FP8, with top-k (async=False, previous=True) ... passed
[testing] Running with BF16, without top-k (async=True, previous=True) ... passed
[testing] Running with BF16, with top-k (async=True, previous=True) ... passed
[testing] Running with BF16, without top-k (async=True, previous=True) ... passed
[testing] Running with BF16, with top-k (async=True, previous=True) ... passed
[testing] Running with FP8, without top-k (async=True, previous=True) ... passed
[testing] Running with FP8, with top-k (async=True, previous=True) ... passed

[tuning] SMs 122, NVL chunk 10: 471.51 GB/s (NVL), avg_t: 191.85 us
[tuning] SMs 122, NVL chunk 12: 490.87 GB/s (NVL), avg_t: 184.28 us
[tuning] SMs 122, NVL chunk 14: 496.89 GB/s (NVL), avg_t: 182.05 us
[tuning] SMs 122, NVL chunk 16: 495.29 GB/s (NVL), avg_t: 182.64 us
[tuning] SMs 122, NVL chunk 18: 506.14 GB/s (NVL), avg_t: 178.72 us
[tuning] SMs 122, NVL chunk 20: 501.50 GB/s (NVL), avg_t: 180.38 us
[tuning] SMs 122, NVL chunk 22: 501.17 GB/s (NVL), avg_t: 180.50 us
[tuning] SMs 122, NVL chunk 24: 497.78 GB/s (NVL), avg_t: 181.73 us
[tuning] SMs 122, NVL chunk 26: 499.81 GB/s (NVL), avg_t: 180.99 us
[tuning] SMs 122, NVL chunk 28: 503.49 GB/s (NVL), avg_t: 179.67 us
[tuning] SMs 122, NVL chunk 30: 498.35 GB/s (NVL), avg_t: 181.52 us
[tuning] SMs 122, NVL chunk 32: 497.18 GB/s (NVL), avg_t: 181.95 us
[tuning] SMs 122, NVL chunk 34: 487.73 GB/s (NVL), avg_t: 185.47 us
[tuning] SMs 122, NVL chunk 36: 479.92 GB/s (NVL), avg_t: 188.49 us
[tuning] SMs 122, NVL chunk 38: 476.71 GB/s (NVL), avg_t: 189.76 us
[tuning] SMs 122, NVL chunk 40: 470.66 GB/s (NVL), avg_t: 192.20 us
[tuning] SMs 122, NVL chunk 42: 465.61 GB/s (NVL), avg_t: 194.28 us
[tuning] SMs 122, NVL chunk 44: 459.44 GB/s (NVL), avg_t: 196.89 us
[tuning] SMs 122, NVL chunk 46: 457.48 GB/s (NVL), avg_t: 197.73 us
[tuning] SMs 122, NVL chunk 48: 456.64 GB/s (NVL), avg_t: 198.10 us
[tuning] SMs 122, NVL chunk 50: 455.69 GB/s (NVL), avg_t: 198.51 us
[tuning] SMs 122, NVL chunk 52: 453.95 GB/s (NVL), avg_t: 199.27 us
[tuning] SMs 122, NVL chunk 54: 455.70 GB/s (NVL), avg_t: 198.51 us
[tuning] SMs 122, NVL chunk 56: 458.26 GB/s (NVL), avg_t: 197.40 us
[tuning] SMs 122, NVL chunk 58: 458.63 GB/s (NVL), avg_t: 197.24 us
[tuning] SMs 122, NVL chunk 60: 458.39 GB/s (NVL), avg_t: 197.34 us
[tuning] SMs 122, NVL chunk 62: 458.59 GB/s (NVL), avg_t: 197.26 us
[tuning] SMs 122, NVL chunk 64: 460.03 GB/s (NVL), avg_t: 196.64 us
[tuning] Best dispatch (BF16): SMs 122, NVL chunk 18, 506.14 GB/s (NVL), t: 178.72 us

[tuning] SMs 122, NVL chunk 10: 437.06 GB/s (NVL), avg_t: 206.97 us
[tuning] SMs 122, NVL chunk 12: 440.86 GB/s (NVL), avg_t: 205.19 us
[tuning] SMs 122, NVL chunk 14: 445.01 GB/s (NVL), avg_t: 203.28 us
[tuning] SMs 122, NVL chunk 16: 436.99 GB/s (NVL), avg_t: 207.01 us
[tuning] SMs 122, NVL chunk 18: 446.89 GB/s (NVL), avg_t: 202.42 us
[tuning] SMs 122, NVL chunk 20: 446.68 GB/s (NVL), avg_t: 202.52 us
[tuning] SMs 122, NVL chunk 22: 441.28 GB/s (NVL), avg_t: 205.00 us
[tuning] SMs 122, NVL chunk 24: 435.43 GB/s (NVL), avg_t: 207.75 us
[tuning] SMs 122, NVL chunk 26: 434.35 GB/s (NVL), avg_t: 208.27 us
[tuning] SMs 122, NVL chunk 28: 436.45 GB/s (NVL), avg_t: 207.26 us
[tuning] SMs 122, NVL chunk 30: 432.62 GB/s (NVL), avg_t: 209.10 us
[tuning] SMs 122, NVL chunk 32: 429.03 GB/s (NVL), avg_t: 210.85 us
[tuning] SMs 122, NVL chunk 34: 429.66 GB/s (NVL), avg_t: 210.54 us
[tuning] SMs 122, NVL chunk 36: 428.55 GB/s (NVL), avg_t: 211.08 us
[tuning] SMs 122, NVL chunk 38: 422.31 GB/s (NVL), avg_t: 214.21 us
[tuning] SMs 122, NVL chunk 40: 418.71 GB/s (NVL), avg_t: 216.04 us
[tuning] SMs 122, NVL chunk 42: 413.62 GB/s (NVL), avg_t: 218.70 us
[tuning] SMs 122, NVL chunk 44: 412.03 GB/s (NVL), avg_t: 219.55 us
[tuning] SMs 122, NVL chunk 46: 408.61 GB/s (NVL), avg_t: 221.38 us
[tuning] SMs 122, NVL chunk 48: 409.30 GB/s (NVL), avg_t: 221.01 us
[tuning] SMs 122, NVL chunk 50: 407.65 GB/s (NVL), avg_t: 221.91 us
[tuning] SMs 122, NVL chunk 52: 411.35 GB/s (NVL), avg_t: 219.91 us
[tuning] SMs 122, NVL chunk 54: 411.52 GB/s (NVL), avg_t: 219.82 us
[tuning] SMs 122, NVL chunk 56: 415.35 GB/s (NVL), avg_t: 217.79 us
[tuning] SMs 122, NVL chunk 58: 411.15 GB/s (NVL), avg_t: 220.02 us
[tuning] SMs 122, NVL chunk 60: 414.32 GB/s (NVL), avg_t: 218.33 us
[tuning] SMs 122, NVL chunk 62: 414.37 GB/s (NVL), avg_t: 218.31 us
[tuning] SMs 122, NVL chunk 64: 413.21 GB/s (NVL), avg_t: 218.92 us
[tuning] Best combine: SMs 122, NVL chunk 18: 446.89 GB/s (NVL), t: 202.42 us


[config] num_tokens=4096, hidden=2048, num_topk=8
[layout] Kernel performance: 0.048 ms

[testing] Running with BF16, without top-k (async=False, previous=False) ... passed
[testing] Running with BF16, with top-k (async=False, previous=False) ... passed
[testing] Running with BF16, without top-k (async=False, previous=False) ... passed
[testing] Running with BF16, with top-k (async=False, previous=False) ... passed
[testing] Running with FP8, without top-k (async=False, previous=False) ... passed
[testing] Running with FP8, with top-k (async=False, previous=False) ... passed
[testing] Running with BF16, without top-k (async=True, previous=False) ... passed
[testing] Running with BF16, with top-k (async=True, previous=False) ... passed
[testing] Running with BF16, without top-k (async=True, previous=False) ... passed
[testing] Running with BF16, with top-k (async=True, previous=False) ... passed
[testing] Running with FP8, without top-k (async=True, previous=False) ... passed
[testing] Running with FP8, with top-k (async=True, previous=False) ... passed
[testing] Running with BF16, without top-k (async=False, previous=True) ... passed
[testing] Running with BF16, with top-k (async=False, previous=True) ... passed
[testing] Running with BF16, without top-k (async=False, previous=True) ... passed
[testing] Running with BF16, with top-k (async=False, previous=True) ... passed
[testing] Running with FP8, without top-k (async=False, previous=True) ... passed
[testing] Running with FP8, with top-k (async=False, previous=True) ... passed
[testing] Running with BF16, without top-k (async=True, previous=True) ... passed
[testing] Running with BF16, with top-k (async=True, previous=True) ... passed
[testing] Running with BF16, without top-k (async=True, previous=True) ... passed
[testing] Running with BF16, with top-k (async=True, previous=True) ... passed
[testing] Running with FP8, without top-k (async=True, previous=True) ... passed
[testing] Running with FP8, with top-k (async=True, previous=True) ... passed

[tuning] SMs 124, NVL chunk 10: 473.25 GB/s (NVL), avg_t: 190.48 us
[tuning] SMs 124, NVL chunk 12: 490.60 GB/s (NVL), avg_t: 183.75 us
[tuning] SMs 124, NVL chunk 14: 495.51 GB/s (NVL), avg_t: 181.92 us
[tuning] SMs 124, NVL chunk 16: 492.87 GB/s (NVL), avg_t: 182.90 us
[tuning] SMs 124, NVL chunk 18: 503.26 GB/s (NVL), avg_t: 179.12 us
[tuning] SMs 124, NVL chunk 20: 499.07 GB/s (NVL), avg_t: 180.63 us
[tuning] SMs 124, NVL chunk 22: 501.97 GB/s (NVL), avg_t: 179.58 us
[tuning] SMs 124, NVL chunk 24: 496.33 GB/s (NVL), avg_t: 181.62 us
[tuning] SMs 124, NVL chunk 26: 500.74 GB/s (NVL), avg_t: 180.02 us
[tuning] SMs 124, NVL chunk 28: 505.87 GB/s (NVL), avg_t: 178.20 us
[tuning] SMs 124, NVL chunk 30: 501.23 GB/s (NVL), avg_t: 179.85 us
[tuning] SMs 124, NVL chunk 32: 498.22 GB/s (NVL), avg_t: 180.93 us
[tuning] SMs 124, NVL chunk 34: 490.76 GB/s (NVL), avg_t: 183.68 us
[tuning] SMs 124, NVL chunk 36: 480.53 GB/s (NVL), avg_t: 187.59 us
[tuning] SMs 124, NVL chunk 38: 477.74 GB/s (NVL), avg_t: 188.69 us
[tuning] SMs 124, NVL chunk 40: 470.65 GB/s (NVL), avg_t: 191.53 us
[tuning] SMs 124, NVL chunk 42: 467.13 GB/s (NVL), avg_t: 192.98 us
[tuning] SMs 124, NVL chunk 44: 461.33 GB/s (NVL), avg_t: 195.40 us
[tuning] SMs 124, NVL chunk 46: 457.58 GB/s (NVL), avg_t: 197.00 us
[tuning] SMs 124, NVL chunk 48: 458.80 GB/s (NVL), avg_t: 196.48 us
[tuning] SMs 124, NVL chunk 50: 456.45 GB/s (NVL), avg_t: 197.49 us
[tuning] SMs 124, NVL chunk 52: 458.67 GB/s (NVL), avg_t: 196.53 us
[tuning] SMs 124, NVL chunk 54: 462.11 GB/s (NVL), avg_t: 195.07 us
[tuning] SMs 124, NVL chunk 56: 461.35 GB/s (NVL), avg_t: 195.39 us
[tuning] SMs 124, NVL chunk 58: 460.92 GB/s (NVL), avg_t: 195.57 us
[tuning] SMs 124, NVL chunk 60: 460.69 GB/s (NVL), avg_t: 195.67 us
[tuning] SMs 124, NVL chunk 62: 462.62 GB/s (NVL), avg_t: 194.86 us
[tuning] SMs 124, NVL chunk 64: 462.23 GB/s (NVL), avg_t: 195.02 us
[tuning] Best dispatch (BF16): SMs 124, NVL chunk 28, 505.87 GB/s (NVL), t: 178.20 us

[tuning] SMs 124, NVL chunk 10: 448.99 GB/s (NVL), avg_t: 200.77 us
[tuning] SMs 124, NVL chunk 12: 459.43 GB/s (NVL), avg_t: 196.21 us
[tuning] SMs 124, NVL chunk 14: 465.32 GB/s (NVL), avg_t: 193.73 us
[tuning] SMs 124, NVL chunk 16: 459.97 GB/s (NVL), avg_t: 195.98 us
[tuning] SMs 124, NVL chunk 18: 469.08 GB/s (NVL), avg_t: 192.17 us
[tuning] SMs 124, NVL chunk 20: 476.02 GB/s (NVL), avg_t: 189.37 us
[tuning] SMs 124, NVL chunk 22: 463.96 GB/s (NVL), avg_t: 194.29 us
[tuning] SMs 124, NVL chunk 24: 459.59 GB/s (NVL), avg_t: 196.14 us
[tuning] SMs 124, NVL chunk 26: 459.56 GB/s (NVL), avg_t: 196.15 us
[tuning] SMs 124, NVL chunk 28: 460.89 GB/s (NVL), avg_t: 195.59 us
[tuning] SMs 124, NVL chunk 30: 456.99 GB/s (NVL), avg_t: 197.26 us
[tuning] SMs 124, NVL chunk 32: 451.75 GB/s (NVL), avg_t: 199.54 us
[tuning] SMs 124, NVL chunk 34: 453.29 GB/s (NVL), avg_t: 198.87 us
[tuning] SMs 124, NVL chunk 36: 451.20 GB/s (NVL), avg_t: 199.79 us
[tuning] SMs 124, NVL chunk 38: 446.41 GB/s (NVL), avg_t: 201.93 us
[tuning] SMs 124, NVL chunk 40: 442.92 GB/s (NVL), avg_t: 203.52 us
[tuning] SMs 124, NVL chunk 42: 437.19 GB/s (NVL), avg_t: 206.19 us
[tuning] SMs 124, NVL chunk 44: 434.79 GB/s (NVL), avg_t: 207.33 us
[tuning] SMs 124, NVL chunk 46: 431.19 GB/s (NVL), avg_t: 209.06 us
[tuning] SMs 124, NVL chunk 48: 431.85 GB/s (NVL), avg_t: 208.74 us
[tuning] SMs 124, NVL chunk 50: 433.02 GB/s (NVL), avg_t: 208.18 us
[tuning] SMs 124, NVL chunk 52: 436.74 GB/s (NVL), avg_t: 206.41 us
[tuning] SMs 124, NVL chunk 54: 437.49 GB/s (NVL), avg_t: 206.05 us
[tuning] SMs 124, NVL chunk 56: 437.98 GB/s (NVL), avg_t: 205.82 us
[tuning] SMs 124, NVL chunk 58: 436.87 GB/s (NVL), avg_t: 206.34 us
[tuning] SMs 124, NVL chunk 60: 437.96 GB/s (NVL), avg_t: 205.83 us
[tuning] SMs 124, NVL chunk 62: 437.83 GB/s (NVL), avg_t: 205.89 us
[tuning] SMs 124, NVL chunk 64: 437.24 GB/s (NVL), avg_t: 206.17 us
[tuning] Best combine: SMs 124, NVL chunk 20: 476.02 GB/s (NVL), t: 189.37 us


[config] num_tokens=4096, hidden=2048, num_topk=8
[layout] Kernel performance: 0.047 ms

[testing] Running with BF16, without top-k (async=False, previous=False) ... passed
[testing] Running with BF16, with top-k (async=False, previous=False) ... passed
[testing] Running with BF16, without top-k (async=False, previous=False) ... passed
[testing] Running with BF16, with top-k (async=False, previous=False) ... passed
[testing] Running with FP8, without top-k (async=False, previous=False) ... passed
[testing] Running with FP8, with top-k (async=False, previous=False) ... passed
[testing] Running with BF16, without top-k (async=True, previous=False) ... passed
[testing] Running with BF16, with top-k (async=True, previous=False) ... passed
[testing] Running with BF16, without top-k (async=True, previous=False) ... passed
[testing] Running with BF16, with top-k (async=True, previous=False) ... passed
[testing] Running with FP8, without top-k (async=True, previous=False) ... passed
[testing] Running with FP8, with top-k (async=True, previous=False) ... passed
[testing] Running with BF16, without top-k (async=False, previous=True) ... passed
[testing] Running with BF16, with top-k (async=False, previous=True) ... passed
[testing] Running with BF16, without top-k (async=False, previous=True) ... passed
[testing] Running with BF16, with top-k (async=False, previous=True) ... passed
[testing] Running with FP8, without top-k (async=False, previous=True) ... passed
[testing] Running with FP8, with top-k (async=False, previous=True) ... passed
[testing] Running with BF16, without top-k (async=True, previous=True) ... passed
[testing] Running with BF16, with top-k (async=True, previous=True) ... passed
[testing] Running with BF16, without top-k (async=True, previous=True) ... passed
[testing] Running with BF16, with top-k (async=True, previous=True) ... passed
[testing] Running with FP8, without top-k (async=True, previous=True) ... passed
[testing] Running with FP8, with top-k (async=True, previous=True) ... passed

[tuning] SMs 126, NVL chunk 10: 472.80 GB/s (NVL), avg_t: 189.75 us
[tuning] SMs 126, NVL chunk 12: 487.75 GB/s (NVL), avg_t: 183.94 us
[tuning] SMs 126, NVL chunk 14: 489.98 GB/s (NVL), avg_t: 183.10 us
[tuning] SMs 126, NVL chunk 16: 491.69 GB/s (NVL), avg_t: 182.46 us
[tuning] SMs 126, NVL chunk 18: 497.42 GB/s (NVL), avg_t: 180.36 us
[tuning] SMs 126, NVL chunk 20: 494.24 GB/s (NVL), avg_t: 181.52 us
[tuning] SMs 126, NVL chunk 22: 495.14 GB/s (NVL), avg_t: 181.19 us
[tuning] SMs 126, NVL chunk 24: 494.65 GB/s (NVL), avg_t: 181.37 us
[tuning] SMs 126, NVL chunk 26: 496.32 GB/s (NVL), avg_t: 180.76 us
[tuning] SMs 126, NVL chunk 28: 501.06 GB/s (NVL), avg_t: 179.05 us
[tuning] SMs 126, NVL chunk 30: 492.55 GB/s (NVL), avg_t: 182.14 us
[tuning] SMs 126, NVL chunk 32: 491.96 GB/s (NVL), avg_t: 182.36 us
[tuning] SMs 126, NVL chunk 34: 484.74 GB/s (NVL), avg_t: 185.08 us
[tuning] SMs 126, NVL chunk 36: 477.24 GB/s (NVL), avg_t: 187.99 us
[tuning] SMs 126, NVL chunk 38: 471.92 GB/s (NVL), avg_t: 190.11 us
[tuning] SMs 126, NVL chunk 40: 466.00 GB/s (NVL), avg_t: 192.52 us
[tuning] SMs 126, NVL chunk 42: 460.61 GB/s (NVL), avg_t: 194.77 us
[tuning] SMs 126, NVL chunk 44: 456.46 GB/s (NVL), avg_t: 196.54 us
[tuning] SMs 126, NVL chunk 46: 453.47 GB/s (NVL), avg_t: 197.84 us
[tuning] SMs 126, NVL chunk 48: 455.09 GB/s (NVL), avg_t: 197.14 us
[tuning] SMs 126, NVL chunk 50: 453.44 GB/s (NVL), avg_t: 197.85 us
[tuning] SMs 126, NVL chunk 52: 453.10 GB/s (NVL), avg_t: 198.00 us
[tuning] SMs 126, NVL chunk 54: 456.59 GB/s (NVL), avg_t: 196.49 us
[tuning] SMs 126, NVL chunk 56: 457.55 GB/s (NVL), avg_t: 196.08 us
[tuning] SMs 126, NVL chunk 58: 456.14 GB/s (NVL), avg_t: 196.68 us
[tuning] SMs 126, NVL chunk 60: 458.45 GB/s (NVL), avg_t: 195.69 us
[tuning] SMs 126, NVL chunk 62: 456.83 GB/s (NVL), avg_t: 196.38 us
[tuning] SMs 126, NVL chunk 64: 457.51 GB/s (NVL), avg_t: 196.09 us
[tuning] Best dispatch (BF16): SMs 126, NVL chunk 28, 501.06 GB/s (NVL), t: 179.05 us

[tuning] SMs 126, NVL chunk 10: 434.45 GB/s (NVL), avg_t: 206.50 us
[tuning] SMs 126, NVL chunk 12: 440.54 GB/s (NVL), avg_t: 203.65 us
[tuning] SMs 126, NVL chunk 14: 442.13 GB/s (NVL), avg_t: 202.92 us
[tuning] SMs 126, NVL chunk 16: 437.16 GB/s (NVL), avg_t: 205.22 us
[tuning] SMs 126, NVL chunk 18: 450.14 GB/s (NVL), avg_t: 199.30 us
[tuning] SMs 126, NVL chunk 20: 447.86 GB/s (NVL), avg_t: 200.32 us
[tuning] SMs 126, NVL chunk 22: 439.51 GB/s (NVL), avg_t: 204.12 us
[tuning] SMs 126, NVL chunk 24: 435.05 GB/s (NVL), avg_t: 206.22 us
[tuning] SMs 126, NVL chunk 26: 432.80 GB/s (NVL), avg_t: 207.29 us
[tuning] SMs 126, NVL chunk 28: 433.09 GB/s (NVL), avg_t: 207.15 us
[tuning] SMs 126, NVL chunk 30: 429.09 GB/s (NVL), avg_t: 209.08 us
[tuning] SMs 126, NVL chunk 32: 425.21 GB/s (NVL), avg_t: 210.99 us
[tuning] SMs 126, NVL chunk 34: 426.14 GB/s (NVL), avg_t: 210.53 us
[tuning] SMs 126, NVL chunk 36: 423.70 GB/s (NVL), avg_t: 211.74 us
[tuning] SMs 126, NVL chunk 38: 417.84 GB/s (NVL), avg_t: 214.71 us
[tuning] SMs 126, NVL chunk 40: 417.39 GB/s (NVL), avg_t: 214.94 us
[tuning] SMs 126, NVL chunk 42: 410.28 GB/s (NVL), avg_t: 218.67 us
[tuning] SMs 126, NVL chunk 44: 408.72 GB/s (NVL), avg_t: 219.50 us
[tuning] SMs 126, NVL chunk 46: 407.15 GB/s (NVL), avg_t: 220.35 us
[tuning] SMs 126, NVL chunk 48: 405.89 GB/s (NVL), avg_t: 221.03 us
[tuning] SMs 126, NVL chunk 50: 404.60 GB/s (NVL), avg_t: 221.74 us
[tuning] SMs 126, NVL chunk 52: 408.59 GB/s (NVL), avg_t: 219.57 us
[tuning] SMs 126, NVL chunk 54: 410.86 GB/s (NVL), avg_t: 218.36 us
[tuning] SMs 126, NVL chunk 56: 413.27 GB/s (NVL), avg_t: 217.09 us
[tuning] SMs 126, NVL chunk 58: 410.54 GB/s (NVL), avg_t: 218.53 us
[tuning] SMs 126, NVL chunk 60: 413.65 GB/s (NVL), avg_t: 216.89 us
[tuning] SMs 126, NVL chunk 62: 412.03 GB/s (NVL), avg_t: 217.74 us
[tuning] SMs 126, NVL chunk 64: 411.29 GB/s (NVL), avg_t: 218.13 us
[tuning] Best combine: SMs 126, NVL chunk 18: 450.14 GB/s (NVL), t: 199.30 us


[config] num_tokens=4096, hidden=2048, num_topk=8
[layout] Kernel performance: 0.047 ms

[testing] Running with BF16, without top-k (async=False, previous=False) ... passed
[testing] Running with BF16, with top-k (async=False, previous=False) ... passed
[testing] Running with BF16, without top-k (async=False, previous=False) ... passed
[testing] Running with BF16, with top-k (async=False, previous=False) ... passed
[testing] Running with FP8, without top-k (async=False, previous=False) ... passed
[testing] Running with FP8, with top-k (async=False, previous=False) ... passed
[testing] Running with BF16, without top-k (async=True, previous=False) ... passed
[testing] Running with BF16, with top-k (async=True, previous=False) ... passed
[testing] Running with BF16, without top-k (async=True, previous=False) ... passed
[testing] Running with BF16, with top-k (async=True, previous=False) ... passed
[testing] Running with FP8, without top-k (async=True, previous=False) ... passed
[testing] Running with FP8, with top-k (async=True, previous=False) ... passed
[testing] Running with BF16, without top-k (async=False, previous=True) ... passed
[testing] Running with BF16, with top-k (async=False, previous=True) ... passed
[testing] Running with BF16, without top-k (async=False, previous=True) ... passed
[testing] Running with BF16, with top-k (async=False, previous=True) ... passed
[testing] Running with FP8, without top-k (async=False, previous=True) ... passed
[testing] Running with FP8, with top-k (async=False, previous=True) ... passed
[testing] Running with BF16, without top-k (async=True, previous=True) ... passed
[testing] Running with BF16, with top-k (async=True, previous=True) ... passed
[testing] Running with BF16, without top-k (async=True, previous=True) ... passed
[testing] Running with BF16, with top-k (async=True, previous=True) ... passed
[testing] Running with FP8, without top-k (async=True, previous=True) ... passed
[testing] Running with FP8, with top-k (async=True, previous=True) ... passed

[tuning] SMs 128, NVL chunk 10: 477.59 GB/s (NVL), avg_t: 188.50 us
[tuning] SMs 128, NVL chunk 12: 497.49 GB/s (NVL), avg_t: 180.96 us
[tuning] SMs 128, NVL chunk 14: 496.87 GB/s (NVL), avg_t: 181.19 us
[tuning] SMs 128, NVL chunk 16: 499.46 GB/s (NVL), avg_t: 180.25 us
[tuning] SMs 128, NVL chunk 18: 505.09 GB/s (NVL), avg_t: 178.24 us
[tuning] SMs 128, NVL chunk 20: 500.84 GB/s (NVL), avg_t: 179.75 us
[tuning] SMs 128, NVL chunk 22: 498.01 GB/s (NVL), avg_t: 180.77 us
[tuning] SMs 128, NVL chunk 24: 497.32 GB/s (NVL), avg_t: 181.02 us
[tuning] SMs 128, NVL chunk 26: 503.91 GB/s (NVL), avg_t: 178.66 us
[tuning] SMs 128, NVL chunk 28: 500.68 GB/s (NVL), avg_t: 179.81 us
[tuning] SMs 128, NVL chunk 30: 499.93 GB/s (NVL), avg_t: 180.08 us
[tuning] SMs 128, NVL chunk 32: 494.70 GB/s (NVL), avg_t: 181.98 us
[tuning] SMs 128, NVL chunk 34: 484.11 GB/s (NVL), avg_t: 185.96 us
[tuning] SMs 128, NVL chunk 36: 477.37 GB/s (NVL), avg_t: 188.59 us
[tuning] SMs 128, NVL chunk 38: 473.81 GB/s (NVL), avg_t: 190.01 us
[tuning] SMs 128, NVL chunk 40: 467.56 GB/s (NVL), avg_t: 192.54 us
[tuning] SMs 128, NVL chunk 42: 464.76 GB/s (NVL), avg_t: 193.70 us
[tuning] SMs 128, NVL chunk 44: 456.50 GB/s (NVL), avg_t: 197.21 us
[tuning] SMs 128, NVL chunk 46: 455.06 GB/s (NVL), avg_t: 197.83 us
[tuning] SMs 128, NVL chunk 48: 456.16 GB/s (NVL), avg_t: 197.36 us
[tuning] SMs 128, NVL chunk 50: 453.01 GB/s (NVL), avg_t: 198.73 us
[tuning] SMs 128, NVL chunk 52: 459.09 GB/s (NVL), avg_t: 196.10 us
[tuning] SMs 128, NVL chunk 54: 458.42 GB/s (NVL), avg_t: 196.38 us
[tuning] SMs 128, NVL chunk 56: 459.51 GB/s (NVL), avg_t: 195.92 us
[tuning] SMs 128, NVL chunk 58: 460.48 GB/s (NVL), avg_t: 195.50 us
[tuning] SMs 128, NVL chunk 60: 460.49 GB/s (NVL), avg_t: 195.50 us
[tuning] SMs 128, NVL chunk 62: 460.83 GB/s (NVL), avg_t: 195.36 us
[tuning] SMs 128, NVL chunk 64: 459.36 GB/s (NVL), avg_t: 195.98 us
[tuning] Best dispatch (BF16): SMs 128, NVL chunk 18, 505.09 GB/s (NVL), t: 178.24 us

[tuning] SMs 128, NVL chunk 10: 456.41 GB/s (NVL), avg_t: 197.25 us
[tuning] SMs 128, NVL chunk 12: 471.27 GB/s (NVL), avg_t: 191.03 us
[tuning] SMs 128, NVL chunk 14: 467.56 GB/s (NVL), avg_t: 192.54 us
[tuning] SMs 128, NVL chunk 16: 471.47 GB/s (NVL), avg_t: 190.95 us
[tuning] SMs 128, NVL chunk 18: 488.74 GB/s (NVL), avg_t: 184.20 us
[tuning] SMs 128, NVL chunk 20: 476.15 GB/s (NVL), avg_t: 189.07 us
[tuning] SMs 128, NVL chunk 22: 465.83 GB/s (NVL), avg_t: 193.26 us
[tuning] SMs 128, NVL chunk 24: 464.75 GB/s (NVL), avg_t: 193.71 us
[tuning] SMs 128, NVL chunk 26: 465.76 GB/s (NVL), avg_t: 193.29 us
[tuning] SMs 128, NVL chunk 28: 463.11 GB/s (NVL), avg_t: 194.39 us
[tuning] SMs 128, NVL chunk 30: 457.95 GB/s (NVL), avg_t: 196.58 us
[tuning] SMs 128, NVL chunk 32: 455.81 GB/s (NVL), avg_t: 197.51 us
[tuning] SMs 128, NVL chunk 34: 456.21 GB/s (NVL), avg_t: 197.34 us
[tuning] SMs 128, NVL chunk 36: 454.78 GB/s (NVL), avg_t: 197.96 us
[tuning] SMs 128, NVL chunk 38: 447.24 GB/s (NVL), avg_t: 201.29 us
[tuning] SMs 128, NVL chunk 40: 442.74 GB/s (NVL), avg_t: 203.34 us
[tuning] SMs 128, NVL chunk 42: 438.84 GB/s (NVL), avg_t: 205.15 us
[tuning] SMs 128, NVL chunk 44: 440.78 GB/s (NVL), avg_t: 204.24 us
[tuning] SMs 128, NVL chunk 46: 435.80 GB/s (NVL), avg_t: 206.57 us
[tuning] SMs 128, NVL chunk 48: 436.85 GB/s (NVL), avg_t: 206.08 us
[tuning] SMs 128, NVL chunk 50: 436.99 GB/s (NVL), avg_t: 206.01 us
[tuning] SMs 128, NVL chunk 52: 442.67 GB/s (NVL), avg_t: 203.37 us
[tuning] SMs 128, NVL chunk 54: 441.73 GB/s (NVL), avg_t: 203.80 us
[tuning] SMs 128, NVL chunk 56: 443.82 GB/s (NVL), avg_t: 202.84 us
[tuning] SMs 128, NVL chunk 58: 442.96 GB/s (NVL), avg_t: 203.24 us
[tuning] SMs 128, NVL chunk 60: 442.22 GB/s (NVL), avg_t: 203.58 us
[tuning] SMs 128, NVL chunk 62: 443.68 GB/s (NVL), avg_t: 202.91 us
[tuning] SMs 128, NVL chunk 64: 442.60 GB/s (NVL), avg_t: 203.40 us
[tuning] Best combine: SMs 128, NVL chunk 18: 488.74 GB/s (NVL), t: 184.20 us


[config] num_tokens=4096, hidden=2048, num_topk=8
[layout] Kernel performance: 0.047 ms

[testing] Running with BF16, without top-k (async=False, previous=False) ... passed
[testing] Running with BF16, with top-k (async=False, previous=False) ... passed
[testing] Running with BF16, without top-k (async=False, previous=False) ... passed
[testing] Running with BF16, with top-k (async=False, previous=False) ... passed
[testing] Running with FP8, without top-k (async=False, previous=False) ... passed
[testing] Running with FP8, with top-k (async=False, previous=False) ... passed
[testing] Running with BF16, without top-k (async=True, previous=False) ... passed
[testing] Running with BF16, with top-k (async=True, previous=False) ... passed
[testing] Running with BF16, without top-k (async=True, previous=False) ... passed
[testing] Running with BF16, with top-k (async=True, previous=False) ... passed
[testing] Running with FP8, without top-k (async=True, previous=False) ... passed
[testing] Running with FP8, with top-k (async=True, previous=False) ... passed
[testing] Running with BF16, without top-k (async=False, previous=True) ... passed
[testing] Running with BF16, with top-k (async=False, previous=True) ... passed
[testing] Running with BF16, without top-k (async=False, previous=True) ... passed
[testing] Running with BF16, with top-k (async=False, previous=True) ... passed
[testing] Running with FP8, without top-k (async=False, previous=True) ... passed
[testing] Running with FP8, with top-k (async=False, previous=True) ... passed
[testing] Running with BF16, without top-k (async=True, previous=True) ... passed
[testing] Running with BF16, with top-k (async=True, previous=True) ... passed
[testing] Running with BF16, without top-k (async=True, previous=True) ... passed
[testing] Running with BF16, with top-k (async=True, previous=True) ... passed
[testing] Running with FP8, without top-k (async=True, previous=True) ... passed
[testing] Running with FP8, with top-k (async=True, previous=True) ... passed

[tuning] SMs 130, NVL chunk 10: 472.17 GB/s (NVL), avg_t: 189.23 us
[tuning] SMs 130, NVL chunk 12: 490.73 GB/s (NVL), avg_t: 182.07 us
[tuning] SMs 130, NVL chunk 14: 488.17 GB/s (NVL), avg_t: 183.03 us
[tuning] SMs 130, NVL chunk 16: 495.07 GB/s (NVL), avg_t: 180.48 us
[tuning] SMs 130, NVL chunk 18: 503.08 GB/s (NVL), avg_t: 177.61 us
[tuning] SMs 130, NVL chunk 20: 493.60 GB/s (NVL), avg_t: 181.02 us
[tuning] SMs 130, NVL chunk 22: 493.78 GB/s (NVL), avg_t: 180.95 us
[tuning] SMs 130, NVL chunk 24: 493.08 GB/s (NVL), avg_t: 181.21 us
[tuning] SMs 130, NVL chunk 26: 496.39 GB/s (NVL), avg_t: 180.00 us
[tuning] SMs 130, NVL chunk 28: 495.02 GB/s (NVL), avg_t: 180.50 us
[tuning] SMs 130, NVL chunk 30: 489.72 GB/s (NVL), avg_t: 182.45 us
[tuning] SMs 130, NVL chunk 32: 490.06 GB/s (NVL), avg_t: 182.33 us
[tuning] SMs 130, NVL chunk 34: 479.79 GB/s (NVL), avg_t: 186.23 us
[tuning] SMs 130, NVL chunk 36: 472.41 GB/s (NVL), avg_t: 189.14 us
[tuning] SMs 130, NVL chunk 38: 470.53 GB/s (NVL), avg_t: 189.89 us
[tuning] SMs 130, NVL chunk 40: 464.04 GB/s (NVL), avg_t: 192.55 us
[tuning] SMs 130, NVL chunk 42: 459.67 GB/s (NVL), avg_t: 194.38 us
[tuning] SMs 130, NVL chunk 44: 452.29 GB/s (NVL), avg_t: 197.55 us
[tuning] SMs 130, NVL chunk 46: 452.13 GB/s (NVL), avg_t: 197.62 us
[tuning] SMs 130, NVL chunk 48: 454.30 GB/s (NVL), avg_t: 196.68 us
[tuning] SMs 130, NVL chunk 50: 453.22 GB/s (NVL), avg_t: 197.14 us
[tuning] SMs 130, NVL chunk 52: 455.65 GB/s (NVL), avg_t: 196.09 us
[tuning] SMs 130, NVL chunk 54: 457.38 GB/s (NVL), avg_t: 195.35 us
[tuning] SMs 130, NVL chunk 56: 457.27 GB/s (NVL), avg_t: 195.40 us
[tuning] SMs 130, NVL chunk 58: 456.44 GB/s (NVL), avg_t: 195.76 us
[tuning] SMs 130, NVL chunk 60: 455.17 GB/s (NVL), avg_t: 196.30 us
[tuning] SMs 130, NVL chunk 62: 456.42 GB/s (NVL), avg_t: 195.76 us
[tuning] SMs 130, NVL chunk 64: 456.45 GB/s (NVL), avg_t: 195.75 us
[tuning] Best dispatch (BF16): SMs 130, NVL chunk 18, 503.08 GB/s (NVL), t: 177.61 us

[tuning] SMs 130, NVL chunk 10: 435.07 GB/s (NVL), avg_t: 205.37 us
[tuning] SMs 130, NVL chunk 12: 439.66 GB/s (NVL), avg_t: 203.22 us
[tuning] SMs 130, NVL chunk 14: 438.30 GB/s (NVL), avg_t: 203.86 us
[tuning] SMs 130, NVL chunk 16: 436.45 GB/s (NVL), avg_t: 204.72 us
[tuning] SMs 130, NVL chunk 18: 456.20 GB/s (NVL), avg_t: 195.86 us
[tuning] SMs 130, NVL chunk 20: 447.95 GB/s (NVL), avg_t: 199.47 us
[tuning] SMs 130, NVL chunk 22: 436.89 GB/s (NVL), avg_t: 204.51 us
[tuning] SMs 130, NVL chunk 24: 435.81 GB/s (NVL), avg_t: 205.02 us
[tuning] SMs 130, NVL chunk 26: 434.81 GB/s (NVL), avg_t: 205.49 us
[tuning] SMs 130, NVL chunk 28: 429.97 GB/s (NVL), avg_t: 207.81 us
[tuning] SMs 130, NVL chunk 30: 424.99 GB/s (NVL), avg_t: 210.24 us
[tuning] SMs 130, NVL chunk 32: 424.52 GB/s (NVL), avg_t: 210.47 us
[tuning] SMs 130, NVL chunk 34: 425.04 GB/s (NVL), avg_t: 210.21 us
[tuning] SMs 130, NVL chunk 36: 422.49 GB/s (NVL), avg_t: 211.48 us
[tuning] SMs 130, NVL chunk 38: 417.43 GB/s (NVL), avg_t: 214.05 us
[tuning] SMs 130, NVL chunk 40: 414.24 GB/s (NVL), avg_t: 215.70 us
[tuning] SMs 130, NVL chunk 42: 409.50 GB/s (NVL), avg_t: 218.19 us
[tuning] SMs 130, NVL chunk 44: 409.86 GB/s (NVL), avg_t: 218.00 us
[tuning] SMs 130, NVL chunk 46: 406.69 GB/s (NVL), avg_t: 219.70 us
[tuning] SMs 130, NVL chunk 48: 404.24 GB/s (NVL), avg_t: 221.03 us
[tuning] SMs 130, NVL chunk 50: 405.86 GB/s (NVL), avg_t: 220.15 us
[tuning] SMs 130, NVL chunk 52: 408.67 GB/s (NVL), avg_t: 218.63 us
[tuning] SMs 130, NVL chunk 54: 410.34 GB/s (NVL), avg_t: 217.75 us
[tuning] SMs 130, NVL chunk 56: 409.35 GB/s (NVL), avg_t: 218.27 us
[tuning] SMs 130, NVL chunk 58: 410.69 GB/s (NVL), avg_t: 217.56 us
[tuning] SMs 130, NVL chunk 60: 409.79 GB/s (NVL), avg_t: 218.04 us
[tuning] SMs 130, NVL chunk 62: 411.19 GB/s (NVL), avg_t: 217.30 us
[tuning] SMs 130, NVL chunk 64: 410.70 GB/s (NVL), avg_t: 217.56 us
[tuning] Best combine: SMs 130, NVL chunk 18: 456.20 GB/s (NVL), t: 195.86 us


[config] num_tokens=4096, hidden=2048, num_topk=8
[layout] Kernel performance: 0.047 ms

[testing] Running with BF16, without top-k (async=False, previous=False) ... passed
[testing] Running with BF16, with top-k (async=False, previous=False) ... passed
[testing] Running with BF16, without top-k (async=False, previous=False) ... passed
[testing] Running with BF16, with top-k (async=False, previous=False) ... passed
[testing] Running with FP8, without top-k (async=False, previous=False) ... passed
[testing] Running with FP8, with top-k (async=False, previous=False) ... passed
[testing] Running with BF16, without top-k (async=True, previous=False) ... passed
[testing] Running with BF16, with top-k (async=True, previous=False) ... passed
[testing] Running with BF16, without top-k (async=True, previous=False) ... passed
[testing] Running with BF16, with top-k (async=True, previous=False) ... passed
[testing] Running with FP8, without top-k (async=True, previous=False) ... passed
[testing] Running with FP8, with top-k (async=True, previous=False) ... passed
[testing] Running with BF16, without top-k (async=False, previous=True) ... passed
[testing] Running with BF16, with top-k (async=False, previous=True) ... passed
[testing] Running with BF16, without top-k (async=False, previous=True) ... passed
[testing] Running with BF16, with top-k (async=False, previous=True) ... passed
[testing] Running with FP8, without top-k (async=False, previous=True) ... passed
[testing] Running with FP8, with top-k (async=False, previous=True) ... passed
[testing] Running with BF16, without top-k (async=True, previous=True) ... passed
[testing] Running with BF16, with top-k (async=True, previous=True) ... passed
[testing] Running with BF16, without top-k (async=True, previous=True) ... passed
[testing] Running with BF16, with top-k (async=True, previous=True) ... passed
[testing] Running with FP8, without top-k (async=True, previous=True) ... passed
[testing] Running with FP8, with top-k (async=True, previous=True) ... passed

[tuning] SMs 132, NVL chunk 10: 474.44 GB/s (NVL), avg_t: 189.74 us
[tuning] SMs 132, NVL chunk 12: 491.58 GB/s (NVL), avg_t: 183.12 us
[tuning] SMs 132, NVL chunk 14: 494.00 GB/s (NVL), avg_t: 182.22 us
[tuning] SMs 132, NVL chunk 16: 498.34 GB/s (NVL), avg_t: 180.64 us
[tuning] SMs 132, NVL chunk 18: 506.86 GB/s (NVL), avg_t: 177.60 us
[tuning] SMs 132, NVL chunk 20: 499.33 GB/s (NVL), avg_t: 180.28 us
[tuning] SMs 132, NVL chunk 22: 498.08 GB/s (NVL), avg_t: 180.73 us
[tuning] SMs 132, NVL chunk 24: 501.47 GB/s (NVL), avg_t: 179.51 us
[tuning] SMs 132, NVL chunk 26: 503.52 GB/s (NVL), avg_t: 178.78 us
[tuning] SMs 132, NVL chunk 28: 497.82 GB/s (NVL), avg_t: 180.82 us
[tuning] SMs 132, NVL chunk 30: 494.86 GB/s (NVL), avg_t: 181.91 us
[tuning] SMs 132, NVL chunk 32: 489.92 GB/s (NVL), avg_t: 183.74 us
[tuning] SMs 132, NVL chunk 34: 482.24 GB/s (NVL), avg_t: 186.66 us
[tuning] SMs 132, NVL chunk 36: 475.62 GB/s (NVL), avg_t: 189.26 us
[tuning] SMs 132, NVL chunk 38: 469.80 GB/s (NVL), avg_t: 191.61 us
[tuning] SMs 132, NVL chunk 40: 463.46 GB/s (NVL), avg_t: 194.23 us
[tuning] SMs 132, NVL chunk 42: 461.78 GB/s (NVL), avg_t: 194.93 us
[tuning] SMs 132, NVL chunk 44: 454.81 GB/s (NVL), avg_t: 197.92 us
[tuning] SMs 132, NVL chunk 46: 452.99 GB/s (NVL), avg_t: 198.72 us
[tuning] SMs 132, NVL chunk 48: 456.83 GB/s (NVL), avg_t: 197.05 us
[tuning] SMs 132, NVL chunk 50: 457.08 GB/s (NVL), avg_t: 196.94 us
[tuning] SMs 132, NVL chunk 52: 454.51 GB/s (NVL), avg_t: 198.06 us
[tuning] SMs 132, NVL chunk 54: 458.22 GB/s (NVL), avg_t: 196.45 us
[tuning] SMs 132, NVL chunk 56: 459.48 GB/s (NVL), avg_t: 195.91 us
[tuning] SMs 132, NVL chunk 58: 458.36 GB/s (NVL), avg_t: 196.39 us
[tuning] SMs 132, NVL chunk 60: 458.21 GB/s (NVL), avg_t: 196.46 us
[tuning] SMs 132, NVL chunk 62: 458.80 GB/s (NVL), avg_t: 196.20 us
[tuning] SMs 132, NVL chunk 64: 460.68 GB/s (NVL), avg_t: 195.40 us
[tuning] Best dispatch (BF16): SMs 132, NVL chunk 18, 506.86 GB/s (NVL), t: 177.60 us

[tuning] SMs 132, NVL chunk 10: 453.69 GB/s (NVL), avg_t: 198.41 us
[tuning] SMs 132, NVL chunk 12: 464.36 GB/s (NVL), avg_t: 193.85 us
[tuning] SMs 132, NVL chunk 14: 463.84 GB/s (NVL), avg_t: 194.07 us
[tuning] SMs 132, NVL chunk 16: 466.31 GB/s (NVL), avg_t: 193.04 us
[tuning] SMs 132, NVL chunk 18: 482.02 GB/s (NVL), avg_t: 186.75 us
[tuning] SMs 132, NVL chunk 20: 471.95 GB/s (NVL), avg_t: 190.74 us
[tuning] SMs 132, NVL chunk 22: 461.47 GB/s (NVL), avg_t: 195.07 us
[tuning] SMs 132, NVL chunk 24: 460.68 GB/s (NVL), avg_t: 195.40 us
[tuning] SMs 132, NVL chunk 26: 456.91 GB/s (NVL), avg_t: 197.01 us
[tuning] SMs 132, NVL chunk 28: 457.11 GB/s (NVL), avg_t: 196.93 us
[tuning] SMs 132, NVL chunk 30: 453.93 GB/s (NVL), avg_t: 198.31 us
[tuning] SMs 132, NVL chunk 32: 451.39 GB/s (NVL), avg_t: 199.42 us
[tuning] SMs 132, NVL chunk 34: 451.60 GB/s (NVL), avg_t: 199.33 us
[tuning] SMs 132, NVL chunk 36: 448.82 GB/s (NVL), avg_t: 200.57 us
[tuning] SMs 132, NVL chunk 38: 443.01 GB/s (NVL), avg_t: 203.20 us
[tuning] SMs 132, NVL chunk 40: 437.67 GB/s (NVL), avg_t: 205.68 us
[tuning] SMs 132, NVL chunk 42: 436.28 GB/s (NVL), avg_t: 206.33 us
[tuning] SMs 132, NVL chunk 44: 433.58 GB/s (NVL), avg_t: 207.62 us
[tuning] SMs 132, NVL chunk 46: 431.07 GB/s (NVL), avg_t: 208.83 us
[tuning] SMs 132, NVL chunk 48: 433.67 GB/s (NVL), avg_t: 207.57 us
[tuning] SMs 132, NVL chunk 50: 433.98 GB/s (NVL), avg_t: 207.42 us
[tuning] SMs 132, NVL chunk 52: 438.01 GB/s (NVL), avg_t: 205.51 us
[tuning] SMs 132, NVL chunk 54: 438.55 GB/s (NVL), avg_t: 205.26 us
[tuning] SMs 132, NVL chunk 56: 438.26 GB/s (NVL), avg_t: 205.40 us
[tuning] SMs 132, NVL chunk 58: 436.43 GB/s (NVL), avg_t: 206.26 us
[tuning] SMs 132, NVL chunk 60: 438.17 GB/s (NVL), avg_t: 205.44 us
[tuning] SMs 132, NVL chunk 62: 438.66 GB/s (NVL), avg_t: 205.21 us
[tuning] SMs 132, NVL chunk 64: 438.54 GB/s (NVL), avg_t: 205.27 us
[tuning] Best combine: SMs 132, NVL chunk 18: 482.02 GB/s (NVL), t: 186.75 us


[config] num_tokens=4096, hidden=2048, num_topk=8
[layout] Kernel performance: 0.048 ms

[testing] Running with BF16, without top-k (async=False, previous=False) ... passed
[testing] Running with BF16, with top-k (async=False, previous=False) ... passed
[testing] Running with BF16, without top-k (async=False, previous=False) ... passed
[testing] Running with BF16, with top-k (async=False, previous=False) ... passed
[testing] Running with FP8, without top-k (async=False, previous=False) ... passed
[testing] Running with FP8, with top-k (async=False, previous=False) ... passed
[testing] Running with BF16, without top-k (async=True, previous=False) ... passed
[testing] Running with BF16, with top-k (async=True, previous=False) ... passed
[testing] Running with BF16, without top-k (async=True, previous=False) ... passed
[testing] Running with BF16, with top-k (async=True, previous=False) ... passed
[testing] Running with FP8, without top-k (async=True, previous=False) ... passed
[testing] Running with FP8, with top-k (async=True, previous=False) ... passed
[testing] Running with BF16, without top-k (async=False, previous=True) ... passed
[testing] Running with BF16, with top-k (async=False, previous=True) ... passed
[testing] Running with BF16, without top-k (async=False, previous=True) ... passed
[testing] Running with BF16, with top-k (async=False, previous=True) ... passed
[testing] Running with FP8, without top-k (async=False, previous=True) ... passed
[testing] Running with FP8, with top-k (async=False, previous=True) ... passed
[testing] Running with BF16, without top-k (async=True, previous=True) ... passed
[testing] Running with BF16, with top-k (async=True, previous=True) ... passed
[testing] Running with BF16, without top-k (async=True, previous=True) ... passed
[testing] Running with BF16, with top-k (async=True, previous=True) ... passed
[testing] Running with FP8, without top-k (async=True, previous=True) ... passed
[testing] Running with FP8, with top-k (async=True, previous=True) ... passed

[tuning] SMs 134, NVL chunk 10: 478.44 GB/s (NVL), avg_t: 188.27 us
[tuning] SMs 134, NVL chunk 12: 493.92 GB/s (NVL), avg_t: 182.37 us
[tuning] SMs 134, NVL chunk 14: 496.39 GB/s (NVL), avg_t: 181.46 us
[tuning] SMs 134, NVL chunk 16: 501.80 GB/s (NVL), avg_t: 179.50 us
[tuning] SMs 134, NVL chunk 18: 506.01 GB/s (NVL), avg_t: 178.01 us
[tuning] SMs 134, NVL chunk 20: 498.35 GB/s (NVL), avg_t: 180.75 us
[tuning] SMs 134, NVL chunk 22: 500.05 GB/s (NVL), avg_t: 180.13 us
[tuning] SMs 134, NVL chunk 24: 504.30 GB/s (NVL), avg_t: 178.61 us
[tuning] SMs 134, NVL chunk 26: 505.10 GB/s (NVL), avg_t: 178.33 us
[tuning] SMs 134, NVL chunk 28: 499.31 GB/s (NVL), avg_t: 180.40 us
[tuning] SMs 134, NVL chunk 30: 492.60 GB/s (NVL), avg_t: 182.86 us
[tuning] SMs 134, NVL chunk 32: 491.11 GB/s (NVL), avg_t: 183.41 us
[tuning] SMs 134, NVL chunk 34: 481.21 GB/s (NVL), avg_t: 187.19 us
[tuning] SMs 134, NVL chunk 36: 472.21 GB/s (NVL), avg_t: 190.75 us
[tuning] SMs 134, NVL chunk 38: 471.65 GB/s (NVL), avg_t: 190.98 us
[tuning] SMs 134, NVL chunk 40: 463.07 GB/s (NVL), avg_t: 194.52 us
[tuning] SMs 134, NVL chunk 42: 462.03 GB/s (NVL), avg_t: 194.95 us
[tuning] SMs 134, NVL chunk 44: 456.73 GB/s (NVL), avg_t: 197.22 us
[tuning] SMs 134, NVL chunk 46: 457.27 GB/s (NVL), avg_t: 196.98 us
[tuning] SMs 134, NVL chunk 48: 459.24 GB/s (NVL), avg_t: 196.14 us
[tuning] SMs 134, NVL chunk 50: 460.05 GB/s (NVL), avg_t: 195.80 us
[tuning] SMs 134, NVL chunk 52: 462.00 GB/s (NVL), avg_t: 194.97 us
[tuning] SMs 134, NVL chunk 54: 462.10 GB/s (NVL), avg_t: 194.92 us
[tuning] SMs 134, NVL chunk 56: 462.13 GB/s (NVL), avg_t: 194.91 us
[tuning] SMs 134, NVL chunk 58: 462.77 GB/s (NVL), avg_t: 194.64 us
[tuning] SMs 134, NVL chunk 60: 461.17 GB/s (NVL), avg_t: 195.32 us
[tuning] SMs 134, NVL chunk 62: 462.86 GB/s (NVL), avg_t: 194.61 us
[tuning] SMs 134, NVL chunk 64: 462.39 GB/s (NVL), avg_t: 194.80 us
[tuning] Best dispatch (BF16): SMs 134, NVL chunk 18, 506.01 GB/s (NVL), t: 178.01 us

[tuning] SMs 134, NVL chunk 10: 443.63 GB/s (NVL), avg_t: 203.04 us
[tuning] SMs 134, NVL chunk 12: 446.17 GB/s (NVL), avg_t: 201.88 us
[tuning] SMs 134, NVL chunk 14: 439.33 GB/s (NVL), avg_t: 205.03 us
[tuning] SMs 134, NVL chunk 16: 440.65 GB/s (NVL), avg_t: 204.41 us
[tuning] SMs 134, NVL chunk 18: 456.17 GB/s (NVL), avg_t: 197.46 us
[tuning] SMs 134, NVL chunk 20: 448.30 GB/s (NVL), avg_t: 200.93 us
[tuning] SMs 134, NVL chunk 22: 440.89 GB/s (NVL), avg_t: 204.30 us
[tuning] SMs 134, NVL chunk 24: 437.02 GB/s (NVL), avg_t: 206.11 us
[tuning] SMs 134, NVL chunk 26: 434.76 GB/s (NVL), avg_t: 207.18 us
[tuning] SMs 134, NVL chunk 28: 432.04 GB/s (NVL), avg_t: 208.49 us
[tuning] SMs 134, NVL chunk 30: 426.29 GB/s (NVL), avg_t: 211.30 us
[tuning] SMs 134, NVL chunk 32: 426.78 GB/s (NVL), avg_t: 211.06 us
[tuning] SMs 134, NVL chunk 34: 426.06 GB/s (NVL), avg_t: 211.41 us
[tuning] SMs 134, NVL chunk 36: 423.27 GB/s (NVL), avg_t: 212.81 us
[tuning] SMs 134, NVL chunk 38: 417.97 GB/s (NVL), avg_t: 215.51 us
[tuning] SMs 134, NVL chunk 40: 413.71 GB/s (NVL), avg_t: 217.72 us
[tuning] SMs 134, NVL chunk 42: 410.15 GB/s (NVL), avg_t: 219.61 us
[tuning] SMs 134, NVL chunk 44: 410.18 GB/s (NVL), avg_t: 219.60 us
[tuning] SMs 134, NVL chunk 46: 407.96 GB/s (NVL), avg_t: 220.79 us
[tuning] SMs 134, NVL chunk 48: 411.98 GB/s (NVL), avg_t: 218.64 us
[tuning] SMs 134, NVL chunk 50: 412.48 GB/s (NVL), avg_t: 218.37 us
[tuning] SMs 134, NVL chunk 52: 414.17 GB/s (NVL), avg_t: 217.48 us
[tuning] SMs 134, NVL chunk 54: 413.86 GB/s (NVL), avg_t: 217.65 us
[tuning] SMs 134, NVL chunk 56: 413.13 GB/s (NVL), avg_t: 218.03 us
[tuning] SMs 134, NVL chunk 58: 412.98 GB/s (NVL), avg_t: 218.11 us
[tuning] SMs 134, NVL chunk 60: 413.58 GB/s (NVL), avg_t: 217.79 us
[tuning] SMs 134, NVL chunk 62: 413.90 GB/s (NVL), avg_t: 217.63 us
[tuning] SMs 134, NVL chunk 64: 413.49 GB/s (NVL), avg_t: 217.84 us
[tuning] Best combine: SMs 134, NVL chunk 18: 456.17 GB/s (NVL), t: 197.46 us


[config] num_tokens=4096, hidden=2048, num_topk=8
[layout] Kernel performance: 0.048 ms

[testing] Running with BF16, without top-k (async=False, previous=False) ... passed
[testing] Running with BF16, with top-k (async=False, previous=False) ... passed
[testing] Running with BF16, without top-k (async=False, previous=False) ... passed
[testing] Running with BF16, with top-k (async=False, previous=False) ... passed
[testing] Running with FP8, without top-k (async=False, previous=False) ... passed
[testing] Running with FP8, with top-k (async=False, previous=False) ... passed
[testing] Running with BF16, without top-k (async=True, previous=False) ... passed
[testing] Running with BF16, with top-k (async=True, previous=False) ... passed
[testing] Running with BF16, without top-k (async=True, previous=False) ... passed
[testing] Running with BF16, with top-k (async=True, previous=False) ... passed
[testing] Running with FP8, without top-k (async=True, previous=False) ... passed
[testing] Running with FP8, with top-k (async=True, previous=False) ... passed
[testing] Running with BF16, without top-k (async=False, previous=True) ... passed
[testing] Running with BF16, with top-k (async=False, previous=True) ... passed
[testing] Running with BF16, without top-k (async=False, previous=True) ... passed
[testing] Running with BF16, with top-k (async=False, previous=True) ... passed
[testing] Running with FP8, without top-k (async=False, previous=True) ... passed
[testing] Running with FP8, with top-k (async=False, previous=True) ... passed
[testing] Running with BF16, without top-k (async=True, previous=True) ... passed
[testing] Running with BF16, with top-k (async=True, previous=True) ... passed
[testing] Running with BF16, without top-k (async=True, previous=True) ... passed
[testing] Running with BF16, with top-k (async=True, previous=True) ... passed
[testing] Running with FP8, without top-k (async=True, previous=True) ... passed
[testing] Running with FP8, with top-k (async=True, previous=True) ... passed

[tuning] SMs 136, NVL chunk 10: 480.64 GB/s (NVL), avg_t: 186.78 us
[tuning] SMs 136, NVL chunk 12: 493.95 GB/s (NVL), avg_t: 181.75 us
[tuning] SMs 136, NVL chunk 14: 495.61 GB/s (NVL), avg_t: 181.14 us
[tuning] SMs 136, NVL chunk 16: 501.96 GB/s (NVL), avg_t: 178.85 us
[tuning] SMs 136, NVL chunk 18: 502.23 GB/s (NVL), avg_t: 178.76 us
[tuning] SMs 136, NVL chunk 20: 493.10 GB/s (NVL), avg_t: 182.06 us
[tuning] SMs 136, NVL chunk 22: 499.21 GB/s (NVL), avg_t: 179.84 us
[tuning] SMs 136, NVL chunk 24: 502.02 GB/s (NVL), avg_t: 178.83 us
[tuning] SMs 136, NVL chunk 26: 499.46 GB/s (NVL), avg_t: 179.75 us
[tuning] SMs 136, NVL chunk 28: 496.21 GB/s (NVL), avg_t: 180.92 us
[tuning] SMs 136, NVL chunk 30: 490.50 GB/s (NVL), avg_t: 183.03 us
[tuning] SMs 136, NVL chunk 32: 484.56 GB/s (NVL), avg_t: 185.27 us
[tuning] SMs 136, NVL chunk 34: 477.62 GB/s (NVL), avg_t: 187.97 us
[tuning] SMs 136, NVL chunk 36: 468.85 GB/s (NVL), avg_t: 191.48 us
[tuning] SMs 136, NVL chunk 38: 467.16 GB/s (NVL), avg_t: 192.17 us
[tuning] SMs 136, NVL chunk 40: 462.01 GB/s (NVL), avg_t: 194.32 us
[tuning] SMs 136, NVL chunk 42: 460.70 GB/s (NVL), avg_t: 194.87 us
[tuning] SMs 136, NVL chunk 44: 454.76 GB/s (NVL), avg_t: 197.41 us
[tuning] SMs 136, NVL chunk 46: 455.99 GB/s (NVL), avg_t: 196.88 us
[tuning] SMs 136, NVL chunk 48: 460.11 GB/s (NVL), avg_t: 195.12 us
[tuning] SMs 136, NVL chunk 50: 461.34 GB/s (NVL), avg_t: 194.60 us
[tuning] SMs 136, NVL chunk 52: 460.87 GB/s (NVL), avg_t: 194.80 us
[tuning] SMs 136, NVL chunk 54: 463.05 GB/s (NVL), avg_t: 193.88 us
[tuning] SMs 136, NVL chunk 56: 460.39 GB/s (NVL), avg_t: 195.00 us
[tuning] SMs 136, NVL chunk 58: 461.14 GB/s (NVL), avg_t: 194.68 us
[tuning] SMs 136, NVL chunk 60: 463.40 GB/s (NVL), avg_t: 193.73 us
[tuning] SMs 136, NVL chunk 62: 462.48 GB/s (NVL), avg_t: 194.12 us
[tuning] SMs 136, NVL chunk 64: 462.11 GB/s (NVL), avg_t: 194.27 us
[tuning] Best dispatch (BF16): SMs 136, NVL chunk 18, 502.23 GB/s (NVL), t: 178.76 us

[tuning] SMs 136, NVL chunk 10: 455.71 GB/s (NVL), avg_t: 197.00 us
[tuning] SMs 136, NVL chunk 12: 463.48 GB/s (NVL), avg_t: 193.70 us
[tuning] SMs 136, NVL chunk 14: 462.75 GB/s (NVL), avg_t: 194.00 us
[tuning] SMs 136, NVL chunk 16: 471.03 GB/s (NVL), avg_t: 190.60 us
[tuning] SMs 136, NVL chunk 18: 478.54 GB/s (NVL), avg_t: 187.60 us
[tuning] SMs 136, NVL chunk 20: 465.35 GB/s (NVL), avg_t: 192.92 us
[tuning] SMs 136, NVL chunk 22: 457.47 GB/s (NVL), avg_t: 196.24 us
[tuning] SMs 136, NVL chunk 24: 458.64 GB/s (NVL), avg_t: 195.74 us
[tuning] SMs 136, NVL chunk 26: 455.41 GB/s (NVL), avg_t: 197.13 us
[tuning] SMs 136, NVL chunk 28: 456.26 GB/s (NVL), avg_t: 196.77 us
[tuning] SMs 136, NVL chunk 30: 452.17 GB/s (NVL), avg_t: 198.54 us
[tuning] SMs 136, NVL chunk 32: 448.83 GB/s (NVL), avg_t: 200.02 us
[tuning] SMs 136, NVL chunk 34: 448.08 GB/s (NVL), avg_t: 200.36 us
[tuning] SMs 136, NVL chunk 36: 444.56 GB/s (NVL), avg_t: 201.94 us
[tuning] SMs 136, NVL chunk 38: 440.58 GB/s (NVL), avg_t: 203.77 us
[tuning] SMs 136, NVL chunk 40: 436.44 GB/s (NVL), avg_t: 205.70 us
[tuning] SMs 136, NVL chunk 42: 431.77 GB/s (NVL), avg_t: 207.92 us
[tuning] SMs 136, NVL chunk 44: 432.49 GB/s (NVL), avg_t: 207.58 us
[tuning] SMs 136, NVL chunk 46: 434.43 GB/s (NVL), avg_t: 206.65 us
[tuning] SMs 136, NVL chunk 48: 435.78 GB/s (NVL), avg_t: 206.01 us
[tuning] SMs 136, NVL chunk 50: 436.52 GB/s (NVL), avg_t: 205.66 us
[tuning] SMs 136, NVL chunk 52: 437.29 GB/s (NVL), avg_t: 205.30 us
[tuning] SMs 136, NVL chunk 54: 439.85 GB/s (NVL), avg_t: 204.11 us
[tuning] SMs 136, NVL chunk 56: 438.68 GB/s (NVL), avg_t: 204.65 us
[tuning] SMs 136, NVL chunk 58: 438.50 GB/s (NVL), avg_t: 204.73 us
[tuning] SMs 136, NVL chunk 60: 438.71 GB/s (NVL), avg_t: 204.63 us
[tuning] SMs 136, NVL chunk 62: 438.96 GB/s (NVL), avg_t: 204.52 us
[tuning] SMs 136, NVL chunk 64: 437.96 GB/s (NVL), avg_t: 204.99 us
[tuning] Best combine: SMs 136, NVL chunk 18: 478.54 GB/s (NVL), t: 187.60 us


[config] num_tokens=4096, hidden=2048, num_topk=8
[layout] Kernel performance: 0.047 ms

[testing] Running with BF16, without top-k (async=False, previous=False) ... passed
[testing] Running with BF16, with top-k (async=False, previous=False) ... passed
[testing] Running with BF16, without top-k (async=False, previous=False) ... passed
[testing] Running with BF16, with top-k (async=False, previous=False) ... passed
[testing] Running with FP8, without top-k (async=False, previous=False) ... passed
[testing] Running with FP8, with top-k (async=False, previous=False) ... passed
[testing] Running with BF16, without top-k (async=True, previous=False) ... passed
[testing] Running with BF16, with top-k (async=True, previous=False) ... passed
[testing] Running with BF16, without top-k (async=True, previous=False) ... passed
[testing] Running with BF16, with top-k (async=True, previous=False) ... passed
[testing] Running with FP8, without top-k (async=True, previous=False) ... passed
[testing] Running with FP8, with top-k (async=True, previous=False) ... passed
[testing] Running with BF16, without top-k (async=False, previous=True) ... passed
[testing] Running with BF16, with top-k (async=False, previous=True) ... passed
[testing] Running with BF16, without top-k (async=False, previous=True) ... passed
[testing] Running with BF16, with top-k (async=False, previous=True) ... passed
[testing] Running with FP8, without top-k (async=False, previous=True) ... passed
[testing] Running with FP8, with top-k (async=False, previous=True) ... passed
[testing] Running with BF16, without top-k (async=True, previous=True) ... passed
[testing] Running with BF16, with top-k (async=True, previous=True) ... passed
[testing] Running with BF16, without top-k (async=True, previous=True) ... passed
[testing] Running with BF16, with top-k (async=True, previous=True) ... passed
[testing] Running with FP8, without top-k (async=True, previous=True) ... passed
[testing] Running with FP8, with top-k (async=True, previous=True) ... passed

[tuning] SMs 138, NVL chunk 10: 480.46 GB/s (NVL), avg_t: 187.19 us
[tuning] SMs 138, NVL chunk 12: 492.05 GB/s (NVL), avg_t: 182.78 us
[tuning] SMs 138, NVL chunk 14: 494.29 GB/s (NVL), avg_t: 181.95 us
[tuning] SMs 138, NVL chunk 16: 500.29 GB/s (NVL), avg_t: 179.77 us
[tuning] SMs 138, NVL chunk 18: 503.80 GB/s (NVL), avg_t: 178.52 us
[tuning] SMs 138, NVL chunk 20: 494.99 GB/s (NVL), avg_t: 181.69 us
[tuning] SMs 138, NVL chunk 22: 497.13 GB/s (NVL), avg_t: 180.91 us
[tuning] SMs 138, NVL chunk 24: 502.60 GB/s (NVL), avg_t: 178.94 us
[tuning] SMs 138, NVL chunk 26: 499.04 GB/s (NVL), avg_t: 180.22 us
[tuning] SMs 138, NVL chunk 28: 494.21 GB/s (NVL), avg_t: 181.98 us
[tuning] SMs 138, NVL chunk 30: 494.12 GB/s (NVL), avg_t: 182.01 us
[tuning] SMs 138, NVL chunk 32: 489.60 GB/s (NVL), avg_t: 183.69 us
[tuning] SMs 138, NVL chunk 34: 480.03 GB/s (NVL), avg_t: 187.35 us
[tuning] SMs 138, NVL chunk 36: 471.39 GB/s (NVL), avg_t: 190.79 us
[tuning] SMs 138, NVL chunk 38: 469.27 GB/s (NVL), avg_t: 191.65 us
[tuning] SMs 138, NVL chunk 40: 462.33 GB/s (NVL), avg_t: 194.53 us
[tuning] SMs 138, NVL chunk 42: 461.91 GB/s (NVL), avg_t: 194.70 us
[tuning] SMs 138, NVL chunk 44: 456.37 GB/s (NVL), avg_t: 197.07 us
[tuning] SMs 138, NVL chunk 46: 458.93 GB/s (NVL), avg_t: 195.97 us
[tuning] SMs 138, NVL chunk 48: 463.67 GB/s (NVL), avg_t: 193.97 us
[tuning] SMs 138, NVL chunk 50: 463.58 GB/s (NVL), avg_t: 194.00 us
[tuning] SMs 138, NVL chunk 52: 464.40 GB/s (NVL), avg_t: 193.66 us
[tuning] SMs 138, NVL chunk 54: 464.41 GB/s (NVL), avg_t: 193.65 us
[tuning] SMs 138, NVL chunk 56: 462.83 GB/s (NVL), avg_t: 194.32 us
[tuning] SMs 138, NVL chunk 58: 463.55 GB/s (NVL), avg_t: 194.01 us
[tuning] SMs 138, NVL chunk 60: 462.74 GB/s (NVL), avg_t: 194.36 us
[tuning] SMs 138, NVL chunk 62: 466.19 GB/s (NVL), avg_t: 192.92 us
[tuning] SMs 138, NVL chunk 64: 463.89 GB/s (NVL), avg_t: 193.87 us
[tuning] Best dispatch (BF16): SMs 138, NVL chunk 18, 503.80 GB/s (NVL), t: 178.52 us

[tuning] SMs 138, NVL chunk 10: 440.14 GB/s (NVL), avg_t: 204.33 us
[tuning] SMs 138, NVL chunk 12: 443.37 GB/s (NVL), avg_t: 202.85 us
[tuning] SMs 138, NVL chunk 14: 440.30 GB/s (NVL), avg_t: 204.26 us
[tuning] SMs 138, NVL chunk 16: 452.66 GB/s (NVL), avg_t: 198.68 us
[tuning] SMs 138, NVL chunk 18: 454.17 GB/s (NVL), avg_t: 198.02 us
[tuning] SMs 138, NVL chunk 20: 442.28 GB/s (NVL), avg_t: 203.34 us
[tuning] SMs 138, NVL chunk 22: 436.75 GB/s (NVL), avg_t: 205.92 us
[tuning] SMs 138, NVL chunk 24: 436.75 GB/s (NVL), avg_t: 205.92 us
[tuning] SMs 138, NVL chunk 26: 431.97 GB/s (NVL), avg_t: 208.20 us
[tuning] SMs 138, NVL chunk 28: 429.33 GB/s (NVL), avg_t: 209.48 us
[tuning] SMs 138, NVL chunk 30: 424.26 GB/s (NVL), avg_t: 211.98 us
[tuning] SMs 138, NVL chunk 32: 423.47 GB/s (NVL), avg_t: 212.38 us
[tuning] SMs 138, NVL chunk 34: 422.02 GB/s (NVL), avg_t: 213.11 us
[tuning] SMs 138, NVL chunk 36: 420.02 GB/s (NVL), avg_t: 214.13 us
[tuning] SMs 138, NVL chunk 38: 415.11 GB/s (NVL), avg_t: 216.66 us
[tuning] SMs 138, NVL chunk 40: 409.01 GB/s (NVL), avg_t: 219.89 us
[tuning] SMs 138, NVL chunk 42: 409.82 GB/s (NVL), avg_t: 219.45 us
[tuning] SMs 138, NVL chunk 44: 408.99 GB/s (NVL), avg_t: 219.90 us
[tuning] SMs 138, NVL chunk 46: 408.13 GB/s (NVL), avg_t: 220.36 us
[tuning] SMs 138, NVL chunk 48: 412.07 GB/s (NVL), avg_t: 218.25 us
[tuning] SMs 138, NVL chunk 50: 414.72 GB/s (NVL), avg_t: 216.86 us
[tuning] SMs 138, NVL chunk 52: 412.04 GB/s (NVL), avg_t: 218.27 us
[tuning] SMs 138, NVL chunk 54: 415.61 GB/s (NVL), avg_t: 216.40 us
[tuning] SMs 138, NVL chunk 56: 414.70 GB/s (NVL), avg_t: 216.87 us
[tuning] SMs 138, NVL chunk 58: 414.05 GB/s (NVL), avg_t: 217.21 us
[tuning] SMs 138, NVL chunk 60: 412.70 GB/s (NVL), avg_t: 217.92 us
[tuning] SMs 138, NVL chunk 62: 413.63 GB/s (NVL), avg_t: 217.43 us
[tuning] SMs 138, NVL chunk 64: 413.99 GB/s (NVL), avg_t: 217.24 us
[tuning] Best combine: SMs 138, NVL chunk 18: 454.17 GB/s (NVL), t: 198.02 us


[config] num_tokens=4096, hidden=2048, num_topk=8
[layout] Kernel performance: 0.047 ms

[testing] Running with BF16, without top-k (async=False, previous=False) ... passed
[testing] Running with BF16, with top-k (async=False, previous=False) ... passed
[testing] Running with BF16, without top-k (async=False, previous=False) ... passed
[testing] Running with BF16, with top-k (async=False, previous=False) ... passed
[testing] Running with FP8, without top-k (async=False, previous=False) ... passed
[testing] Running with FP8, with top-k (async=False, previous=False) ... passed
[testing] Running with BF16, without top-k (async=True, previous=False) ... passed
[testing] Running with BF16, with top-k (async=True, previous=False) ... passed
[testing] Running with BF16, without top-k (async=True, previous=False) ... passed
[testing] Running with BF16, with top-k (async=True, previous=False) ... passed
[testing] Running with FP8, without top-k (async=True, previous=False) ... passed
[testing] Running with FP8, with top-k (async=True, previous=False) ... passed
[testing] Running with BF16, without top-k (async=False, previous=True) ... passed
[testing] Running with BF16, with top-k (async=False, previous=True) ... passed
[testing] Running with BF16, without top-k (async=False, previous=True) ... passed
[testing] Running with BF16, with top-k (async=False, previous=True) ... passed
[testing] Running with FP8, without top-k (async=False, previous=True) ... passed
[testing] Running with FP8, with top-k (async=False, previous=True) ... passed
[testing] Running with BF16, without top-k (async=True, previous=True) ... passed
[testing] Running with BF16, with top-k (async=True, previous=True) ... passed
[testing] Running with BF16, without top-k (async=True, previous=True) ... passed
[testing] Running with BF16, with top-k (async=True, previous=True) ... passed
[testing] Running with FP8, without top-k (async=True, previous=True) ... passed
[testing] Running with FP8, with top-k (async=True, previous=True) ... passed

[tuning] SMs 140, NVL chunk 10: 475.00 GB/s (NVL), avg_t: 188.23 us
[tuning] SMs 140, NVL chunk 12: 487.26 GB/s (NVL), avg_t: 183.49 us
[tuning] SMs 140, NVL chunk 14: 494.54 GB/s (NVL), avg_t: 180.79 us
[tuning] SMs 140, NVL chunk 16: 498.10 GB/s (NVL), avg_t: 179.50 us
[tuning] SMs 140, NVL chunk 18: 498.69 GB/s (NVL), avg_t: 179.28 us
[tuning] SMs 140, NVL chunk 20: 491.44 GB/s (NVL), avg_t: 181.93 us
[tuning] SMs 140, NVL chunk 22: 496.07 GB/s (NVL), avg_t: 180.23 us
[tuning] SMs 140, NVL chunk 24: 495.25 GB/s (NVL), avg_t: 180.53 us
[tuning] SMs 140, NVL chunk 26: 495.10 GB/s (NVL), avg_t: 180.59 us
[tuning] SMs 140, NVL chunk 28: 496.40 GB/s (NVL), avg_t: 180.11 us
[tuning] SMs 140, NVL chunk 30: 487.28 GB/s (NVL), avg_t: 183.48 us
[tuning] SMs 140, NVL chunk 32: 487.44 GB/s (NVL), avg_t: 183.42 us
[tuning] SMs 140, NVL chunk 34: 474.73 GB/s (NVL), avg_t: 188.34 us
[tuning] SMs 140, NVL chunk 36: 467.20 GB/s (NVL), avg_t: 191.37 us
[tuning] SMs 140, NVL chunk 38: 466.10 GB/s (NVL), avg_t: 191.82 us
[tuning] SMs 140, NVL chunk 40: 461.35 GB/s (NVL), avg_t: 193.80 us
[tuning] SMs 140, NVL chunk 42: 458.93 GB/s (NVL), avg_t: 194.82 us
[tuning] SMs 140, NVL chunk 44: 455.47 GB/s (NVL), avg_t: 196.30 us
[tuning] SMs 140, NVL chunk 46: 460.02 GB/s (NVL), avg_t: 194.36 us
[tuning] SMs 140, NVL chunk 48: 462.97 GB/s (NVL), avg_t: 193.12 us
[tuning] SMs 140, NVL chunk 50: 463.91 GB/s (NVL), avg_t: 192.73 us
[tuning] SMs 140, NVL chunk 52: 464.22 GB/s (NVL), avg_t: 192.60 us
[tuning] SMs 140, NVL chunk 54: 462.52 GB/s (NVL), avg_t: 193.30 us
[tuning] SMs 140, NVL chunk 56: 464.57 GB/s (NVL), avg_t: 192.45 us
[tuning] SMs 140, NVL chunk 58: 462.77 GB/s (NVL), avg_t: 193.20 us
[tuning] SMs 140, NVL chunk 60: 462.81 GB/s (NVL), avg_t: 193.18 us
[tuning] SMs 140, NVL chunk 62: 462.41 GB/s (NVL), avg_t: 193.35 us
[tuning] SMs 140, NVL chunk 64: 463.29 GB/s (NVL), avg_t: 192.98 us
[tuning] Best dispatch (BF16): SMs 140, NVL chunk 18, 498.69 GB/s (NVL), t: 179.28 us

[tuning] SMs 140, NVL chunk 10: 454.24 GB/s (NVL), avg_t: 196.83 us
[tuning] SMs 140, NVL chunk 12: 461.35 GB/s (NVL), avg_t: 193.80 us
[tuning] SMs 140, NVL chunk 14: 460.00 GB/s (NVL), avg_t: 194.36 us
[tuning] SMs 140, NVL chunk 16: 471.76 GB/s (NVL), avg_t: 189.52 us
[tuning] SMs 140, NVL chunk 18: 475.55 GB/s (NVL), avg_t: 188.01 us
[tuning] SMs 140, NVL chunk 20: 461.75 GB/s (NVL), avg_t: 193.63 us
[tuning] SMs 140, NVL chunk 22: 455.96 GB/s (NVL), avg_t: 196.09 us
[tuning] SMs 140, NVL chunk 24: 457.24 GB/s (NVL), avg_t: 195.54 us
[tuning] SMs 140, NVL chunk 26: 453.11 GB/s (NVL), avg_t: 197.32 us
[tuning] SMs 140, NVL chunk 28: 453.58 GB/s (NVL), avg_t: 197.12 us
[tuning] SMs 140, NVL chunk 30: 447.90 GB/s (NVL), avg_t: 199.61 us
[tuning] SMs 140, NVL chunk 32: 443.53 GB/s (NVL), avg_t: 201.58 us
[tuning] SMs 140, NVL chunk 34: 445.41 GB/s (NVL), avg_t: 200.73 us
[tuning] SMs 140, NVL chunk 36: 441.91 GB/s (NVL), avg_t: 202.32 us
[tuning] SMs 140, NVL chunk 38: 436.84 GB/s (NVL), avg_t: 204.67 us
[tuning] SMs 140, NVL chunk 40: 433.33 GB/s (NVL), avg_t: 206.33 us
[tuning] SMs 140, NVL chunk 42: 428.24 GB/s (NVL), avg_t: 208.78 us
[tuning] SMs 140, NVL chunk 44: 433.13 GB/s (NVL), avg_t: 206.42 us
[tuning] SMs 140, NVL chunk 46: 430.88 GB/s (NVL), avg_t: 207.50 us
[tuning] SMs 140, NVL chunk 48: 433.38 GB/s (NVL), avg_t: 206.30 us
[tuning] SMs 140, NVL chunk 50: 434.02 GB/s (NVL), avg_t: 206.00 us
[tuning] SMs 140, NVL chunk 52: 437.31 GB/s (NVL), avg_t: 204.45 us
[tuning] SMs 140, NVL chunk 54: 438.20 GB/s (NVL), avg_t: 204.03 us
[tuning] SMs 140, NVL chunk 56: 436.97 GB/s (NVL), avg_t: 204.61 us
[tuning] SMs 140, NVL chunk 58: 435.46 GB/s (NVL), avg_t: 205.32 us
[tuning] SMs 140, NVL chunk 60: 438.47 GB/s (NVL), avg_t: 203.91 us
[tuning] SMs 140, NVL chunk 62: 436.19 GB/s (NVL), avg_t: 204.98 us
[tuning] SMs 140, NVL chunk 64: 436.97 GB/s (NVL), avg_t: 204.61 us
[tuning] Best combine: SMs 140, NVL chunk 18: 475.55 GB/s (NVL), t: 188.01 us


[config] num_tokens=4096, hidden=2048, num_topk=8
[layout] Kernel performance: 0.047 ms

[testing] Running with BF16, without top-k (async=False, previous=False) ... passed
[testing] Running with BF16, with top-k (async=False, previous=False) ... passed
[testing] Running with BF16, without top-k (async=False, previous=False) ... passed
[testing] Running with BF16, with top-k (async=False, previous=False) ... passed
[testing] Running with FP8, without top-k (async=False, previous=False) ... passed
[testing] Running with FP8, with top-k (async=False, previous=False) ... passed
[testing] Running with BF16, without top-k (async=True, previous=False) ... passed
[testing] Running with BF16, with top-k (async=True, previous=False) ... passed
[testing] Running with BF16, without top-k (async=True, previous=False) ... passed
[testing] Running with BF16, with top-k (async=True, previous=False) ... passed
[testing] Running with FP8, without top-k (async=True, previous=False) ... passed
[testing] Running with FP8, with top-k (async=True, previous=False) ... passed
[testing] Running with BF16, without top-k (async=False, previous=True) ... passed
[testing] Running with BF16, with top-k (async=False, previous=True) ... passed
[testing] Running with BF16, without top-k (async=False, previous=True) ... passed
[testing] Running with BF16, with top-k (async=False, previous=True) ... passed
[testing] Running with FP8, without top-k (async=False, previous=True) ... passed
[testing] Running with FP8, with top-k (async=False, previous=True) ... passed
[testing] Running with BF16, without top-k (async=True, previous=True) ... passed
[testing] Running with BF16, with top-k (async=True, previous=True) ... passed
[testing] Running with BF16, without top-k (async=True, previous=True) ... passed
[testing] Running with BF16, with top-k (async=True, previous=True) ... passed
[testing] Running with FP8, without top-k (async=True, previous=True) ... passed
[testing] Running with FP8, with top-k (async=True, previous=True) ... passed

[tuning] SMs 142, NVL chunk 10: 475.11 GB/s (NVL), avg_t: 189.17 us
[tuning] SMs 142, NVL chunk 12: 493.14 GB/s (NVL), avg_t: 182.26 us
[tuning] SMs 142, NVL chunk 14: 495.54 GB/s (NVL), avg_t: 181.37 us
[tuning] SMs 142, NVL chunk 16: 502.96 GB/s (NVL), avg_t: 178.70 us
[tuning] SMs 142, NVL chunk 18: 501.87 GB/s (NVL), avg_t: 179.09 us
[tuning] SMs 142, NVL chunk 20: 494.96 GB/s (NVL), avg_t: 181.59 us
[tuning] SMs 142, NVL chunk 22: 501.78 GB/s (NVL), avg_t: 179.12 us
[tuning] SMs 142, NVL chunk 24: 500.83 GB/s (NVL), avg_t: 179.46 us
[tuning] SMs 142, NVL chunk 26: 499.08 GB/s (NVL), avg_t: 180.09 us
[tuning] SMs 142, NVL chunk 28: 496.32 GB/s (NVL), avg_t: 181.09 us
[tuning] SMs 142, NVL chunk 30: 488.77 GB/s (NVL), avg_t: 183.89 us
[tuning] SMs 142, NVL chunk 32: 486.63 GB/s (NVL), avg_t: 184.69 us
[tuning] SMs 142, NVL chunk 34: 478.66 GB/s (NVL), avg_t: 187.77 us
[tuning] SMs 142, NVL chunk 36: 470.14 GB/s (NVL), avg_t: 191.17 us
[tuning] SMs 142, NVL chunk 38: 467.19 GB/s (NVL), avg_t: 192.38 us
[tuning] SMs 142, NVL chunk 40: 463.14 GB/s (NVL), avg_t: 194.06 us
[tuning] SMs 142, NVL chunk 42: 461.88 GB/s (NVL), avg_t: 194.59 us
[tuning] SMs 142, NVL chunk 44: 457.23 GB/s (NVL), avg_t: 196.57 us
[tuning] SMs 142, NVL chunk 46: 457.07 GB/s (NVL), avg_t: 196.64 us
[tuning] SMs 142, NVL chunk 48: 460.87 GB/s (NVL), avg_t: 195.02 us
[tuning] SMs 142, NVL chunk 50: 459.34 GB/s (NVL), avg_t: 195.67 us
[tuning] SMs 142, NVL chunk 52: 459.66 GB/s (NVL), avg_t: 195.53 us
[tuning] SMs 142, NVL chunk 54: 463.26 GB/s (NVL), avg_t: 194.01 us
[tuning] SMs 142, NVL chunk 56: 461.28 GB/s (NVL), avg_t: 194.85 us
[tuning] SMs 142, NVL chunk 58: 461.06 GB/s (NVL), avg_t: 194.94 us
[tuning] SMs 142, NVL chunk 60: 461.75 GB/s (NVL), avg_t: 194.65 us
[tuning] SMs 142, NVL chunk 62: 461.76 GB/s (NVL), avg_t: 194.64 us
[tuning] SMs 142, NVL chunk 64: 460.63 GB/s (NVL), avg_t: 195.12 us
[tuning] Best dispatch (BF16): SMs 142, NVL chunk 16, 502.96 GB/s (NVL), t: 178.70 us

[tuning] SMs 142, NVL chunk 10: 438.61 GB/s (NVL), avg_t: 204.91 us
[tuning] SMs 142, NVL chunk 12: 440.03 GB/s (NVL), avg_t: 204.25 us
[tuning] SMs 142, NVL chunk 14: 445.60 GB/s (NVL), avg_t: 201.70 us
[tuning] SMs 142, NVL chunk 16: 453.69 GB/s (NVL), avg_t: 198.10 us
[tuning] SMs 142, NVL chunk 18: 451.98 GB/s (NVL), avg_t: 198.85 us
[tuning] SMs 142, NVL chunk 20: 443.91 GB/s (NVL), avg_t: 202.47 us
[tuning] SMs 142, NVL chunk 22: 439.73 GB/s (NVL), avg_t: 204.40 us
[tuning] SMs 142, NVL chunk 24: 435.21 GB/s (NVL), avg_t: 206.52 us
[tuning] SMs 142, NVL chunk 26: 429.57 GB/s (NVL), avg_t: 209.23 us
[tuning] SMs 142, NVL chunk 28: 429.70 GB/s (NVL), avg_t: 209.17 us
[tuning] SMs 142, NVL chunk 30: 425.88 GB/s (NVL), avg_t: 211.04 us
[tuning] SMs 142, NVL chunk 32: 421.54 GB/s (NVL), avg_t: 213.21 us
[tuning] SMs 142, NVL chunk 34: 421.43 GB/s (NVL), avg_t: 213.27 us
[tuning] SMs 142, NVL chunk 36: 419.67 GB/s (NVL), avg_t: 214.16 us
[tuning] SMs 142, NVL chunk 38: 414.35 GB/s (NVL), avg_t: 216.92 us
[tuning] SMs 142, NVL chunk 40: 411.72 GB/s (NVL), avg_t: 218.30 us
[tuning] SMs 142, NVL chunk 42: 409.49 GB/s (NVL), avg_t: 219.49 us
[tuning] SMs 142, NVL chunk 44: 410.49 GB/s (NVL), avg_t: 218.95 us
[tuning] SMs 142, NVL chunk 46: 412.22 GB/s (NVL), avg_t: 218.03 us
[tuning] SMs 142, NVL chunk 48: 414.06 GB/s (NVL), avg_t: 217.06 us
[tuning] SMs 142, NVL chunk 50: 413.09 GB/s (NVL), avg_t: 217.58 us
[tuning] SMs 142, NVL chunk 52: 415.63 GB/s (NVL), avg_t: 216.25 us
[tuning] SMs 142, NVL chunk 54: 414.83 GB/s (NVL), avg_t: 216.66 us
[tuning] SMs 142, NVL chunk 56: 415.93 GB/s (NVL), avg_t: 216.09 us
[tuning] SMs 142, NVL chunk 58: 413.97 GB/s (NVL), avg_t: 217.11 us
[tuning] SMs 142, NVL chunk 60: 414.37 GB/s (NVL), avg_t: 216.90 us
[tuning] SMs 142, NVL chunk 62: 414.98 GB/s (NVL), avg_t: 216.59 us
[tuning] SMs 142, NVL chunk 64: 414.58 GB/s (NVL), avg_t: 216.80 us
[tuning] Best combine: SMs 142, NVL chunk 16: 453.69 GB/s (NVL), t: 198.10 us


[config] num_tokens=4096, hidden=2048, num_topk=8
[layout] Kernel performance: 0.048 ms

[testing] Running with BF16, without top-k (async=False, previous=False) ... passed
[testing] Running with BF16, with top-k (async=False, previous=False) ... passed
[testing] Running with BF16, without top-k (async=False, previous=False) ... passed
[testing] Running with BF16, with top-k (async=False, previous=False) ... passed
[testing] Running with FP8, without top-k (async=False, previous=False) ... passed
[testing] Running with FP8, with top-k (async=False, previous=False) ... passed
[testing] Running with BF16, without top-k (async=True, previous=False) ... passed
[testing] Running with BF16, with top-k (async=True, previous=False) ... passed
[testing] Running with BF16, without top-k (async=True, previous=False) ... passed
[testing] Running with BF16, with top-k (async=True, previous=False) ... passed
[testing] Running with FP8, without top-k (async=True, previous=False) ... passed
[testing] Running with FP8, with top-k (async=True, previous=False) ... passed
[testing] Running with BF16, without top-k (async=False, previous=True) ... passed
[testing] Running with BF16, with top-k (async=False, previous=True) ... passed
[testing] Running with BF16, without top-k (async=False, previous=True) ... passed
[testing] Running with BF16, with top-k (async=False, previous=True) ... passed
[testing] Running with FP8, without top-k (async=False, previous=True) ... passed
[testing] Running with FP8, with top-k (async=False, previous=True) ... passed
[testing] Running with BF16, without top-k (async=True, previous=True) ... passed
[testing] Running with BF16, with top-k (async=True, previous=True) ... passed
[testing] Running with BF16, without top-k (async=True, previous=True) ... passed
[testing] Running with BF16, with top-k (async=True, previous=True) ... passed
[testing] Running with FP8, without top-k (async=True, previous=True) ... passed
[testing] Running with FP8, with top-k (async=True, previous=True) ... passed

[tuning] SMs 144, NVL chunk 10: 476.76 GB/s (NVL), avg_t: 187.87 us
[tuning] SMs 144, NVL chunk 12: 490.49 GB/s (NVL), avg_t: 182.61 us
[tuning] SMs 144, NVL chunk 14: 495.90 GB/s (NVL), avg_t: 180.62 us
[tuning] SMs 144, NVL chunk 16: 502.79 GB/s (NVL), avg_t: 178.14 us
[tuning] SMs 144, NVL chunk 18: 500.91 GB/s (NVL), avg_t: 178.81 us
[tuning] SMs 144, NVL chunk 20: 492.55 GB/s (NVL), avg_t: 181.84 us
[tuning] SMs 144, NVL chunk 22: 498.96 GB/s (NVL), avg_t: 179.51 us
[tuning] SMs 144, NVL chunk 24: 500.68 GB/s (NVL), avg_t: 178.89 us
[tuning] SMs 144, NVL chunk 26: 498.57 GB/s (NVL), avg_t: 179.65 us
[tuning] SMs 144, NVL chunk 28: 493.32 GB/s (NVL), avg_t: 181.56 us
[tuning] SMs 144, NVL chunk 30: 485.83 GB/s (NVL), avg_t: 184.36 us
[tuning] SMs 144, NVL chunk 32: 483.89 GB/s (NVL), avg_t: 185.10 us
[tuning] SMs 144, NVL chunk 34: 475.49 GB/s (NVL), avg_t: 188.37 us
[tuning] SMs 144, NVL chunk 36: 468.42 GB/s (NVL), avg_t: 191.21 us
[tuning] SMs 144, NVL chunk 38: 465.81 GB/s (NVL), avg_t: 192.28 us
[tuning] SMs 144, NVL chunk 40: 462.45 GB/s (NVL), avg_t: 193.68 us
[tuning] SMs 144, NVL chunk 42: 461.94 GB/s (NVL), avg_t: 193.89 us
[tuning] SMs 144, NVL chunk 44: 458.89 GB/s (NVL), avg_t: 195.18 us
[tuning] SMs 144, NVL chunk 46: 461.90 GB/s (NVL), avg_t: 193.91 us
[tuning] SMs 144, NVL chunk 48: 465.36 GB/s (NVL), avg_t: 192.47 us
[tuning] SMs 144, NVL chunk 50: 464.06 GB/s (NVL), avg_t: 193.01 us
[tuning] SMs 144, NVL chunk 52: 465.39 GB/s (NVL), avg_t: 192.46 us
[tuning] SMs 144, NVL chunk 54: 464.81 GB/s (NVL), avg_t: 192.70 us
[tuning] SMs 144, NVL chunk 56: 464.80 GB/s (NVL), avg_t: 192.70 us
[tuning] SMs 144, NVL chunk 58: 466.35 GB/s (NVL), avg_t: 192.06 us
[tuning] SMs 144, NVL chunk 60: 465.26 GB/s (NVL), avg_t: 192.51 us
[tuning] SMs 144, NVL chunk 62: 466.28 GB/s (NVL), avg_t: 192.09 us
[tuning] SMs 144, NVL chunk 64: 465.10 GB/s (NVL), avg_t: 192.58 us
[tuning] Best dispatch (BF16): SMs 144, NVL chunk 16, 502.79 GB/s (NVL), t: 178.14 us

[tuning] SMs 144, NVL chunk 10: 454.97 GB/s (NVL), avg_t: 196.87 us
[tuning] SMs 144, NVL chunk 12: 461.16 GB/s (NVL), avg_t: 194.22 us
[tuning] SMs 144, NVL chunk 14: 461.65 GB/s (NVL), avg_t: 194.02 us
[tuning] SMs 144, NVL chunk 16: 477.38 GB/s (NVL), avg_t: 187.62 us
[tuning] SMs 144, NVL chunk 18: 473.77 GB/s (NVL), avg_t: 189.05 us
[tuning] SMs 144, NVL chunk 20: 464.93 GB/s (NVL), avg_t: 192.65 us
[tuning] SMs 144, NVL chunk 22: 461.63 GB/s (NVL), avg_t: 194.02 us
[tuning] SMs 144, NVL chunk 24: 458.86 GB/s (NVL), avg_t: 195.19 us
[tuning] SMs 144, NVL chunk 26: 452.08 GB/s (NVL), avg_t: 198.12 us
[tuning] SMs 144, NVL chunk 28: 453.50 GB/s (NVL), avg_t: 197.50 us
[tuning] SMs 144, NVL chunk 30: 449.61 GB/s (NVL), avg_t: 199.21 us
[tuning] SMs 144, NVL chunk 32: 445.81 GB/s (NVL), avg_t: 200.91 us
[tuning] SMs 144, NVL chunk 34: 444.33 GB/s (NVL), avg_t: 201.58 us
[tuning] SMs 144, NVL chunk 36: 442.26 GB/s (NVL), avg_t: 202.52 us
[tuning] SMs 144, NVL chunk 38: 437.11 GB/s (NVL), avg_t: 204.91 us
[tuning] SMs 144, NVL chunk 40: 435.20 GB/s (NVL), avg_t: 205.81 us
[tuning] SMs 144, NVL chunk 42: 432.33 GB/s (NVL), avg_t: 207.17 us
[tuning] SMs 144, NVL chunk 44: 436.59 GB/s (NVL), avg_t: 205.15 us
[tuning] SMs 144, NVL chunk 46: 436.54 GB/s (NVL), avg_t: 205.18 us
[tuning] SMs 144, NVL chunk 48: 437.50 GB/s (NVL), avg_t: 204.72 us
[tuning] SMs 144, NVL chunk 50: 437.69 GB/s (NVL), avg_t: 204.64 us
[tuning] SMs 144, NVL chunk 52: 439.09 GB/s (NVL), avg_t: 203.98 us
[tuning] SMs 144, NVL chunk 54: 439.25 GB/s (NVL), avg_t: 203.91 us
[tuning] SMs 144, NVL chunk 56: 437.20 GB/s (NVL), avg_t: 204.87 us
[tuning] SMs 144, NVL chunk 58: 437.67 GB/s (NVL), avg_t: 204.64 us
[tuning] SMs 144, NVL chunk 60: 440.09 GB/s (NVL), avg_t: 203.52 us
[tuning] SMs 144, NVL chunk 62: 439.37 GB/s (NVL), avg_t: 203.85 us
[tuning] SMs 144, NVL chunk 64: 439.00 GB/s (NVL), avg_t: 204.03 us
[tuning] Best combine: SMs 144, NVL chunk 16: 477.38 GB/s (NVL), t: 187.62 us


[config] num_tokens=4096, hidden=2048, num_topk=8
[layout] Kernel performance: 0.048 ms

[testing] Running with BF16, without top-k (async=False, previous=False) ... passed
[testing] Running with BF16, with top-k (async=False, previous=False) ... passed
[testing] Running with BF16, without top-k (async=False, previous=False) ... passed
[testing] Running with BF16, with top-k (async=False, previous=False) ... passed
[testing] Running with FP8, without top-k (async=False, previous=False) ... passed
[testing] Running with FP8, with top-k (async=False, previous=False) ... passed
[testing] Running with BF16, without top-k (async=True, previous=False) ... passed
[testing] Running with BF16, with top-k (async=True, previous=False) ... passed
[testing] Running with BF16, without top-k (async=True, previous=False) ... passed
[testing] Running with BF16, with top-k (async=True, previous=False) ... passed
[testing] Running with FP8, without top-k (async=True, previous=False) ... passed
[testing] Running with FP8, with top-k (async=True, previous=False) ... passed
[testing] Running with BF16, without top-k (async=False, previous=True) ... passed
[testing] Running with BF16, with top-k (async=False, previous=True) ... passed
[testing] Running with BF16, without top-k (async=False, previous=True) ... passed
[testing] Running with BF16, with top-k (async=False, previous=True) ... passed
[testing] Running with FP8, without top-k (async=False, previous=True) ... passed
[testing] Running with FP8, with top-k (async=False, previous=True) ... passed
[testing] Running with BF16, without top-k (async=True, previous=True) ... passed
[testing] Running with BF16, with top-k (async=True, previous=True) ... passed
[testing] Running with BF16, without top-k (async=True, previous=True) ... passed
[testing] Running with BF16, with top-k (async=True, previous=True) ... passed
[testing] Running with FP8, without top-k (async=True, previous=True) ... passed
[testing] Running with FP8, with top-k (async=True, previous=True) ... passed

[tuning] SMs 146, NVL chunk 10: 477.86 GB/s (NVL), avg_t: 187.96 us
[tuning] SMs 146, NVL chunk 12: 487.50 GB/s (NVL), avg_t: 184.24 us
[tuning] SMs 146, NVL chunk 14: 496.52 GB/s (NVL), avg_t: 180.89 us
[tuning] SMs 146, NVL chunk 16: 502.98 GB/s (NVL), avg_t: 178.57 us
[tuning] SMs 146, NVL chunk 18: 502.08 GB/s (NVL), avg_t: 178.89 us
[tuning] SMs 146, NVL chunk 20: 494.31 GB/s (NVL), avg_t: 181.70 us
[tuning] SMs 146, NVL chunk 22: 503.79 GB/s (NVL), avg_t: 178.28 us
[tuning] SMs 146, NVL chunk 24: 500.43 GB/s (NVL), avg_t: 179.48 us
[tuning] SMs 146, NVL chunk 26: 499.47 GB/s (NVL), avg_t: 179.83 us
[tuning] SMs 146, NVL chunk 28: 494.68 GB/s (NVL), avg_t: 181.57 us
[tuning] SMs 146, NVL chunk 30: 486.21 GB/s (NVL), avg_t: 184.73 us
[tuning] SMs 146, NVL chunk 32: 483.49 GB/s (NVL), avg_t: 185.77 us
[tuning] SMs 146, NVL chunk 34: 476.67 GB/s (NVL), avg_t: 188.43 us
[tuning] SMs 146, NVL chunk 36: 469.63 GB/s (NVL), avg_t: 191.25 us
[tuning] SMs 146, NVL chunk 38: 466.52 GB/s (NVL), avg_t: 192.53 us
[tuning] SMs 146, NVL chunk 40: 462.39 GB/s (NVL), avg_t: 194.25 us
[tuning] SMs 146, NVL chunk 42: 463.02 GB/s (NVL), avg_t: 193.98 us
[tuning] SMs 146, NVL chunk 44: 458.77 GB/s (NVL), avg_t: 195.78 us
[tuning] SMs 146, NVL chunk 46: 461.31 GB/s (NVL), avg_t: 194.70 us
[tuning] SMs 146, NVL chunk 48: 464.21 GB/s (NVL), avg_t: 193.48 us
[tuning] SMs 146, NVL chunk 50: 465.97 GB/s (NVL), avg_t: 192.75 us
[tuning] SMs 146, NVL chunk 52: 464.64 GB/s (NVL), avg_t: 193.30 us
[tuning] SMs 146, NVL chunk 54: 466.97 GB/s (NVL), avg_t: 192.34 us
[tuning] SMs 146, NVL chunk 56: 466.21 GB/s (NVL), avg_t: 192.65 us
[tuning] SMs 146, NVL chunk 58: 466.34 GB/s (NVL), avg_t: 192.60 us
[tuning] SMs 146, NVL chunk 60: 467.64 GB/s (NVL), avg_t: 192.06 us
[tuning] SMs 146, NVL chunk 62: 466.42 GB/s (NVL), avg_t: 192.57 us
[tuning] SMs 146, NVL chunk 64: 466.70 GB/s (NVL), avg_t: 192.45 us
[tuning] Best dispatch (BF16): SMs 146, NVL chunk 22, 503.79 GB/s (NVL), t: 178.28 us

[tuning] SMs 146, NVL chunk 10: 435.69 GB/s (NVL), avg_t: 206.15 us
[tuning] SMs 146, NVL chunk 12: 439.01 GB/s (NVL), avg_t: 204.59 us
[tuning] SMs 146, NVL chunk 14: 444.16 GB/s (NVL), avg_t: 202.22 us
[tuning] SMs 146, NVL chunk 16: 450.92 GB/s (NVL), avg_t: 199.18 us
[tuning] SMs 146, NVL chunk 18: 447.40 GB/s (NVL), avg_t: 200.76 us
[tuning] SMs 146, NVL chunk 20: 441.71 GB/s (NVL), avg_t: 203.34 us
[tuning] SMs 146, NVL chunk 22: 435.63 GB/s (NVL), avg_t: 206.18 us
[tuning] SMs 146, NVL chunk 24: 432.04 GB/s (NVL), avg_t: 207.89 us
[tuning] SMs 146, NVL chunk 26: 429.51 GB/s (NVL), avg_t: 209.12 us
[tuning] SMs 146, NVL chunk 28: 427.74 GB/s (NVL), avg_t: 209.98 us
[tuning] SMs 146, NVL chunk 30: 424.59 GB/s (NVL), avg_t: 211.54 us
[tuning] SMs 146, NVL chunk 32: 420.57 GB/s (NVL), avg_t: 213.56 us
[tuning] SMs 146, NVL chunk 34: 418.31 GB/s (NVL), avg_t: 214.72 us
[tuning] SMs 146, NVL chunk 36: 415.73 GB/s (NVL), avg_t: 216.05 us
[tuning] SMs 146, NVL chunk 38: 411.59 GB/s (NVL), avg_t: 218.22 us
[tuning] SMs 146, NVL chunk 40: 410.38 GB/s (NVL), avg_t: 218.86 us
[tuning] SMs 146, NVL chunk 42: 407.47 GB/s (NVL), avg_t: 220.42 us
[tuning] SMs 146, NVL chunk 44: 409.94 GB/s (NVL), avg_t: 219.10 us
[tuning] SMs 146, NVL chunk 46: 411.29 GB/s (NVL), avg_t: 218.38 us
[tuning] SMs 146, NVL chunk 48: 412.67 GB/s (NVL), avg_t: 217.65 us
[tuning] SMs 146, NVL chunk 50: 411.08 GB/s (NVL), avg_t: 218.49 us
[tuning] SMs 146, NVL chunk 52: 412.97 GB/s (NVL), avg_t: 217.49 us
[tuning] SMs 146, NVL chunk 54: 413.36 GB/s (NVL), avg_t: 217.29 us
[tuning] SMs 146, NVL chunk 56: 411.80 GB/s (NVL), avg_t: 218.11 us
[tuning] SMs 146, NVL chunk 58: 412.15 GB/s (NVL), avg_t: 217.92 us
[tuning] SMs 146, NVL chunk 60: 413.97 GB/s (NVL), avg_t: 216.96 us
[tuning] SMs 146, NVL chunk 62: 413.90 GB/s (NVL), avg_t: 217.00 us
[tuning] SMs 146, NVL chunk 64: 412.92 GB/s (NVL), avg_t: 217.52 us
[tuning] Best combine: SMs 146, NVL chunk 16: 450.92 GB/s (NVL), t: 199.18 us


[config] num_tokens=4096, hidden=2048, num_topk=8
[layout] Kernel performance: 0.047 ms

[testing] Running with BF16, without top-k (async=False, previous=False) ... passed
[testing] Running with BF16, with top-k (async=False, previous=False) ... passed
[testing] Running with BF16, without top-k (async=False, previous=False) ... passed
[testing] Running with BF16, with top-k (async=False, previous=False) ... passed
[testing] Running with FP8, without top-k (async=False, previous=False) ... passed
[testing] Running with FP8, with top-k (async=False, previous=False) ... passed
[testing] Running with BF16, without top-k (async=True, previous=False) ... passed
[testing] Running with BF16, with top-k (async=True, previous=False) ... passed
[testing] Running with BF16, without top-k (async=True, previous=False) ... passed
[testing] Running with BF16, with top-k (async=True, previous=False) ... passed
[testing] Running with FP8, without top-k (async=True, previous=False) ... passed
[testing] Running with FP8, with top-k (async=True, previous=False) ... passed
[testing] Running with BF16, without top-k (async=False, previous=True) ... passed
[testing] Running with BF16, with top-k (async=False, previous=True) ... passed
[testing] Running with BF16, without top-k (async=False, previous=True) ... passed
[testing] Running with BF16, with top-k (async=False, previous=True) ... passed
[testing] Running with FP8, without top-k (async=False, previous=True) ... passed
[testing] Running with FP8, with top-k (async=False, previous=True) ... passed
[testing] Running with BF16, without top-k (async=True, previous=True) ... passed
[testing] Running with BF16, with top-k (async=True, previous=True) ... passed
[testing] Running with BF16, without top-k (async=True, previous=True) ... passed
[testing] Running with BF16, with top-k (async=True, previous=True) ... passed
[testing] Running with FP8, without top-k (async=True, previous=True) ... passed
[testing] Running with FP8, with top-k (async=True, previous=True) ... passed

[tuning] SMs 148, NVL chunk 10: 481.40 GB/s (NVL), avg_t: 187.11 us
[tuning] SMs 148, NVL chunk 12: 493.35 GB/s (NVL), avg_t: 182.58 us
[tuning] SMs 148, NVL chunk 14: 499.55 GB/s (NVL), avg_t: 180.31 us
[tuning] SMs 148, NVL chunk 16: 503.63 GB/s (NVL), avg_t: 178.85 us
[tuning] SMs 148, NVL chunk 18: 505.01 GB/s (NVL), avg_t: 178.36 us
[tuning] SMs 148, NVL chunk 20: 500.70 GB/s (NVL), avg_t: 179.90 us
[tuning] SMs 148, NVL chunk 22: 500.58 GB/s (NVL), avg_t: 179.94 us
[tuning] SMs 148, NVL chunk 24: 501.46 GB/s (NVL), avg_t: 179.63 us
[tuning] SMs 148, NVL chunk 26: 498.90 GB/s (NVL), avg_t: 180.55 us
[tuning] SMs 148, NVL chunk 28: 495.32 GB/s (NVL), avg_t: 181.85 us
[tuning] SMs 148, NVL chunk 30: 487.91 GB/s (NVL), avg_t: 184.62 us
[tuning] SMs 148, NVL chunk 32: 482.65 GB/s (NVL), avg_t: 186.63 us
[tuning] SMs 148, NVL chunk 34: 476.34 GB/s (NVL), avg_t: 189.10 us
[tuning] SMs 148, NVL chunk 36: 471.73 GB/s (NVL), avg_t: 190.95 us
[tuning] SMs 148, NVL chunk 38: 466.76 GB/s (NVL), avg_t: 192.98 us
[tuning] SMs 148, NVL chunk 40: 461.47 GB/s (NVL), avg_t: 195.19 us
[tuning] SMs 148, NVL chunk 42: 465.34 GB/s (NVL), avg_t: 193.57 us
[tuning] SMs 148, NVL chunk 44: 465.04 GB/s (NVL), avg_t: 193.69 us
[tuning] SMs 148, NVL chunk 46: 463.32 GB/s (NVL), avg_t: 194.41 us
[tuning] SMs 148, NVL chunk 48: 466.92 GB/s (NVL), avg_t: 192.91 us
[tuning] SMs 148, NVL chunk 50: 465.66 GB/s (NVL), avg_t: 193.43 us
[tuning] SMs 148, NVL chunk 52: 467.03 GB/s (NVL), avg_t: 192.87 us
[tuning] SMs 148, NVL chunk 54: 466.53 GB/s (NVL), avg_t: 193.07 us
[tuning] SMs 148, NVL chunk 56: 465.48 GB/s (NVL), avg_t: 193.51 us
[tuning] SMs 148, NVL chunk 58: 467.86 GB/s (NVL), avg_t: 192.52 us
[tuning] SMs 148, NVL chunk 60: 467.93 GB/s (NVL), avg_t: 192.50 us
[tuning] SMs 148, NVL chunk 62: 467.37 GB/s (NVL), avg_t: 192.73 us
[tuning] SMs 148, NVL chunk 64: 467.66 GB/s (NVL), avg_t: 192.61 us
[tuning] Best dispatch (BF16): SMs 148, NVL chunk 18, 505.01 GB/s (NVL), t: 178.36 us

[tuning] SMs 148, NVL chunk 10: 454.56 GB/s (NVL), avg_t: 198.16 us
[tuning] SMs 148, NVL chunk 12: 463.39 GB/s (NVL), avg_t: 194.38 us
[tuning] SMs 148, NVL chunk 14: 467.74 GB/s (NVL), avg_t: 192.58 us
[tuning] SMs 148, NVL chunk 16: 479.06 GB/s (NVL), avg_t: 188.02 us
[tuning] SMs 148, NVL chunk 18: 471.84 GB/s (NVL), avg_t: 190.90 us
[tuning] SMs 148, NVL chunk 20: 460.47 GB/s (NVL), avg_t: 195.61 us
[tuning] SMs 148, NVL chunk 22: 465.91 GB/s (NVL), avg_t: 193.33 us
[tuning] SMs 148, NVL chunk 24: 459.44 GB/s (NVL), avg_t: 196.05 us
[tuning] SMs 148, NVL chunk 26: 454.47 GB/s (NVL), avg_t: 198.20 us
[tuning] SMs 148, NVL chunk 28: 453.84 GB/s (NVL), avg_t: 198.47 us
[tuning] SMs 148, NVL chunk 30: 450.08 GB/s (NVL), avg_t: 200.13 us
[tuning] SMs 148, NVL chunk 32: 446.75 GB/s (NVL), avg_t: 201.62 us
[tuning] SMs 148, NVL chunk 34: 441.82 GB/s (NVL), avg_t: 203.87 us
[tuning] SMs 148, NVL chunk 36: 439.93 GB/s (NVL), avg_t: 204.75 us
[tuning] SMs 148, NVL chunk 38: 435.68 GB/s (NVL), avg_t: 206.75 us
[tuning] SMs 148, NVL chunk 40: 432.79 GB/s (NVL), avg_t: 208.13 us
[tuning] SMs 148, NVL chunk 42: 434.41 GB/s (NVL), avg_t: 207.35 us
[tuning] SMs 148, NVL chunk 44: 434.66 GB/s (NVL), avg_t: 207.23 us
[tuning] SMs 148, NVL chunk 46: 434.82 GB/s (NVL), avg_t: 207.16 us
[tuning] SMs 148, NVL chunk 48: 439.89 GB/s (NVL), avg_t: 204.77 us
[tuning] SMs 148, NVL chunk 50: 438.45 GB/s (NVL), avg_t: 205.44 us
[tuning] SMs 148, NVL chunk 52: 437.23 GB/s (NVL), avg_t: 206.01 us
[tuning] SMs 148, NVL chunk 54: 436.80 GB/s (NVL), avg_t: 206.22 us
[tuning] SMs 148, NVL chunk 56: 439.19 GB/s (NVL), avg_t: 205.09 us
[tuning] SMs 148, NVL chunk 58: 439.38 GB/s (NVL), avg_t: 205.01 us
[tuning] SMs 148, NVL chunk 60: 436.78 GB/s (NVL), avg_t: 206.22 us
[tuning] SMs 148, NVL chunk 62: 439.24 GB/s (NVL), avg_t: 205.07 us
[tuning] SMs 148, NVL chunk 64: 439.03 GB/s (NVL), avg_t: 205.17 us
[tuning] Best combine: SMs 148, NVL chunk 16: 479.06 GB/s (NVL), t: 188.02 us


|     | stage    |   num_sms |   nvl_chunk_size |   throughput |   latency |
|----:|:---------|----------:|-----------------:|-------------:|----------:|
|   0 | combine  |       128 |               18 |      488.736 |   184.202 |
|   1 | combine  |       132 |               18 |      482.018 |   186.752 |
|   2 | combine  |       136 |               18 |      478.543 |   187.603 |
|   3 | combine  |       144 |               16 |      477.385 |   187.621 |
|   4 | combine  |       140 |               18 |      475.549 |   188.009 |
|   5 | combine  |       148 |               16 |      479.06  |   188.025 |
|   6 | combine  |       124 |               20 |      476.024 |   189.37  |
|   7 | combine  |       120 |               20 |      461.201 |   192.632 |
|   8 | combine  |       116 |               14 |      463.365 |   192.696 |
|   9 | combine  |       112 |               20 |      460.934 |   194.734 |
|  10 | combine  |       108 |               16 |      456.571 |   195.16  |
|  11 | combine  |       130 |               18 |      456.199 |   195.858 |
|  12 | combine  |       104 |               16 |      455.944 |   195.976 |
|  13 | combine  |        96 |               20 |      455.45  |   196.324 |
|  14 | combine  |       100 |               18 |      453.327 |   196.909 |
|  15 | combine  |       134 |               18 |      456.167 |   197.461 |
|  16 | combine  |       138 |               18 |      454.167 |   198.024 |
|  17 | combine  |       142 |               16 |      453.695 |   198.104 |
|  18 | combine  |        92 |               18 |      451.98  |   198.574 |
|  19 | combine  |       146 |               16 |      450.924 |   199.184 |
|  20 | combine  |       126 |               18 |      450.14  |   199.304 |
|  21 | combine  |        84 |               16 |      445.653 |   200.419 |
|  22 | combine  |        88 |               20 |      442.762 |   200.59  |
|  23 | combine  |        80 |               16 |      442.522 |   201.337 |
|  24 | combine  |        72 |               18 |      445.714 |   201.568 |
|  25 | combine  |       118 |               14 |      444.469 |   201.921 |
|  26 | combine  |        76 |               18 |      442.008 |   201.998 |
|  27 | combine  |       122 |               18 |      446.887 |   202.423 |
|  28 | combine  |        64 |               18 |      437.674 |   203.099 |
|  29 | combine  |       114 |               20 |      439.149 |   203.154 |
|  30 | combine  |       110 |               14 |      442.174 |   203.478 |
|  31 | combine  |        94 |               18 |      437.87  |   204.505 |
|  32 | combine  |       102 |               16 |      438.26  |   204.557 |
|  33 | combine  |       106 |               20 |      436.211 |   204.664 |
|  34 | combine  |        98 |               18 |      436.88  |   204.819 |
|  35 | combine  |        68 |               18 |      439.617 |   205.016 |
|  36 | combine  |        60 |               18 |      435.063 |   205.025 |
|  37 | combine  |        56 |               20 |      431.746 |   207.843 |
|  38 | combine  |        90 |               20 |      429.988 |   208.445 |
|  39 | combine  |        82 |               16 |      431.012 |   209.032 |
|  40 | combine  |        86 |               20 |      425.406 |   209.332 |
|  41 | combine  |        52 |               24 |      424.323 |   210.446 |
|  42 | combine  |        74 |               14 |      424.363 |   210.879 |
|  43 | combine  |        78 |               16 |      425.502 |   211.143 |
|  44 | combine  |        62 |               18 |      423.258 |   213.191 |
|  45 | combine  |        70 |               18 |      420.632 |   213.247 |
|  46 | combine  |        66 |               16 |      417.241 |   214.017 |
|  47 | combine  |        58 |               18 |      417.117 |   214.14  |
|  48 | combine  |        48 |               32 |      418.821 |   214.413 |
|  49 | combine  |        54 |               20 |      411.918 |   216.992 |
|  50 | combine  |        50 |               20 |      409.37  |   217.962 |
|  51 | combine  |        44 |               32 |      409.396 |   219.199 |
|  52 | combine  |        46 |               20 |      402.114 |   221.793 |
|  53 | combine  |        40 |               38 |      401.762 |   223.16  |
|  54 | combine  |        42 |               24 |      392.124 |   229.293 |
|  55 | dispatch |       132 |               18 |      506.855 |   177.601 |
|  56 | dispatch |       130 |               18 |      503.077 |   177.607 |
|  57 | dispatch |       134 |               18 |      506.011 |   178.01  |
|  58 | dispatch |       144 |               16 |      502.793 |   178.139 |
|  59 | dispatch |       124 |               28 |      505.87  |   178.198 |
|  60 | dispatch |       128 |               18 |      505.092 |   178.237 |
|  61 | dispatch |       146 |               22 |      503.787 |   178.284 |
|  62 | dispatch |       148 |               18 |      505.009 |   178.363 |
|  63 | dispatch |       138 |               18 |      503.798 |   178.516 |
|  64 | dispatch |       142 |               16 |      502.962 |   178.698 |
|  65 | dispatch |       122 |               18 |      506.145 |   178.724 |
|  66 | dispatch |       136 |               18 |      502.229 |   178.755 |
|  67 | dispatch |       126 |               28 |      501.06  |   179.05  |
|  68 | dispatch |       140 |               18 |      498.691 |   179.284 |
|  69 | dispatch |       118 |               20 |      498.03  |   180.205 |
|  70 | dispatch |       114 |               22 |      494.741 |   180.327 |
|  71 | dispatch |       116 |               22 |      494.955 |   180.398 |
|  72 | dispatch |       110 |               20 |      498.321 |   180.552 |
|  73 | dispatch |       120 |               28 |      491.976 |   180.583 |
|  74 | dispatch |       112 |               22 |      496.57  |   180.76  |
|  75 | dispatch |       106 |               22 |      492.942 |   181.11  |
|  76 | dispatch |       108 |               22 |      491.152 |   181.419 |
|  77 | dispatch |       100 |               22 |      491.036 |   181.787 |
|  78 | dispatch |       102 |               24 |      492.538 |   182.015 |
|  79 | dispatch |       104 |               22 |      490.284 |   182.25  |
|  80 | dispatch |        98 |               22 |      488.827 |   183.053 |
|  81 | dispatch |        94 |               24 |      486.55  |   184.044 |
|  82 | dispatch |        96 |               22 |      484.915 |   184.394 |
|  83 | dispatch |        92 |               24 |      483.32  |   185.698 |
|  84 | dispatch |        90 |               24 |      481.58  |   186.114 |
|  85 | dispatch |        86 |               40 |      477.304 |   186.571 |
|  86 | dispatch |        88 |               24 |      473.595 |   187.53  |
|  87 | dispatch |        84 |               26 |      473.763 |   188.528 |
|  88 | dispatch |        78 |               16 |      473.594 |   189.702 |
|  89 | dispatch |        82 |               16 |      473.362 |   190.331 |
|  90 | dispatch |        76 |               16 |      468.394 |   190.619 |
|  91 | dispatch |        80 |               14 |      467.127 |   190.732 |
|  92 | dispatch |        54 |               40 |      468.245 |   190.889 |
|  93 | dispatch |        74 |               16 |      468.598 |   190.973 |
|  94 | dispatch |        50 |               42 |      462.965 |   192.73  |
|  95 | dispatch |        60 |               24 |      462.299 |   192.946 |
|  96 | dispatch |        72 |               16 |      465.583 |   192.966 |
|  97 | dispatch |        52 |               40 |      461.612 |   193.446 |
|  98 | dispatch |        58 |               26 |      461.68  |   193.471 |
|  99 | dispatch |        70 |               18 |      462.194 |   194.071 |
| 100 | dispatch |        56 |               28 |      462.222 |   194.139 |
| 101 | dispatch |        64 |               24 |      457.603 |   194.254 |
| 102 | dispatch |        68 |               16 |      463.542 |   194.434 |
| 103 | dispatch |        62 |               22 |      462.831 |   194.963 |
| 104 | dispatch |        66 |               18 |      456.924 |   195.431 |
| 105 | dispatch |        48 |               46 |      455.79  |   197.022 |
| 106 | dispatch |        46 |               46 |      448.543 |   198.836 |
| 107 | dispatch |        44 |               48 |      442.483 |   202.808 |
| 108 | dispatch |        42 |               52 |      432.571 |   207.853 |
| 109 | dispatch |        40 |               54 |      419.977 |   213.482 |
Writing results to tuned_results/h2048_tok4096_expt128_topk8_sms40-148_dispatch-nvl10-64_combine-nvl10-64.json
